date,MOVERetsTrailing
2017-02-15,-0.14619139963196393
2017-02-16,-0.10702978888253423
2017-02-17,-0.08782673597994317
2017-02-21,-0.08660176108988193
2017-02-22,-0.07438446159767365
2017-02-23,-0.0630289495812083
2017-02-24,-0.04088117244324463
2017-02-27,-0.03868653720980697
2017-03-02,-0.06659686847739277
2017-03-03,-0.1102530464301652
2017-03-06,-0.11539403021004213
2017-03-07,-0.15690590522981385
2017-03-08,-0.1316238558542585
2017-03-09,-0.08390141583639221
2017-03-10,-0.10366490621594882
2017-03-13,-0.14824172444534411
2017-03-14,-0.12735091251820752
2017-03-15,-0.1463919753642242
2017-03-16,-0.16470371987860233
2017-03-17,-0.16263740203791466
2017-03-20,-0.15560477598118516
2017-03-21,-0.11138522176505339
2017-03-23,-0.03224379986852588
2017-03-24,-0.04593335149153854
2017-03-27,-0.07913618334067862
2017-03-28,-0.09879768702040237
2017-03-29,-0.11494619647749749
2017-03-30,-0.12484453138239981
2017-03-31,-0.11811804976419671
2017-04-03,-0.08961821596216213
2017-04-04,-0.01142349509494911
2017-04-05,-0.06616610337418549
2017-04-06,-0.021939157885988103
2017-04-07,-0.0008963676737221427
2017-04-10,-0.011050680958149206
2017-04-11,0.027935199079267337
2017-04-12,0.05116931644917222
2017-04-13,0.0506918357875672
2017-04-17,0.020388558938149837
2017-04-18,0.10761396628513231
2017-04-19,0.1179792630462102
2017-04-20,0.11847427570196079
2017-04-21,0.1583004801124166
2017-04-24,-0.08543216943331433
2017-04-25,-0.07883149360192976
2017-04-26,-0.07135087206113577
2017-04-27,-0.08227578165751281
2017-04-28,-0.0231661798117494
2017-05-01,-0.01721385116074381
2017-05-02,-0.00654791705093416
2017-05-03,-0.00720721021949311
2017-05-04,-0.03306204101733823
2017-05-05,-0.09955410262386377
2017-05-08,-0.14027468759406325
2017-05-09,-0.11905741889373866
2017-05-10,-0.11171911949624613
2017-05-11,-0.10739540775774614
2017-05-12,-0.08572999318952002
2017-05-15,-0.06539514025835813
2017-05-16,-0.09359933363820472
2017-05-17,-0.03379566653336552
2017-05-18,-0.074338502683029
2017-05-19,-0.15278618197908067
2017-05-22,-0.19205158155670976
2017-05-24,-0.20572343727416986
2017-05-25,-0.23014094687387066
2017-05-26,-0.2638125045966774
2017-05-31,-0.27567809227935414
2017-06-01,-0.23901162397402365
2017-06-02,-0.2625427836621992
2017-06-05,-0.27526707034903763
2017-06-06,-0.27941361647853047
2017-06-07,-0.28974371935500176
2017-06-08,-0.1507849580138736
2017-06-09,-0.15723054621956534
2017-06-12,-0.1417143663367474
2017-06-13,-0.13631097759745625
2017-06-14,-0.13253312289737096
2017-06-15,-0.1314241076915048
2017-06-16,-0.1465436642132485
2017-06-19,-0.13107065876330326
2017-06-20,-0.14122575748497013
2017-06-21,-0.12068108207519213
2017-06-22,-0.07721821676397078
2017-06-23,-0.07357439202612093
2017-06-26,-0.0910688390653791
2017-06-27,-0.04340059118365247
2017-06-28,-0.05749620814374057
2017-06-29,-0.0364502999331916
2017-06-30,-0.004991251795138818
2017-07-03,-0.11700803331580822
2017-07-05,-0.043096841576973466
2017-07-06,-0.01504025954261845
2017-07-07,0.005101498182027875
2017-07-10,-0.022583989207032973
2017-07-11,-0.020165647706834045
2017-07-12,-0.02995404493384235
2017-07-13,-0.03225710785176883
2017-07-14,-0.054963859304076323
2017-07-17,-0.06948600565728746
2017-07-18,-0.06506734292625671
2017-07-19,-0.0932455462920686
2017-07-20,-0.14234409814795557
2017-07-21,-0.11689428370425792
2017-07-24,-0.1058168340379545
2017-07-25,-0.05242735519781638
2017-07-26,-0.0848116039647655
2017-07-27,-0.07272622809537499
2017-07-28,-0.05938231691243734
2017-07-31,-0.06499896084018486
2017-08-01,-0.031557833741921115
2017-08-02,-0.05519667412855778
2017-08-03,-0.0718085569927166
2017-08-04,-0.0752780070328054
2017-08-07,-0.0829829448272491
2017-08-08,-0.05364236689371693
2017-08-09,-0.04678416447389877
2017-08-10,-0.00960800482971269
2017-08-11,-0.04750875844973146
2017-08-14,-0.10726710020445462
2017-08-15,-0.1198319063105715
2017-08-16,-0.14123181600722934
2017-08-17,-0.14245080774153684
2017-08-18,-0.100412684349381
2017-08-21,-0.021082383206305066
2017-08-22,-0.03613923610654446
2017-08-23,-0.0067075182563886004
2017-08-24,0.005351403737938298
2017-08-25,-0.009292682257678986
2017-08-28,-0.022825041348263353
2017-08-29,0.03742557872005481
2017-08-30,0.06837943353530673
2017-08-31,0.08792815105130791
2017-09-01,0.041896909997513054
2017-09-05,0.13451271695856915
2017-09-06,0.06748578874961164
2017-09-07,0.14227221873261797
2017-09-11,0.07155868940220089
2017-09-12,0.06421301858060424
2017-09-13,0.06717008569202787
2017-09-14,0.015144450603436832
2017-09-15,0.038680878648384764
2017-09-18,0.04659780134489755
2017-09-19,0.05451888322790377
2017-09-20,0.04778064601394516
2017-09-21,0.02064003109736512
2017-09-22,0.017132617209129064
2017-09-25,-0.01715066975874835
2017-09-26,-0.02743322718315322
2017-09-27,0.056413398029892425
2017-09-28,0.06633274115015131
2017-09-29,0.09096836358459393
2017-10-02,0.11496505042811678
2017-10-03,0.08847207435673532
2017-10-04,0.04680920547103118
2017-10-05,0.08348342728825053
2017-10-06,0.055671825198724934
2017-10-10,0.02658411125928728
2017-10-11,0.04216776909200237
2017-10-12,0.06062119326740456
2017-10-13,-0.010748316259235668
2017-10-17,-0.048992377368737516
2017-10-18,-0.016475295857120376
2017-10-19,0.041446019038063886
2017-10-20,0.012451728218853209
2017-10-23,0.022268036561606364
2017-10-24,0.035641283900878395
2017-10-25,0.1055253911256826
2017-10-26,0.11044373834598709
2017-10-27,0.06426400939053045
2017-10-30,0.018935951696173126
2017-10-31,0.010177116990433
2017-11-01,-0.004537235834594311
2017-11-02,-0.022665236008463596
2017-11-03,-0.06762040778129053
2017-11-06,-0.06758748307880813
2017-11-07,-0.12506433554251684
2017-11-08,-0.13981675500225965
2017-11-09,-0.11150498752870963
2017-11-10,-0.09195856967844263
2017-11-13,-0.10556001203248766
2017-11-14,-0.09649703452658331
2017-11-15,-0.1186093956872315
2017-11-16,-0.12553529758699378
2017-11-17,-0.09918392738843917
2017-11-20,-0.13469703511801956
2017-11-21,-0.12535125451288154
2017-11-22,-0.13009089660650197
2017-11-24,-0.12386926566325662
2017-11-27,-0.12601789173877131
2017-11-28,-0.11639518671252636
2017-11-29,-0.07129352594577731
2017-11-30,-0.06883454931227084
2017-12-01,-0.025567718327804467
2017-12-04,-0.09670852027905708
2017-12-05,-0.0898381250080873
2017-12-06,-0.11823639412608111
2017-12-07,-0.1415933832195435
2017-12-08,-0.17187685268495478
2017-12-11,-0.14815756453919904
2017-12-12,-0.09562677139457731
2017-12-13,-0.11952843191882467
2017-12-14,-0.10212055247711527
2017-12-15,-0.04712869174067946
2017-12-18,0.01958324241763032
2017-12-19,0.08681618490950549
2017-12-20,0.13021453168199892
2017-12-21,0.17372445730298214
2017-12-22,0.1198085801098463
2017-12-26,0.03239879210299268
2017-12-27,0.028989787712917492
2017-12-28,-0.03305430484647143
2017-12-29,-0.029201338394676313
2018-01-02,0.029950504900287056
2018-01-03,-0.030223334059920948
2018-01-04,-0.014865792045241966
2018-01-05,-0.04204244169725202
2018-01-08,-0.02083395555024592
2018-01-09,0.02438004622980161
2018-01-10,0.08554894661773993
2018-01-11,0.07252498770366844
2018-01-12,0.04552711620603711
2018-01-16,-0.019490850383645397
2018-01-17,-0.08546872259340177
2018-01-18,-0.004353862591850444
2018-01-22,0.06820845172257628
2018-01-23,0.06542948554189021
2018-01-24,0.09890567432640474
2018-01-25,0.12389402891422163
2018-01-26,0.1945971944576259
2018-01-29,0.1974731852156093
2018-01-30,0.27182978496629295
2018-01-31,0.27567318007748276
2018-02-01,0.2455345028836753
2018-02-02,0.2911219303408057
2018-02-05,0.23390600457129307
2018-02-07,0.32265749020597
2018-02-08,0.3147945391300979
2018-02-12,0.38657967499201096
2018-02-13,0.4126900569223426
2018-02-14,0.4566142887073119
2018-02-15,0.4434166489875264
2018-02-16,0.35269185040840223
2018-02-20,0.225496217359473
2018-02-21,0.2847683927712412
2018-02-22,0.29041197079059566
2018-02-23,0.4023144198646773
2018-02-26,0.3881996914952026
2018-02-27,0.35200830688088036
2018-02-28,0.2808108707280712
2018-03-01,0.3210737319156354
2018-03-02,0.371657641686586
2018-03-05,0.4093203875037026
2018-03-06,0.38399255487943096
2018-03-07,0.30479927495931936
2018-03-08,0.1708960998712823
2018-03-09,0.12213386008080085
2018-03-12,0.07738954450102131
2018-03-13,0.03180256368943479
2018-03-14,0.03979336711308901
2018-03-15,0.030855088981703416
2018-03-16,0.030242716921046187
2018-03-19,0.04871694900141099
2018-03-20,0.0010149580962359739
2018-03-21,-0.07640694900954559
2018-03-22,-0.07416088940095211
2018-03-23,-0.14989125482996546
2018-03-26,-0.1960072515033604
2018-03-27,-0.19448210111328545
2018-03-28,-0.15400586932062033
2018-03-29,-0.15797089358813177
2018-04-02,-0.12016305497106194
2018-04-03,-0.11117986111441636
2018-04-04,-0.08148841439028476
2018-04-05,-0.12162261590405565
2018-04-06,-0.08298837302489437
2018-04-09,-0.1871971814852309
2018-04-10,-0.19278462318356093
2018-04-11,-0.21009303751532904
2018-04-12,-0.18239418167959542
2018-04-13,-0.1966743947876023
2018-04-16,-0.23830101971281437
2018-04-17,-0.2529405128569684
2018-04-18,-0.21256706597859254
2018-04-19,-0.1933455097108452
2018-04-20,-0.1441719534750041
2018-04-23,-0.10475198797969709
2018-04-24,-0.09081411566113773
2018-04-25,0.002316895360217286
2018-04-26,-0.08143643429077174
2018-04-27,-0.11157438696820032
2018-04-30,-0.14665609197272278
2018-05-01,-0.13668577792374725
2018-05-02,-0.1527457266433595
2018-05-03,-0.1128439444950935
2018-05-07,-0.14143774629352823
2018-05-08,-0.13084960734079543
2018-05-09,-0.0948664785799268
2018-05-10,-0.15041629272887214
2018-05-11,-0.19349343241835082
2018-05-14,-0.17426300020156682
2018-05-15,-0.1024021218856963
2018-05-16,-0.015893585802872368
2018-05-17,-0.020885426452946332
2018-05-18,-0.008588660139235427
2018-05-21,-0.05327440509950376
2018-05-22,0.0012074304584805962
2018-05-23,0.035689079600490725
2018-05-24,0.03289326471246379
2018-05-25,0.05064336003884451
2018-05-29,0.23180088614970695
2018-05-30,0.24369031583603062
2018-05-31,0.25243686492569406
2018-06-01,0.1387085097404741
2018-06-04,0.06255124865701611
2018-06-05,0.033340037263734024
2018-06-06,0.06917787459746161
2018-06-07,0.06760140304798767
2018-06-08,0.07921009106669574
2018-06-11,0.08831001659835369
2018-06-12,0.09161325307315105
2018-06-13,0.06824175649590503
2018-06-14,0.013759235585148799
2018-06-15,0.08215393899361056
2018-06-18,0.05853532227198621
2018-06-19,0.09124153715115146
2018-06-20,0.06358014449381089
2018-06-21,0.07519078712855243
2018-06-22,0.10917343875832786
2018-06-25,0.12714684619209726
2018-06-26,0.06117112607002917
2018-06-27,0.007431054324748221
2018-06-28,-0.05443642735098542
2018-06-29,-0.055827625402261494
2018-07-02,-0.0565033063840813
2018-07-03,-0.035116010941727116
2018-07-05,-0.021098844242899095
2018-07-06,-0.0588375537604634
2018-07-09,-0.04736698823637675
2018-07-10,-0.07918661613827527
2018-07-11,-0.1987364577959443
2018-07-12,-0.21482354386509417
2018-07-13,-0.20253601524846465
2018-07-16,-0.1607172651193831
2018-07-17,-0.1409608952540925
2018-07-18,-0.168881030285003
2018-07-19,-0.16529209682877433
2018-07-20,-0.1331543590949016
2018-07-23,-0.13543034018310063
2018-07-24,-0.13007345617529875
2018-07-25,-0.13709699034903222
2018-07-26,-0.084039924820277
2018-07-27,-0.06980735638402236
2018-07-30,-0.06905009956612906
2018-07-31,-0.11128480516750439
2018-08-01,-0.07665458015267179
2018-08-02,-0.0756029166490122
2018-08-03,-0.10211370413416498
2018-08-06,-0.116349241971346
2018-08-07,-0.11107906019162683
2018-08-08,-0.08696448901295983
2018-08-09,-0.10734664562939322
2018-08-10,-0.02878901229594666
2018-08-13,-0.0077352881971384235
2018-08-14,-0.008129159104658168
2018-08-15,0.005915981350015365
2018-08-16,-0.016588810471334425
2018-08-17,0.011177931364628968
2018-08-20,0.025850219661461837
2018-08-21,0.010142256591864518
2018-08-22,-0.016656893354676128
2018-08-23,0.012875492301262836
2018-08-24,0.018147737746341708
2018-08-27,0.033328799372220885
2018-08-28,0.07087220234253899
2018-08-29,0.084725692534392
2018-08-30,0.0699771822764661
2018-08-31,0.03388748888834514
2018-09-04,-0.03759778043983475
2018-09-05,-0.038013683653956964
2018-09-06,0.007533510454350578
2018-09-07,0.0032412904273348975
2018-09-10,-0.023341586236696577
2018-09-11,-0.02917529257251339
2018-09-12,0.006132832155651968
2018-09-13,-0.04810544134029715
2018-09-14,-0.011398605332405554
2018-09-17,-0.01798556623169545
2018-09-18,0.02371511134065485
2018-09-19,0.034878862497322416
2018-09-20,0.05356159177381414
2018-09-21,0.031198988049609078
2018-09-24,-0.045907383340377916
2018-09-25,-0.027436220143660983
2018-09-26,-0.04821568654988595
2018-09-27,-0.1128159440374843
2018-09-28,-0.08783667630269099
2018-10-01,-0.1264466445342628
2018-10-02,-0.11025294950818643
2018-10-03,-0.002190132083646379
2018-10-04,0.10939262805015626
2018-10-05,0.12171558773372237
2018-10-09,0.08725387884298907
2018-10-10,0.12798247070688262
2018-10-11,0.12257719636496867
2018-10-12,0.10741547861507117
2018-10-15,0.016604079009230333
2018-10-16,-0.01044770527137795
2018-10-17,-0.011759318286355236
2018-10-18,0.08759437802453918
2018-10-19,0.06964589238038688
2018-10-22,0.048945786179299455
2018-10-23,0.15353679376828167
2018-10-24,0.20260394301842277
2018-10-25,0.21181688003590593
2018-10-26,0.3614202771420756
2018-10-29,0.2596164383561643
2018-10-30,0.32011570498646624
2018-10-31,0.25352843806418535
2018-11-01,0.19978316739559032
2018-11-02,0.24463971595560996
2018-11-05,0.2266057770086931
2018-11-06,0.22153815579463365
2018-11-08,0.04465838924407595
2018-11-09,0.12868390265496044
2018-11-13,0.1427783818552153
2018-11-14,0.16758730942694844
2018-11-15,0.26960101344256593
2018-11-16,0.3324543319846982
2018-11-19,0.1844127441919754
2018-11-20,0.0802790070950321
2018-11-21,0.04455256267384233
2018-11-23,0.07232224881143723
2018-11-26,-0.07478456014362656
2018-11-27,-0.08620520530696618
2018-11-28,-0.06642868571617744
2018-11-29,-0.0064472947315220575
2018-11-30,0.04488450554903456
2018-12-03,0.027030006348713886
2018-12-04,0.02334758240714363
2018-12-07,0.16717809977461062
2018-12-10,0.16218254335616855
2018-12-11,0.0675829199529574
2018-12-12,0.009264555492000781
2018-12-13,-0.016763757127462697
2018-12-14,-0.10484312127499762
2018-12-17,-0.07296950917535572
2018-12-18,-0.03878600939590149
2018-12-19,-0.018618458800735094
2018-12-20,0.003766558766003625
2018-12-21,0.0032369415136122015
2018-12-24,0.10263118353172951
2018-12-26,0.08269626742363267
2018-12-27,0.3247603446771803
2018-12-28,0.244977047000422
2018-12-31,0.27470230118313754
2019-01-02,0.16520840522599345
2019-01-03,0.17005757338071548
2019-01-04,0.0891552269628415
2019-01-07,0.023797151606572697
2019-01-08,-0.007436868984020184
2019-01-09,-0.01088555508524569
2019-01-10,-0.011568197402651803
2019-01-11,0.08555239693797345
2019-01-14,0.08012303800828335
2019-01-15,0.04431258754070466
2019-01-16,0.020296213952812447
2019-01-17,0.01920384801705821
2019-01-18,0.06899965017173382
2019-01-22,0.01441781972712719
2019-01-23,-0.10782334987274422
2019-01-24,-0.10089497450160723
2019-01-25,-0.10617568987211379
2019-01-28,-0.12496329054141087
2019-01-29,-0.10667597023813791
2019-01-30,-0.13909937196561395
2019-01-31,-0.1009935478049
2019-02-01,-0.17858886595438772
2019-02-04,-0.17175346133640623
2019-02-05,-0.17257411252169763
2019-02-06,-0.23006810052130333
2019-02-07,-0.25852495976185697
2019-02-08,-0.22319337832930541
2019-02-11,-0.2929199512417121
2019-02-12,-0.2645867992373385
2019-02-13,-0.2765744306337372
2019-02-14,-0.24866530264551112
2019-02-15,-0.30482388135933314
2019-02-19,-0.31539166250131045
2019-02-20,-0.2683204063061554
2019-02-21,-0.21164027436700827
2019-02-22,-0.17186417551041155
2019-02-25,-0.18515144935594963
2019-02-26,-0.1726602244411316
2019-02-28,-0.1467816137647403
2019-03-01,-0.09633947351046468
2019-03-04,-0.10023234191798547
2019-03-05,-0.14188861713614198
2019-03-06,-0.15149362795592558
2019-03-07,-0.161228392858777
2019-03-08,-0.15442427418432236
2019-03-11,-0.17230508555913826
2019-03-12,-0.14545870161536123
2019-03-13,-0.12526495941214333
2019-03-14,-0.09164272189325351
2019-03-15,-0.0468996403160582
2019-03-18,-0.09764774139409027
2019-03-19,-0.10475581435865278
2019-03-20,-0.12975815361951137
2019-03-21,-0.08447960971757185
2019-03-22,0.10159108922578808
2019-03-25,0.16613573152652017
2019-03-26,0.1387341823164343
2019-03-27,0.26185952756426967
2019-03-28,0.22241124682805835
2019-03-29,0.2154991830625086
2019-04-01,0.11661425132239267
2019-04-02,0.185280425432353
2019-04-03,0.19481196767077802
2019-04-04,0.16052603221924877
2019-04-05,0.05737861637381925
2019-04-08,0.014301628178845505
2019-04-09,0.057858866652513274
2019-04-10,0.05004083466928244
2019-04-11,-0.006741030490297173
2019-04-12,0.019611977187899088
2019-04-15,0.019181768975852664
2019-04-16,0.05355814962699035
2019-04-17,0.06614775760285041
2019-04-18,0.07412248068442917
2019-04-22,0.06443820335055084
2019-04-23,0.11019632678910707
2019-04-24,0.12624164065983057
2019-04-25,0.11705498016549698
2019-04-26,0.09261662182982922
2019-04-29,0.04339036782907013
2019-04-30,0.10063696251421095
2019-05-01,0.07023018558627037
2019-05-02,0.09837958064713326
2019-05-03,0.028494598292211126
2019-05-06,-0.08494869743927325
2019-05-07,-0.08309123925899076
2019-05-08,-0.09209192204993177
2019-05-09,-0.10249324288863226
2019-05-10,-0.10737564036244096
2019-05-13,-0.011170359945207209
2019-05-14,0.05041383642785435
2019-05-15,0.058947783992797875
2019-05-16,0.058237478152819655
2019-05-17,0.10209419019874111
2019-05-20,0.14894066591357924
2019-05-21,0.15562798447394943
2019-05-22,0.12547664003079984
2019-05-23,0.2565045894778428
2019-05-24,0.2907953091684434
2019-05-28,0.2646041777990702
2019-05-29,0.32571490945424864
2019-05-30,0.27798487768226576
2019-05-31,0.4938708563535912
2019-06-03,0.49421873730397325
2019-06-04,0.542892111640036
2019-06-05,0.5594915758096783
2019-06-06,0.45317992526205786
2019-06-07,0.37976692149167035
2019-06-10,0.32766514458433393
2019-06-11,0.35121107626481973
2019-06-12,0.3831469282065689
2019-06-13,0.6202313387656087
2019-06-14,0.7300161613134546
2019-06-17,0.6791518956098563
2019-06-18,0.6047181786433513
2019-06-19,0.36296549524549815
2019-06-20,0.4103982365563734
2019-06-21,0.36370846162983006
2019-06-24,0.37889565414087634
2019-06-25,0.28208201914540076
2019-06-26,0.3322396117529296
2019-06-27,0.2180192296636465
2019-06-28,0.23621598093212137
2019-07-01,0.16773500523052953
2019-07-02,0.21307187924400162
2019-07-03,0.2344956303198169
2019-07-05,0.18775405487039332
2019-07-08,0.03524518352943118
2019-07-09,0.03901497068797766
2019-07-10,0.01004076531289555
2019-07-11,-0.0031556979903603066
2019-07-12,0.016742005963438666
2019-07-15,-0.14839228959425432
2019-07-16,-0.16671470171593883
2019-07-17,-0.17231312990386605
2019-07-18,-0.18701796505906787
2019-07-19,-0.1301347193449135
2019-07-22,-0.11236694384273183
2019-07-23,-0.06701389894199805
2019-07-24,-0.06493420485208412
2019-07-25,-0.10867976698847504
2019-07-26,-0.22231053814323565
2019-07-29,-0.2755990759747242
2019-07-30,-0.24757171047582371
2019-07-31,-0.2800453499964164
2019-08-01,-0.09374899286916338
2019-08-02,-0.08638346620014725
2019-08-05,0.03496192391751496
2019-08-06,0.0021813902600720247
2019-08-07,0.06537051058543941
2019-08-08,0.065337210311605
2019-08-09,0.12946789977601503
2019-08-12,0.1581851920737034
2019-08-13,0.1678576152569684
2019-08-14,0.2714253852422095
2019-08-15,0.3262447677311713
2019-08-16,0.3713220369102277
2019-08-19,0.3681309990066246
2019-08-20,0.38098448017653364
2019-08-21,0.35461560161824957
2019-08-22,0.3207828287240515
2019-08-23,0.46268195474109763
2019-08-26,0.4214121497939274
2019-08-27,0.4466467518186845
2019-08-28,0.4426797963760589
2019-08-29,0.37744060482005604
2019-08-30,0.3605235426658462
2019-09-03,0.3983878374389085
2019-09-04,0.33279325776630864
2019-09-05,0.31631273193252807
2019-09-06,0.2923742361365027
2019-09-09,0.29774468258495634
2019-09-10,0.3115038866674751
2019-09-11,0.3260601974309769
2019-09-12,0.4040831324167191
2019-09-13,0.32244772371651753
2019-09-16,0.29999470615371804
2019-09-17,0.09742477601118638
2019-09-18,0.07767866322516426
2019-09-19,-0.011788554656428585
2019-09-20,0.019357877584275318
2019-09-23,0.025889229958767634
2019-09-24,0.01828735343332255
2019-09-25,0.03243364295449891
2019-09-26,-0.08424845848515339
2019-09-27,-0.11747023185494998
2019-09-30,-0.13758068371981824
2019-10-01,-0.010224114249245186
2019-10-02,0.029023464211953787
2019-10-03,0.040603557115354905
2019-10-04,1.3228849474966609e-05
2019-10-07,-0.1084966380679181
2019-10-08,-0.0853655348474015
2019-10-09,-0.10556640713106391
2019-10-10,-0.1082607070050653
2019-10-11,-0.08147245049946228
2019-10-15,-0.0786019516697607
2019-10-16,-0.08591185394292866
2019-10-17,-0.0489157075351464
2019-10-18,-0.01960661637275729
2019-10-21,0.018129686251125987
2019-10-22,0.029982391003451347
2019-10-23,-0.04888667777145406
2019-10-24,-0.1008209555521079
2019-10-25,-0.13537386990773637
2019-10-28,-0.21185641078403983
2019-10-29,-0.2133661436790636
2019-10-30,-0.252955674032895
2019-10-31,-0.17301944559163396
2019-11-01,-0.2669989570603176
2019-11-04,-0.24843204791651574
2019-11-05,-0.24109633682089981
2019-11-06,-0.2568676242035074
2019-11-07,-0.16376932100512243
2019-11-08,-0.1932020638201708
2019-11-11,-0.19421999144702784
2019-11-12,-0.0956017124241425
2019-11-13,-0.22786958588811934
2019-11-14,-0.28209672060170965
2019-11-15,-0.2984155790402506
2019-11-18,-0.22876827811965217
2019-11-19,-0.23478923720800693
2019-11-20,-0.1850267618918614
2019-11-21,-0.220405873118944
2019-11-22,-0.2242074237497098
2019-11-25,-0.2292762334084648
2019-11-26,-0.24569073195103674
2019-11-27,-0.26071336925840394
2019-11-28,-0.2575699007859812
2019-11-29,-0.2779834077855775
2019-12-02,-0.2595638629283489
2019-12-03,-0.17922011939540194
2019-12-04,-0.13720388881281664
2019-12-05,-0.07597506162099465
2019-12-06,-0.04472938720739528
2019-12-09,-0.0017801513128614666
2019-12-10,-0.007691169945274301
2019-12-11,-0.031901452937460606
2019-12-12,-0.06451123254401936
2019-12-13,-0.014664804469273762
2019-12-16,-0.06729810568295114
2019-12-17,-0.09921925829538047
2019-12-18,-0.1347804957071116
2019-12-19,-0.19946332737030403
2019-12-20,-0.15906269397889505
2019-12-23,-0.14168218497827434
2019-12-24,-0.16470925236321965
2019-12-25,-0.11770045385779115
2019-12-26,-0.12077294685990336
2019-12-27,-0.1037277147487845
2019-12-30,-0.07016996725401514
2019-12-31,-0.06960408684546615
2020-01-01,-0.11131442512961265
2020-01-02,-0.07488274300501363
2020-01-03,-0.03297410326524053
2020-01-06,0.020146222583265594
2020-01-07,0.03709223381354532
2020-01-08,0.04980909406456102
2020-01-09,0.0006942034015966492
2020-01-10,-0.057450945730952774
2020-01-13,-0.10350050488051155
2020-01-14,-0.18987929433611883
2020-01-15,-0.19790509442945559
2020-01-16,-0.20963439510434645
2020-01-17,-0.2247541751209613
2020-01-20,-0.2618516867290831
2020-01-21,-0.20375614845729617
2020-01-22,-0.16296900489396404
2020-01-23,-0.1020606847314619
2020-01-24,0.06201275690999286
2020-01-27,0.18884731872438976
2020-01-28,0.1845431563741422
2020-01-29,0.2389065718030332
2020-01-30,0.32346368715083784
2020-01-31,0.34674294150212237
2020-02-03,0.31639848128728976
2020-02-04,0.16889574759945125
2020-02-05,0.09859396433470491
2020-02-06,0.08543069833392414
2020-02-07,0.1860759493670887
2020-02-10,0.1425456984739224
2020-02-11,0.11341798215511334
2020-02-12,0.08991077556623206
2020-02-13,0.11031468531468525
2020-02-14,0.037591483699268124
2020-02-18,0.07756012103838184
2020-02-19,0.08638032891585512
2020-02-20,0.1506034055215737
2020-02-21,0.2927506070065906
2020-02-24,0.6301575393848462
2020-02-25,0.640322883424066
2020-02-26,0.66189111747851
2020-02-27,0.83201424614167
2020-02-28,1.17728806829462
2020-03-02,1.1117374672840747
2020-03-03,1.0730823434668815
2020-03-04,0.6770872332459752
2020-03-05,0.8896901188852073
2020-03-06,1.2625587278641124
2020-03-09,1.7310643977310645
2020-03-10,0.8540386632698935
2020-03-11,0.9487804878048782
2020-03-12,1.3064833005893908
2020-03-13,0.9473758266497823
2020-03-16,0.706357906275692
2020-03-17,0.5087213294877075
2020-03-18,0.821035646178671
2020-03-19,1.2027469954737007
2020-03-20,1.1778249510124104
2020-03-23,1.0640341515474918
2020-03-24,0.6305592250110086
2020-03-25,0.3428879642471876
2020-03-26,0.3929471032745593
2020-03-27,0.3908045977011494
2020-03-30,0.45399166399487023
2020-03-31,0.23958025421223783
2020-04-01,0.22178130511463823
2020-04-02,0.03433908045977008
2020-04-03,-0.1278508183525624
2020-04-06,-0.23745973308789692
2020-04-07,-0.1736095216296636
2020-04-08,-0.12977011494252877
2020-04-09,-0.19656550383410742
2020-04-13,-0.30837968450806974
2020-04-14,-0.33721041090666415
2020-04-15,-0.3153345634650869
2020-04-16,-0.21944413438999888
2020-04-17,-0.2797029702970296
2020-04-20,-0.4361472725820622
2020-04-21,-0.5489920586438607
2020-04-22,-0.4156967345619139
2020-04-23,-0.4739518147684606
2020-04-24,-0.5669637006945354
2020-04-27,-0.5469653179190752
2020-04-28,-0.5271019031558661
2020-04-29,-0.4797451069640418
2020-04-30,-0.5683099726115676
2020-05-01,-0.6591086232551548
2020-05-04,-0.6307265501986954
2020-05-05,-0.6332545427685035
2020-05-06,-0.5381222432262129
2020-05-07,-0.3696350700022951
2020-05-08,-0.3512658227848102
2020-05-11,-0.3026151930261519
2020-05-12,-0.32458654906284456
2020-05-13,-0.3136997734589245
2020-05-14,-0.2896667869601829
2020-05-15,-0.2147520488956799
2020-05-18,-0.09706199046300568
2020-05-19,-0.09339167169583584
2020-05-20,-0.1850159257720536
2020-05-21,-0.26535464271562537
2020-05-22,-0.3054173948111305
2020-05-25,-0.3187870797626895
2020-05-26,-0.24884925201380892
2020-05-27,-0.24851063829787234
2020-05-28,-0.27684827684827695
2020-05-29,-0.26188430698739984
2020-06-01,-0.21997167138810192
2020-06-02,-0.25030475416497355
2020-06-03,-0.15285655000691667
2020-06-04,-0.09026022304832715
2020-06-05,-0.06233923437736422
2020-06-08,0.0011164274322168488
2020-06-09,0.06877228731533358
2020-06-10,0.050218722659667536
2020-06-11,0.05374136965851828
2020-06-12,0.1600498856786532
2020-06-15,0.17949238578680204
2020-06-16,0.21832829808660636
2020-06-17,0.1335022412785032
2020-06-18,0.004005097396686752
2020-06-19,-0.0688153310104529
2020-06-22,-0.12451298701298708
2020-06-23,-0.11785830884753512
2020-06-24,-0.046386379430159885
2020-06-25,-0.12667231160033865
2020-06-26,-0.09410932248363701
2020-06-29,-0.0977853492333901
2020-06-30,-0.09918455649858549
2020-07-01,-0.09464740866610022
2020-07-02,-0.08378281193815174
2020-07-06,0.006967292432746186
2020-07-07,-0.013353977162763764
2020-07-08,-0.04634239754883185
2020-07-09,-0.05492638731596822
2020-07-10,-0.027288906466284457
2020-07-13,-0.03879728419010664
2020-07-14,-0.07735609224623208
2020-07-15,-0.149412827461608
2020-07-16,-0.24183540169823647
2020-07-17,-0.2533507682249101
2020-07-20,-0.24447313216072286
2020-07-21,-0.2599968137645372
2020-07-22,-0.27994915792818553
2020-07-23,-0.2680773075641453
2020-07-24,-0.24774216398087479
2020-07-27,-0.2365167532700233
2020-07-28,-0.2895506971940093
2020-07-29,-0.311787072243346
2020-07-30,-0.3008940852819808
2020-07-31,-0.2388032638259293
2020-08-03,-0.19299345182413474
2020-08-04,-0.1821416651214537
2020-08-05,-0.22741117690599555
2020-08-06,-0.22381672435780653
2020-08-07,-0.19600155128950936
2020-08-10,-0.17568834212067952
2020-08-11,-0.14531344410876135
2020-08-12,-0.18292628856456683
2020-08-13,-0.15383633633633642
2020-08-14,-0.15443485086342224
2020-08-17,-0.11954641552950218
2020-08-18,-0.09650843468026671
2020-08-19,-0.10441767068273089
2020-08-20,-0.10964649490713008
2020-08-21,-0.08233380768448861
2020-08-24,-0.06498486377396562
2020-08-25,-0.05746900216492823
2020-08-26,0.019328802039082493
2020-08-27,0.061598104673702414
2020-08-28,0.05494746059544653
2020-08-31,0.004271678769756537
2020-09-01,-0.046286329386437175
2020-09-02,-0.0101500441306267
2020-09-03,0.041657181880264016
2020-09-04,0.10734463276836159
2020-09-08,0.18939216146444493
2020-09-09,0.18294160407075344
2020-09-10,0.08599567619505155
2020-09-11,0.06050172159370382
2020-09-14,0.05312053358742275
2020-09-15,-0.001727155756992671
2020-09-16,-0.03802335678382851
2020-09-17,-0.079057357122156
2020-09-18,-0.12591803251753908
2020-09-21,-0.06830800102261825
2020-09-22,-0.06782270864425655
2020-09-23,-0.14656616045351512
2020-09-24,-0.1584554650652752
2020-09-25,-0.17996788189053226
2020-09-28,-0.13204919935019732
2020-09-29,-0.20061122025758582
2020-09-30,-0.1487190620929223
2020-10-01,-0.13340807174887903
2020-10-02,-0.10340960071781069
2020-10-05,-0.11807709348692952
2020-10-06,0.24649255342110954
2020-10-07,0.1898099812069325
2020-10-08,0.1942071264846843
2020-10-09,0.16697098803002652
2020-10-13,0.15355882963270395
2020-10-14,0.13781369629944695
2020-10-15,0.2555304740406321
2020-10-16,0.2761925991975034
2020-10-19,0.33653846153846145
2020-10-20,0.28443877551020424
2020-10-21,0.16554853985793216
2020-10-22,0.22347398607128222
2020-10-23,0.2930767529307676
2020-10-26,0.3671150278293136
2020-10-27,0.30920606197692835
2020-10-28,0.32675336739433347
2020-10-29,0.44473250058920577
2020-10-30,0.6101430429128736
2020-11-02,0.7067669172932332
2020-11-03,0.6663215117784105
2020-11-04,0.21321473951715375
2020-11-05,0.13279834325653628
2020-11-06,0.07146695325094043
2020-11-09,0.21558020016229373
2020-11-10,0.2350267379679145
2020-11-12,0.20617149098853105
2020-11-13,0.09538383065544509
2020-11-16,0.09935316946959905
2020-11-17,0.07780835626720028
2020-11-18,0.0957045968349659
2020-11-19,-0.24623376623376625
2020-11-20,-0.25745875745875735
2020-11-23,-0.24899668469726055
2020-11-24,-0.26321279554937416
2020-11-25,-0.2872818852311567
2020-11-27,-0.25906542056074766
2020-11-30,-0.2657317511686442
2020-12-01,-0.2745851528384279
2020-12-02,-0.2818835840418573
2020-12-03,-0.29609400860642177
2020-12-04,-0.25698324022346364
2020-12-07,-0.16842457726435622
2020-12-08,-0.16010947656517271
2020-12-09,-0.17760814249363877
2020-12-10,-0.18538355217691782
2020-12-11,-0.1682128478907754
2020-12-14,-0.19706362153344203
2020-12-15,-0.22241964141495718
2020-12-16,-0.2611705475141599
2020-12-17,-0.31412148516389626
2020-12-18,-0.06493506493506496
2020-12-21,0.06627056672760512
2020-12-22,0.09252758274824457
2020-12-23,-0.04895416110369377
2020-12-24,-0.08833080753409828
2020-12-28,0.02467738283903098
2020-12-29,0.07334109429569269
2020-12-30,0.11061426217933623
2020-12-31,0.13695450324976788
2021-01-04,0.13686382393397545
2021-01-05,0.12451183092120388
2021-01-06,0.055069723469628906
2021-01-07,0.05018587360594795
2021-01-08,0.05733836715431817
2021-01-11,0.20570418980313
2021-01-12,0.2643794147325933
2021-01-13,0.11655239960822716
2021-01-14,0.11317120154105464
2021-01-15,0.02777777777777768
2021-01-19,0.06348459910651294
2021-01-20,-0.030986557302346784
2021-01-21,-0.13408496074088994
2021-01-22,-0.12240325865580448
2021-01-25,-0.11138613861386137
2021-01-26,-0.08504772004241778
2021-01-27,-0.07070707070707083
2021-01-28,-0.07496952458350259
2021-01-29,-0.01516410469464069
2021-02-01,-0.014480408858603022
2021-02-02,0.039864099660249064
2021-02-03,0.05129928315412191
2021-02-04,0.012644663523360578
2021-02-05,0.08331420702318115
2021-02-08,0.13359850257370143
2021-02-09,0.11018760389456195
2021-02-10,0.02231551038444546
2021-02-11,-0.0032537960954446277
2021-02-12,-0.0038143674507310488
2021-02-16,0.1592486729277256
2021-02-17,0.1286549707602338
2021-02-18,0.14647599591419813
2021-02-19,0.35371863799283143
2021-02-22,0.38097345132743365
2021-02-23,0.37759428698951103
2021-02-24,0.2962110110948293
2021-02-25,0.47964884277733444
2021-02-26,0.6592105263157892
2021-03-01,0.48669695003244673
2021-03-02,0.2782454585733274
2021-03-03,0.45544992261773176
2021-03-04,0.6019280507876792
2021-03-05,0.6128807254126949
2021-03-08,0.6627987932234858
2021-03-09,0.565459610027855
2021-03-10,0.4647658785350022
2021-03-11,0.4470108695652175
2021-03-12,0.5556775752251262
2021-03-15,0.4931449061379458
2021-03-16,0.5300345721694038
2021-03-17,0.4539316053147464
2021-03-18,0.5018112081823993
2021-03-19,0.4560846560846561
2021-03-22,0.4326271186440678
2021-03-23,0.2542827657378741
2021-03-24,0.2986096256684492
2021-03-25,0.2867948995029175
2021-03-26,0.33819368879216527
2021-03-29,0.40310572218676866
2021-03-30,0.18774216273335664
2021-03-31,0.27336072896194374
2021-04-01,0.1580541696364932
2021-04-02,0.05427767665067029
2021-04-05,-0.010092918936238426
2021-04-06,-0.023327393487769243
2021-04-07,0.01001291989664077
2021-04-08,-0.1898597626752967
2021-04-09,-0.1909859899550621
2021-04-12,-0.07609486396042486
2021-04-13,0.060658578856152445
2021-04-14,-0.08734619474403771
2021-04-15,-0.1332746220460883
2021-04-16,-0.09802508288885692
2021-04-19,-0.10732728541521286
2021-04-20,-0.0458185053380783
2021-04-21,-0.014559265706599045
2021-04-22,-0.06697965571205011
2021-04-23,-0.15318367923196385
2021-04-26,-0.13857889532419843
2021-04-27,-0.1505437085157464
2021-04-28,-0.09647940074906358
2021-04-29,-0.1625993189557321
2021-04-30,-0.15508720930232556
2021-05-03,-0.15217391304347838
2021-05-04,-0.03718940266578907
2021-05-05,-0.06226321858013506
2021-05-06,-0.030063822640241877
2021-05-07,-0.1196942592291429
2021-05-10,-0.15888417222559126
2021-05-11,-0.13982799525504153
2021-05-12,-0.1795987091342781
2021-05-13,-0.12925065394676094
2021-05-14,-0.13687019306231363
2021-05-17,-0.05178831526136907
2021-05-18,-0.05158401061535911
2021-05-19,-0.08362647905340581
2021-05-20,-0.08388814913448739
2021-05-21,-0.10815226270217282
2021-05-24,-0.13480314960629924
2021-05-25,-0.12222222222222223
2021-05-26,-0.12083888149134481
2021-05-27,-0.09449618966977136
2021-05-28,-0.1682915135048746
2021-06-01,-0.1402439024390244
2021-06-02,-0.14203574203574199
2021-06-03,-0.13345110004817728
2021-06-04,-0.16504528681650443
2021-06-07,-0.17389129709903306
2021-06-08,-0.18120695309937684
2021-06-09,-0.12152950955943465
2021-06-10,-0.19980102802188693
2021-06-11,-0.13842765164351067
2021-06-14,-0.07053156717701703
2021-06-15,-0.07692307692307687
2021-06-16,-0.07229533413091771
2021-06-17,-0.03548217108730023
2021-06-18,0.04675324675324677
2021-06-21,0.14280435987437645
2021-06-22,0.05695746214852204
2021-06-23,-0.04154456128253747
2021-06-24,-0.062254147426030415
2021-06-25,-0.017847676267891965
2021-06-28,0.024368066921258258
2021-06-29,-0.030551288615804806
2021-06-30,0.0015739769150053817
2021-07-01,0.0036642819752223943
2021-07-02,-0.047783430232558155
2021-07-06,0.03590401172375879
2021-07-07,0.10393156170367668
2021-07-08,0.14817572598659723
2021-07-09,0.1344187807648618
2021-07-12,0.13671217505143085
2021-07-13,0.1683320522674865
2021-07-14,0.04218948899799968
2021-07-15,0.0320594095272595
2021-07-16,0.0793180133432172
2021-07-19,0.3575733226195259
2021-07-20,0.39878910191725536
2021-07-21,0.307430402563589
2021-07-22,0.22937168811506425
2021-07-23,0.352673021135516
2021-07-26,0.35752212389380533
2021-07-27,0.29687210808809894
2021-07-28,0.17913832199546476
2021-07-29,0.14369933677229185
2021-07-30,0.11436896740120206
2021-08-02,0.06352357320099267
2021-08-03,0.057549304881991725
2021-08-04,0.068724420190996
2021-08-05,0.14334532374100717
2021-08-06,0.1424402699252234
2021-08-09,0.18243972652033102
2021-08-10,0.18143085389668023
2021-08-11,0.0679577464788732
2021-08-12,0.002095337873232017
2021-08-13,-0.035987482614742716
2021-08-16,0.1333714939896966
2021-08-17,0.06595932802829352
2021-08-18,-0.042868920032976154
2021-08-19,-0.03728923476005186
2021-08-20,0.0005006675567422736
2021-08-23,0.023856531753866372
2021-08-24,0.036677631578947434
2021-08-25,0.1256325248647705
2021-08-26,0.11284661284661279
2021-08-27,-0.0044642857142858094
2021-08-30,-0.11009174311926606
2021-08-31,-0.14096090030298658
2021-09-01,-0.11014093137254899
2021-09-02,-0.14100985221674878
2021-09-03,-0.18412990196078438
2021-09-07,-0.17354773286976677
2021-09-08,-0.1862423290994718
2021-09-09,-0.15689102564102564
2021-09-10,-0.1667203608247423
2021-09-13,-0.13221114561202807
2021-09-14,-0.19536475346088056
2021-09-15,-0.17563436258025067
2021-09-16,-0.14313068453805644
2021-09-17,-0.11813748623564568
2021-09-20,-0.04885057471264376
2021-09-21,-0.09920876445526472
2021-09-22,-0.1597295266716754
2021-09-23,-0.06379821958456966
2021-09-24,0.018644363129465047
2021-09-27,0.09107303877367001
2021-09-28,0.05572390572390584
2021-09-29,0.015428002654280126
2021-09-30,0.05202411714039634
2021-10-01,-0.03368137420006734
2021-10-04,0.011009174311926495
2021-10-05,0.009641651936365125
2021-10-06,-0.03775979692210063
2021-10-07,-0.055805301503642935
2021-10-08,-0.059296640908374054
2021-10-12,0.08571921352190426
2021-10-13,0.011639507815098149
2021-10-14,-0.0031911320120926456
2021-10-15,0.07935961439146144
2021-10-18,0.26827956989247315
2021-10-19,0.28144949305294786
2021-10-20,0.14758983347940413
2021-10-21,0.21746755524377415
2021-10-22,0.36932142178293104
2021-10-25,0.3330755847670597
2021-10-26,0.256120527306968
2021-10-27,0.35433984148463193
2021-10-28,0.334322269608752
2021-10-29,0.4050279329608939
2021-11-01,0.3974313235818765
2021-11-02,0.1923464249748239
2021-11-03,0.20304054054054044
2021-11-04,0.15540057224606585
2021-11-05,0.17802430005282632
2021-11-08,0.21399247348614425
2021-11-09,0.20694214876033046
2021-11-10,0.2487641524477755
2021-11-12,0.2842672765887926
2021-11-15,0.33600785983297854
2021-11-16,0.42174973858487275
2021-11-17,0.345982511136776
2021-11-18,0.18589845615152
2021-11-19,0.21005770816158287
2021-11-22,0.30044327696601547
2021-11-23,0.3507124895222129
2021-11-24,0.3208895949166004
2021-11-26,0.4702498356344509
2021-11-29,0.5064869418702611
2021-11-30,0.3403508771929824
2021-12-01,0.17238943054966804
2021-12-02,0.20952380952380945
2021-12-03,0.20879792271269282
2021-12-06,0.2660616537021032
2021-12-07,0.2234869516935034
2021-12-08,0.16429814385150832
2021-12-09,0.19250374812593707
2021-12-10,0.06137596345989138
2021-12-13,0.06183991106170095
2021-12-14,0.04678595096090121
2021-12-15,-0.05463364820015315
2021-12-16,-0.027308558558558738
2021-12-17,0.01741083965178314
2021-12-20,0.19207553010369915
2021-12-21,0.18863976083707001
2021-12-22,0.08285190925743269
2021-12-23,0.058477129553547114
2021-12-27,0.0231132677818926
2021-12-28,-0.013865920366365692
2021-12-29,-0.04400049025615893
2021-12-30,-0.048541309144398026
2021-12-31,-0.0549154204461878
2022-01-03,0.1284391356864849
2022-01-04,0.13244311214061866
2022-01-05,-0.006691074359297944
2022-01-06,-0.035248851929998604
2022-01-07,-0.10174383644016849
2022-01-10,-0.1266629401900503
2022-01-11,-0.12929202550050334
2022-01-12,-0.11292241789624002
2022-01-13,-0.12534651078703152
2022-01-14,-0.07219866747425796
2022-01-18,0.06937073540561034
2022-01-19,-0.08817840482421213
2022-01-20,-0.08146131154980718
2022-01-21,0.009216589861751112
2022-01-24,0.053180789539853945
2022-01-25,0.1373050026896181
2022-01-26,0.12223530951446149
2022-01-27,0.0840719169409978
2022-01-28,0.1516338104239805
2022-01-31,0.2321273516642548
2022-02-01,0.17609715705216678
2022-02-02,0.10166190599844205
2022-02-03,0.07821931589537212
2022-02-04,0.14092387768379977
2022-02-07,0.13132358649243092
2022-02-08,0.03245132301547682
2022-02-09,0.054695562435500555
2022-02-10,0.1348717948717948
2022-02-11,0.21141458387013645
2022-02-14,0.3265888456549937
2022-02-15,0.1179828734538535
2022-02-16,0.11587053302851635
2022-02-17,0.22229283172343672
2022-02-18,0.21394570950726877
2022-02-22,0.27915383585486686
2022-02-23,0.21799795186891968
2022-02-24,0.29415542710340414
2022-02-25,0.25204560697518463
2022-02-28,0.38349180101970526
2022-03-01,0.5440658049353702
2022-03-02,0.30308401276143226
2022-03-03,0.4372348390316947
2022-03-04,0.628211462450593
2022-03-07,0.7281253856596321
2022-03-08,0.5920974095738332
2022-03-09,0.3113397185763276
2022-03-10,0.22810495626822158
2022-03-11,0.15662228451296412
2022-03-14,0.2320318911947472
2022-03-15,0.18663377965703543
2022-03-16,0.18012203708049745
2022-03-17,0.08143783146729544
2022-03-18,0.07032890132960112
2022-03-21,0.16263686131386845
2022-03-22,0.2051692589204026
2022-03-23,0.27804642166344284
2022-03-24,0.38380626223091974
2022-03-25,0.41516041572525975
2022-03-28,0.37488035733276615
2022-03-29,0.15291357059053579
2022-03-30,0.20191489361702142
2022-03-31,0.15246926892387314
2022-04-01,0.1265467401476552
2022-04-04,0.14847392963119965
2022-04-05,0.21802386435001053
2022-04-06,0.3023646873357855
2022-04-07,0.21756823821339943
2022-04-08,0.33769016498821514
2022-04-11,0.29352589641434257
2022-04-12,-0.0039742939286318
2022-04-13,0.054860355458832055
2022-04-14,0.03889564160444503
2022-04-18,-0.07206797147625554
2022-04-19,-0.12347354138398914
2022-04-20,-0.06185798905301043
2022-04-21,0.17844905320108206
2022-04-22,0.21659861361694044
2022-04-25,0.32919317378572144
2022-04-26,0.23020555767034656
2022-04-27,0.2878352964466002
2022-04-28,0.28010341055980925
2022-04-29,0.3993025283347864
2022-05-02,0.4729214340198322
2022-05-03,0.24053364724347648
2022-05-04,0.15762004175365352
2022-05-05,0.16080211880438888
2022-05-06,0.07318366625419825
2022-05-09,-0.00039913786221756897
2022-05-10,-0.019492574257425677
2022-05-11,0.001102442333785536
2022-05-12,0.050893963533368725
2022-05-13,0.07232410179640714
2022-05-16,0.0887022337086949
2022-05-17,0.10233459444495696
2022-05-18,-0.01297585288304548
2022-05-19,-0.0715784377017431
2022-05-20,-0.09431808918235929
2022-05-23,-0.1174915905814512
2022-05-24,-0.14414414414414412
2022-05-25,-0.10272518889549209
2022-05-26,-0.11897189031204336
2022-05-27,-0.17700150426207584
2022-05-31,-0.12426422498364931
2022-06-01,-0.1088479713214926
2022-06-02,-0.20660166240409217
2022-06-03,-0.25219986226949265
2022-06-06,-0.20184202310334065
2022-06-07,-0.2204664590139026
2022-06-08,-0.18550321033495787
2022-06-09,-0.19076166320805477
2022-06-10,-0.11270778312878671
2022-06-13,0.084190031152648
2022-06-14,0.06599097432862333
2022-06-15,0.0748853392377038
2022-06-16,0.13206000491843595
2022-06-17,0.08987940026075614
2022-06-21,0.14404546203261392
2022-06-22,0.037693659159878656
2022-06-23,-0.006153360681602993
2022-06-24,0.07581533248623473
2022-06-27,0.12204160700749589
2022-06-28,0.17982724020591578
2022-06-29,0.10580754557015681
2022-06-30,0.1342708856521011
2022-07-01,0.2551802193975272
2022-07-05,0.3573229030856149
2022-07-06,0.36039603960396027
2022-07-07,0.3586532353208096
2022-07-08,0.3067926225820963
2022-07-11,0.39767243826284426
2022-07-12,0.4451165967411457
2022-07-13,0.3820064987814784
2022-07-14,0.2860343539955188
2022-07-15,0.18714573048089234
2022-07-18,0.2862899163896444
2022-07-19,0.27596439169139453
2022-07-20,0.2018384510072364
2022-07-21,0.18068414384562925
2022-07-22,0.174850413144648
2022-07-25,0.21825434514198871
2022-07-26,0.1253611135428523
2022-07-27,-0.15753178650958988
2022-07-28,-0.16767298216392534
2022-07-29,-0.14397116162730828
2022-08-01,-0.12744388124547423
2022-08-02,-0.03379439252336458
2022-08-03,-0.12144554027787768
2022-08-04,-0.07211020470986618
2022-08-05,-0.026988410858866496
2022-08-08,-0.02267716535433062
2022-08-09,-0.06080168142921483
2022-08-10,-0.14761130010353496
2022-08-11,-0.14812543126581312
2022-08-12,-0.21564575645756456
2022-08-15,-0.21051536380661717
2022-08-16,-0.2518570696721312
2022-08-17,-0.22125181950509454
2022-08-18,-0.19671364638300715
2022-08-19,-0.14760757314974182
2022-08-22,-0.08008394259409701
2022-08-23,-0.0962797920464521
2022-08-24,-0.021822189566495176
2022-08-25,-0.0829703832752613
2022-08-26,-0.05313823642664606
2022-08-29,0.019187093742657924
2022-08-30,0.023977546110665493
2022-08-31,0.015785191212367655
2022-09-01,0.044820470491126585
2022-09-02,-0.024090541632983076
2022-09-06,0.041085210883292866
2022-09-07,0.035550369506028634
2022-09-08,0.05849249658935873
2022-09-09,0.013424497623613751
2022-09-12,0.0576658645582675
2022-09-13,0.069460580912863
2022-09-14,-0.030023988238025212
2022-09-15,0.016633890527695705
2022-09-16,0.036327444637969775
2022-09-19,0.09145048131832278
2022-09-20,0.08491782146310012
2022-09-21,0.043318414322250476
2022-09-22,0.1446295332292209
2022-09-23,0.23553235532355332
2022-09-26,0.44533308242378644
2022-09-27,0.38921103496749265
2022-09-28,0.36086621586921175
2022-09-29,0.25862361937128275
2022-09-30,0.17986030267753184
2022-10-03,0.23527986430821413
2022-10-04,0.11273824416807732
2022-10-05,0.13567426223384382
2022-10-06,0.15143093217156167
2022-10-07,0.17517612601915622
2022-10-11,0.26531110207401376
2022-10-12,0.23497771630551734
2022-10-13,0.21450387657608272
2022-10-14,0.2246876001281639
2022-10-17,0.1883393901090218
2022-10-18,0.20767064280980785
2022-10-19,0.10626029654036251
2022-10-20,0.1689453125
2022-10-21,0.26429837280489754
2022-10-24,0.2672371235807143
2022-10-25,0.20078004387746828
2022-10-26,0.08791805695662291
2022-10-27,0.13905065815716
2022-10-28,0.16547110502135887
2022-10-31,0.18383353341336517
2022-11-01,0.10935047462441139
2022-11-02,0.04834397742462482
2022-11-03,0.04397119656810178
2022-11-04,-0.026453422269385296
2022-11-07,-0.06519522144522139
2022-11-08,-0.17759260464813498
2022-11-09,-0.21325575512269157
2022-11-10,-0.2975029876092836
2022-11-14,-0.19002295126231938
2022-11-15,-0.09352315173726111
2022-11-16,-0.14456649666535892
2022-11-17,-0.12585146485020837
2022-11-18,-0.14920071047957362
2022-11-21,-0.13803901102485483
2022-11-22,-0.10056580897211376
2022-11-23,-0.12450986694092692
2022-11-25,-0.19362867098058734
2022-11-28,-0.15056744905855057
2022-11-29,-0.14167048204591537
2022-11-30,-0.15390240659486765
2022-12-01,-0.17847588997873653
2022-12-02,-0.19704866987071
2022-12-05,-0.18707023970181869
2022-12-06,-0.17750876075183175
2022-12-07,-0.14881184261784197
2022-12-08,-0.12342671538773864
2022-12-09,-0.0528530670470756
2022-12-12,-0.005953214735957335
2022-12-13,-0.06583679114799434
2022-12-14,-0.1869929691725256
2022-12-15,-0.2503705700040425
2022-12-16,-0.19494226818729177
2022-12-19,-0.1317874963310831
2022-12-20,-0.06633447524135783
2022-12-21,-0.10387282786565899
2022-12-22,-0.11303728330562812
2022-12-23,-0.09027331189710619
2022-12-27,0.11818426000537197
2022-12-28,0.0006667222268521567
2022-12-29,-0.06507541595397293
2022-12-30,-0.07047313307345415
2023-01-03,-0.016719624754123252
2023-01-04,-0.027449161060852156
2023-01-05,-0.09536062968288805
2023-01-06,-0.14723283157342915
2023-01-09,-0.14339207048458147
2023-01-10,-0.07777777777777772
2023-01-11,-0.12571168298792978
2023-01-12,-0.14394574411338856
2023-01-13,-0.10780231004950103
2023-01-17,0.020873340569424803
2023-01-18,-0.050665992244141034
2023-01-19,-0.09462450592885374
2023-01-20,-0.11100782399876052
2023-01-23,-0.12517162471395882
2023-01-24,-0.12953527867840042
2023-01-25,-0.18864372317192557
2023-01-26,-0.26527161276685696
2023-01-27,-0.2545158424637253
2023-01-30,-0.13711957425577925
2023-01-31,-0.10533884594643173
2023-02-01,-0.14359876814782235
2023-02-02,-0.17376605814739676
2023-02-03,-0.17453302201467646
2023-02-06,-0.08147826086956522
2023-02-07,-0.07942882641677818
2023-02-08,-0.10974639922240881
2023-02-09,-0.1796781167427336
2023-02-10,-0.08694927958690757
2023-02-13,-0.0796673596673596
2023-02-14,-0.09061754789902143
2023-02-15,-0.16411479572208965
2023-02-16,-0.11742725393544284
2023-02-17,-0.07880866728018077
2023-02-21,0.050496179854219614
2023-02-22,0.013199622867918093
2023-02-23,-0.017319277108433728
2023-02-24,0.06659720413302073
2023-02-27,0.06845291080648042
2023-02-28,0.08850726552179644
2023-03-01,-0.009732559090537274
2023-03-02,0.10221117129917423
2023-03-03,0.06976338077359645
2023-03-06,0.11702683861972796
2023-03-07,0.16252506757345908
2023-03-08,0.15076268180205732
2023-03-09,0.19992574716911093
2023-03-10,0.34311469121595706
2023-03-13,0.7238331678252234
2023-03-14,0.6348655680832611
2023-03-15,0.9962829013461925
2023-03-16,0.7256755368334533
2023-03-17,0.8423690671031097
2023-03-20,0.8450348520052531
2023-03-21,0.5365899839060875
2023-03-22,0.38477944740668923
2023-03-23,0.5027295285359803
2023-03-24,0.695070766227428
2023-03-27,0.47468758551491375
2023-03-28,0.40923466160657807
2023-03-29,0.3616059318202369
2023-03-30,0.3000736377025037
2023-03-31,0.2244842806954328
2023-04-03,0.25483607301789113
2023-04-04,0.23516134425681323
2023-04-05,0.3019203113103799
2023-04-06,0.2578118348233289
2023-04-07,0.13318137414522946
2023-04-10,0.1913688244605516
2023-04-11,0.130906148867314
2023-04-12,0.07102741988767769
2023-04-13,-0.033596519497260724
2023-04-14,-0.030035912504080886
2023-04-17,-0.04290506279741013
2023-04-18,-0.07912697817445447
2023-04-19,-0.04423551171393336
2023-04-20,-0.06706373762376239
2023-04-21,-0.13722690275596172
2023-04-24,-0.2725387407108705
2023-04-25,-0.19168877099911585
2023-04-26,-0.343817623672689
2023-04-27,-0.2710764467730412
2023-04-28,-0.3200821720059964
2023-05-01,-0.2981822163819535
2023-05-02,-0.15254759411003627
2023-05-03,-0.05838700644077288
2023-05-04,-0.0706076618229855
2023-05-05,-0.250201543245422
2023-05-08,-0.16453269004762783
2023-05-09,-0.14125416773531674
2023-05-10,-0.16589188471244531
2023-05-11,-0.09225431888983293
2023-05-12,-0.11336717428087995
2023-05-15,-0.07440110009408696
2023-05-16,-0.11810490693739417
2023-05-17,-0.21520467836257318
2023-05-18,-0.17078453936235016
