date,MOVE
2017-01-03,0.767316
2017-01-04,0.764077
2017-01-05,0.765029
2017-01-06,0.752375
2017-01-09,0.7482880000000001
2017-01-10,0.7325839999999999
2017-01-11,0.7282569999999999
2017-01-12,0.73744
2017-01-13,0.745005
2017-01-17,0.7393899999999999
2017-01-18,0.739423
2017-01-19,0.7832210000000001
2017-01-20,0.7670569999999999
2017-01-23,0.7551720000000001
2017-01-24,0.7552989999999999
2017-01-25,0.770613
2017-01-26,0.746944
2017-01-27,0.7218770000000001
2017-01-30,0.7235720000000001
2017-01-31,0.7251529999999999
2017-02-01,0.7083780000000001
2017-02-02,0.699231
2017-02-03,0.6738970000000001
2017-02-06,0.675544
2017-02-07,0.6807
2017-02-08,0.6874250000000001
2017-02-09,0.689453
2017-02-10,0.6962820000000001
2017-02-13,0.688286
2017-02-14,0.6725530000000001
2017-02-15,0.655141
2017-02-16,0.682298
2017-02-17,0.697839
2017-02-21,0.687218
2017-02-22,0.692627
2017-02-23,0.6864100000000001
2017-02-24,0.698485
2017-02-27,0.708911
2017-03-02,0.6953900000000001
2017-03-03,0.6578700000000001
2017-03-06,0.6540980000000001
2017-03-07,0.6603289999999999
2017-03-08,0.666094
2017-03-09,0.6918120000000001
2017-03-10,0.6770010000000001
2017-03-13,0.6563760000000001
2017-03-14,0.6518200000000001
2017-03-15,0.6162
2017-03-16,0.6043970000000001
2017-03-17,0.607216
2017-03-20,0.598151
2017-03-21,0.621347
2017-03-23,0.6521680000000001
2017-03-24,0.644514
2017-03-27,0.626832
2017-03-28,0.619509
2017-03-29,0.6102029999999999
2017-03-30,0.609355
2017-03-31,0.606987
2017-04-03,0.61228
2017-04-04,0.6476569999999999
2017-04-05,0.637153
2017-04-06,0.6825289999999999
2017-04-07,0.686602
2017-04-10,0.6849729999999999
2017-04-11,0.7055849999999999
2017-04-12,0.734226
2017-04-13,0.744847
2017-04-17,0.709568
2017-04-18,0.728666
2017-04-19,0.731268
2017-04-20,0.738561
2017-04-21,0.771537
2017-04-24,0.632709
2017-04-25,0.623632
2017-04-26,0.6095430000000001
2017-04-27,0.598191
2017-04-28,0.601925
2017-05-01,0.593993
2017-05-02,0.60324
2017-05-03,0.59384
2017-05-04,0.600804
2017-05-05,0.587242
2017-05-08,0.554105
2017-05-09,0.552203
2017-05-10,0.5502980000000001
2017-05-11,0.54467
2017-05-12,0.557115
2017-05-15,0.567293
2017-05-16,0.554971
2017-05-17,0.625769
2017-05-18,0.589788
2017-05-19,0.578248
2017-05-22,0.554739
2017-05-24,0.544058
2017-05-25,0.5432009999999999
2017-05-26,0.540528
2017-05-31,0.539509
2017-06-01,0.539973
2017-06-02,0.53736
2017-06-05,0.529974
2017-06-06,0.532197
2017-06-07,0.5479890000000001
2017-06-08,0.5373060000000001
2017-06-09,0.525578
2017-06-12,0.523162
2017-06-13,0.516651
2017-06-14,0.52215
2017-06-15,0.5159279999999999
2017-06-16,0.5148389999999999
2017-06-19,0.5160049999999999
2017-06-20,0.515955
2017-06-21,0.5163730000000001
2017-06-22,0.5113179999999999
2017-06-23,0.511575
2017-06-26,0.500183
2017-06-27,0.521031
2017-06-28,0.525083
2017-06-29,0.546615
2017-06-30,0.552201
2017-07-03,0.552549
2017-07-05,0.5643699999999999
2017-07-06,0.569551
2017-07-07,0.557569
2017-07-10,0.531771
2017-07-11,0.532247
2017-07-12,0.524337
2017-07-13,0.522106
2017-07-14,0.510294
2017-07-17,0.5000209999999999
2017-07-18,0.49549
2017-07-19,0.482572
2017-07-20,0.469986
2017-07-21,0.47449800000000003
2017-07-24,0.46996299999999996
2017-07-25,0.495734
2017-07-26,0.47283299999999995
2017-07-27,0.484176
2017-07-28,0.485291
2017-07-31,0.48137500000000005
2017-08-01,0.49972099999999997
2017-08-02,0.48747599999999996
2017-08-03,0.47929299999999997
2017-08-04,0.472827
2017-08-07,0.469123
2017-08-08,0.473352
2017-08-09,0.496655
2017-08-10,0.520038
2017-08-11,0.5206459999999999
2017-08-14,0.49296799999999996
2017-08-15,0.486336
2017-08-16,0.48466299999999995
2017-08-17,0.488418
2017-08-18,0.501582
2017-08-21,0.52056
2017-08-22,0.513012
2017-08-23,0.5208200000000001
2017-08-24,0.5249
2017-08-25,0.505552
2017-08-28,0.488608
2017-08-29,0.514034
2017-08-30,0.51557
2017-08-31,0.5113110000000001
2017-09-01,0.49437800000000004
2017-09-05,0.5331790000000001
2017-09-06,0.529189
2017-09-07,0.5401039999999999
2017-09-11,0.518823
2017-09-12,0.5164529999999999
2017-09-13,0.513709
2017-09-14,0.507289
2017-09-15,0.506332
2017-09-18,0.501627
2017-09-19,0.498605
2017-09-20,0.491538
2017-09-21,0.483122
2017-09-22,0.505164
2017-09-25,0.511119
2017-09-26,0.506363
2017-09-27,0.5207780000000001
2017-09-28,0.5185960000000001
2017-09-29,0.528752
2017-10-02,0.544569
2017-10-03,0.5459579999999999
2017-10-04,0.5449269999999999
2017-10-05,0.55584
2017-10-06,0.5498149999999999
2017-10-10,0.5388539999999999
2017-10-11,0.52687
2017-10-12,0.518228
2017-10-13,0.508509
2017-10-17,0.490311
2017-10-18,0.502887
2017-10-19,0.514868
2017-10-20,0.539818
2017-10-23,0.5409729999999999
2017-10-24,0.559354
2017-10-25,0.573572
2017-10-26,0.573492
2017-10-27,0.5467219999999999
2017-10-30,0.516895
2017-10-31,0.511485
2017-11-01,0.499351
2017-11-02,0.487304
2017-11-03,0.4583
2017-11-06,0.450469
2017-11-07,0.441986
2017-11-08,0.43965600000000005
2017-11-09,0.449901
2017-11-10,0.47288800000000003
2017-11-13,0.463853
2017-11-14,0.477729
2017-11-15,0.47997799999999996
2017-11-16,0.477421
2017-11-17,0.49087899999999995
2017-11-20,0.48097
2017-11-21,0.480895
2017-11-22,0.468754
2017-11-24,0.461607
2017-11-27,0.452922
2017-11-28,0.44932099999999997
2017-11-29,0.455355
2017-11-30,0.468271
2017-12-01,0.501704
2017-12-04,0.48761299999999996
2017-12-05,0.49237299999999995
2017-12-06,0.49321800000000005
2017-12-07,0.49235799999999996
2017-12-08,0.47492199999999996
2017-12-11,0.465721
2017-12-12,0.467466
2017-12-13,0.45034799999999997
2017-12-14,0.448357
2017-12-15,0.464338
2017-12-18,0.467275
2017-12-19,0.48957700000000004
2017-12-20,0.49953899999999996
2017-12-21,0.516035
2017-12-22,0.503803
2017-12-26,0.488209
2017-12-27,0.47729999999999995
2017-12-28,0.461938
2017-12-29,0.46596200000000004
2018-01-02,0.49172
2018-01-03,0.476043
2018-01-04,0.47381999999999996
2018-01-05,0.460677
2018-01-08,0.458988
2018-01-09,0.472861
2018-01-10,0.49166899999999997
2018-01-11,0.481908
2018-01-12,0.476086
2018-01-16,0.459144
2018-01-17,0.45882399999999995
2018-01-18,0.48549
2018-01-22,0.525957
2018-01-23,0.525489
2018-01-24,0.541055
2018-01-25,0.533762
2018-01-26,0.556349
2018-01-29,0.559778
2018-01-30,0.572766
2018-01-31,0.571957
2018-02-01,0.578349
2018-02-02,0.603309
2018-02-05,0.604092
2018-02-07,0.660719
2018-02-08,0.67848
2018-02-12,0.698563
2018-02-13,0.689688
2018-02-14,0.6952419999999999
2018-02-15,0.6667690000000001
2018-02-16,0.630303
2018-02-20,0.602601
2018-02-21,0.611605
2018-02-22,0.6114229999999999
2018-02-23,0.646014
2018-02-26,0.637167
2018-02-27,0.639312
2018-02-28,0.629735
2018-03-01,0.636636
2018-03-02,0.653027
2018-03-05,0.647081
2018-03-06,0.635009
2018-03-07,0.633467
2018-03-08,0.615841
2018-03-09,0.589669
2018-03-12,0.5829270000000001
2018-03-13,0.550737
2018-03-14,0.578488
2018-03-15,0.57705
2018-03-16,0.5900880000000001
2018-03-19,0.599821
2018-03-20,0.578936
2018-03-21,0.557212
2018-03-22,0.559292
2018-03-23,0.561683
2018-03-26,0.545493
2018-03-27,0.562705
2018-03-28,0.583472
2018-03-29,0.585414
2018-04-02,0.586648
2018-04-03,0.560226
2018-04-04,0.553496
2018-04-05,0.53722
2018-04-06,0.560682
2018-04-09,0.525082
2018-04-10,0.514331
2018-04-11,0.5049969999999999
2018-04-12,0.514875
2018-04-13,0.511426
2018-04-16,0.49741
2018-04-17,0.483408
2018-04-18,0.500027
2018-04-19,0.510989
2018-04-20,0.527054
2018-04-23,0.5279
2018-04-24,0.529989
2018-04-25,0.5520130000000001
2018-04-26,0.531378
2018-04-27,0.512666
2018-04-30,0.503548
2018-05-01,0.517834
2018-05-02,0.49050600000000005
2018-05-03,0.494334
2018-05-07,0.48018700000000003
2018-05-08,0.488187
2018-05-09,0.493744
2018-05-10,0.478065
2018-05-11,0.470574
2018-05-14,0.483398
2018-05-15,0.526574
2018-05-16,0.551322
2018-05-17,0.5419360000000001
2018-05-18,0.5326059999999999
2018-05-21,0.5308120000000001
2018-05-22,0.525716
2018-05-23,0.532687
2018-05-24,0.5216080000000001
2018-05-25,0.54095
2018-05-29,0.6299750000000001
2018-05-30,0.6186240000000001
2018-05-31,0.6054379999999999
2018-06-01,0.569385
2018-06-04,0.542952
2018-06-05,0.544626
2018-06-06,0.564419
2018-06-07,0.565817
2018-06-08,0.595738
2018-06-11,0.5783039999999999
2018-06-12,0.5596329999999999
2018-06-13,0.537911
2018-06-14,0.524959
2018-06-15,0.530803
2018-06-18,0.52327
2018-06-19,0.524
2018-06-20,0.5192260000000001
2018-06-21,0.530869
2018-06-22,0.530257
2018-06-25,0.5304059999999999
2018-06-26,0.512968
2018-06-27,0.5304869999999999
2018-06-28,0.52131
2018-06-29,0.511681
2018-07-02,0.502512
2018-07-03,0.512172
2018-07-05,0.514624
2018-07-06,0.501345
2018-07-09,0.49690100000000004
2018-07-10,0.498114
2018-07-11,0.504776
2018-07-12,0.48572899999999997
2018-07-13,0.482815
2018-07-16,0.477875
2018-07-17,0.466417
2018-07-18,0.45264899999999997
2018-07-19,0.47112499999999996
2018-07-20,0.490476
2018-07-23,0.515057
2018-07-24,0.503082
2018-07-25,0.48290900000000003
2018-07-26,0.492705
2018-07-27,0.488313
2018-07-30,0.494151
2018-07-31,0.465038
2018-08-01,0.48383299999999996
2018-08-02,0.47997100000000004
2018-08-03,0.47666
2018-08-06,0.46856200000000003
2018-08-07,0.471489
2018-08-08,0.468358
2018-08-09,0.47354100000000005
2018-08-10,0.506302
2018-08-13,0.507723
2018-08-14,0.498427
2018-08-15,0.515202
2018-08-16,0.506087
2018-08-17,0.506949
2018-08-20,0.509746
2018-08-21,0.503166
2018-08-22,0.49636800000000003
2018-08-23,0.49198300000000006
2018-08-24,0.491577
2018-08-27,0.493802
2018-08-28,0.499473
2018-08-29,0.491
2018-08-30,0.504093
2018-08-31,0.507097
2018-09-04,0.495692
2018-09-05,0.483958
2018-09-06,0.486547
2018-09-07,0.494302
2018-09-10,0.476915
2018-09-11,0.479734
2018-09-12,0.46789000000000003
2018-09-13,0.46055799999999997
2018-09-14,0.47450000000000003
2018-09-17,0.46808700000000003
2018-09-18,0.479674
2018-09-19,0.487934
2018-09-20,0.493444
2018-09-21,0.488315
2018-09-24,0.483059
2018-09-25,0.493793
2018-09-26,0.474395
2018-09-27,0.457079
2018-09-28,0.46163400000000004
2018-10-01,0.442847
2018-10-02,0.45354500000000003
2018-10-03,0.5020640000000001
2018-10-04,0.550667
2018-10-05,0.551865
2018-10-09,0.534469
2018-10-10,0.557
2018-10-11,0.560697
2018-10-12,0.543741
2018-10-15,0.512463
2018-10-16,0.501799
2018-10-17,0.489863
2018-10-18,0.52635
2018-10-19,0.520433
2018-10-22,0.5184960000000001
2018-10-23,0.550139
2018-10-24,0.5769299999999999
2018-10-25,0.566997
2018-10-26,0.627013
2018-10-29,0.597688
2018-10-30,0.6179290000000001
2018-10-31,0.6012850000000001
2018-11-01,0.585415
2018-11-02,0.6141599999999999
2018-11-05,0.59897
2018-11-06,0.590075
2018-11-08,0.515845
2018-11-09,0.535442
2018-11-13,0.52234
2018-11-14,0.538998
2018-11-15,0.562239
2018-11-16,0.604328
2018-11-19,0.594651
2018-11-20,0.594874
2018-11-21,0.5764520000000001
2018-11-23,0.573123
2018-11-26,0.515345
2018-11-27,0.512362
2018-11-28,0.507621
2018-11-29,0.509159
2018-11-30,0.5243220000000001
2018-12-03,0.503104
2018-12-04,0.538639
2018-12-07,0.607438
2018-12-10,0.602587
2018-12-11,0.587319
2018-12-12,0.582275
2018-12-13,0.557492
2018-12-14,0.561275
2018-12-17,0.554075
2018-12-18,0.593962
2018-12-19,0.59009
2018-12-20,0.58762
2018-12-21,0.616148
2018-12-24,0.6604430000000001
2018-12-26,0.638872
2018-12-27,0.6833710000000001
2018-12-28,0.666613
2018-12-31,0.6658280000000001
2019-01-02,0.628045
2019-01-03,0.657852
2019-01-04,0.658207
2019-01-07,0.6088020000000001
2019-01-08,0.59045
2019-01-09,0.5701769999999999
2019-01-10,0.5664929999999999
2019-01-11,0.559434
2019-01-14,0.553414
2019-01-15,0.530115
2019-01-16,0.519493
2019-01-17,0.5343910000000001
2019-01-18,0.537818
2019-01-22,0.546405
2019-01-23,0.541942
2019-01-24,0.541789
2019-01-25,0.52496
2019-01-28,0.509512
2019-01-29,0.49802100000000005
2019-01-30,0.483202
2019-01-31,0.49811700000000003
2019-02-01,0.48788699999999996
2019-02-04,0.48874
2019-02-05,0.48621200000000003
2019-02-06,0.474392
2019-02-07,0.48970199999999997
2019-02-08,0.49628
2019-02-11,0.483198
2019-02-12,0.490236
2019-02-13,0.481677
2019-02-14,0.47187199999999996
2019-02-15,0.45732300000000004
2019-02-19,0.450614
2019-02-20,0.445448
2019-02-21,0.465487
2019-02-22,0.47218400000000005
2019-02-25,0.461606
2019-02-26,0.462842
2019-02-28,0.472183
2019-03-01,0.479044
2019-03-04,0.467423
2019-03-05,0.45856699999999995
2019-03-06,0.456342
2019-03-07,0.458309
2019-03-08,0.45825299999999997
2019-03-11,0.448436
2019-03-12,0.4486
2019-03-13,0.44568800000000003
2019-03-14,0.45238100000000003
2019-03-15,0.46054
2019-03-18,0.44947699999999996
2019-03-19,0.436778
2019-03-20,0.42532200000000003
2019-03-21,0.445137
2019-03-22,0.522586
2019-03-25,0.571059
2019-03-26,0.565131
2019-03-27,0.609728
2019-03-28,0.59927
2019-03-29,0.585478
2019-04-01,0.526899
2019-04-02,0.542056
2019-04-03,0.538399
2019-04-04,0.516954
2019-04-05,0.492196
2019-04-08,0.478937
2019-04-09,0.488314
2019-04-10,0.48600299999999996
2019-04-11,0.469
2019-04-12,0.48843899999999996
2019-04-15,0.476389
2019-04-16,0.483127
2019-04-17,0.486528
2019-04-18,0.49228
2019-04-22,0.487782
2019-04-23,0.497852
2019-04-24,0.505232
2019-04-25,0.497858
2019-04-26,0.494279
2019-04-29,0.48052300000000003
2019-04-30,0.494711
2019-05-01,0.467453
2019-05-02,0.46716500000000005
2019-05-03,0.457821
2019-05-06,0.478193
2019-05-07,0.523609
2019-05-08,0.5130870000000001
2019-05-09,0.547235
2019-05-10,0.534923
2019-05-13,0.578938
2019-05-14,0.553462
2019-05-15,0.574009
2019-05-16,0.569754
2019-05-17,0.569732
2019-05-20,0.565504
2019-05-21,0.553473
2019-05-22,0.549586
2019-05-23,0.610665
2019-05-24,0.605383
2019-05-28,0.617682
2019-05-29,0.631556
2019-05-30,0.617429
2019-05-31,0.72681
2019-06-03,0.7355740000000001
2019-06-04,0.752595
2019-06-05,0.776396
2019-06-06,0.7341930000000001
2019-06-07,0.6869280000000001
2019-06-10,0.656237
2019-06-11,0.649288
2019-06-12,0.6842579999999999
2019-06-13,0.7573820000000001
2019-06-14,0.808203
2019-06-17,0.7687510000000001
2019-06-18,0.7673650000000001
2019-06-19,0.713661
2019-06-20,0.723657
2019-06-21,0.7462690000000001
2019-06-24,0.737603
2019-06-25,0.742246
2019-06-26,0.7373439999999999
2019-06-27,0.699154
2019-06-28,0.7043389999999999
2019-07-01,0.665296
2019-07-02,0.685997
2019-07-03,0.68326
2019-07-05,0.6527729999999999
2019-07-08,0.632188
2019-07-09,0.629002
2019-07-10,0.623884
2019-07-11,0.629563
2019-07-12,0.627766
2019-07-15,0.618957
2019-07-16,0.612943
2019-07-17,0.622913
2019-07-18,0.631196
2019-07-19,0.638649
2019-07-22,0.60974
2019-07-23,0.61226
2019-07-24,0.607127
2019-07-25,0.609893
2019-07-26,0.589008
2019-07-29,0.5854630000000001
2019-07-30,0.57843
2019-07-31,0.552468
2019-08-01,0.646756
2019-08-02,0.6611450000000001
2019-08-05,0.77236
2019-08-06,0.739212
2019-08-07,0.790767
2019-08-08,0.7855200000000001
2019-08-09,0.789672
2019-08-12,0.815755
2019-08-13,0.7769710000000001
2019-08-14,0.8721939999999999
2019-08-15,0.90617
2019-08-16,0.895162
2019-08-19,0.864916
2019-08-20,0.8686419999999999
2019-08-21,0.845123
2019-08-22,0.831516
2019-08-23,0.918222
2019-08-26,0.8797929999999999
2019-08-27,0.886712
2019-08-28,0.898664
2019-08-29,0.869435
2019-08-30,0.868897
2019-09-03,0.852653
2019-09-04,0.8160160000000001
2019-09-05,0.799169
2019-09-06,0.78821
2019-09-09,0.7643819999999999
2019-09-10,0.767837
2019-09-11,0.767033
2019-09-12,0.775711
2019-09-13,0.8553010000000001
2019-09-16,0.8594849999999999
2019-09-17,0.847607
2019-09-18,0.796633
2019-09-19,0.781445
2019-09-20,0.8007259999999999
2019-09-23,0.8101160000000001
2019-09-24,0.830673
2019-09-25,0.802171
2019-09-26,0.798713
2019-09-27,0.799722
2019-09-30,0.772005
2019-10-01,0.856073
2019-10-02,0.893853
2019-10-03,0.8794379999999999
2019-10-04,0.8315269999999999
2019-10-07,0.818598
2019-10-08,0.8046890000000001
2019-10-09,0.7931050000000001
2019-10-10,0.801374
2019-10-11,0.7986
2019-10-15,0.8006
2019-10-16,0.7794
2019-10-17,0.7761
2019-10-18,0.7835
2019-10-21,0.8025
2019-10-22,0.7873
2019-10-23,0.7303000000000001
2019-10-24,0.6897
2019-10-25,0.6707
2019-10-28,0.6740999999999999
2019-10-29,0.6761
2019-10-30,0.6332
2019-10-31,0.6587999999999999
2019-11-01,0.5728
2019-11-04,0.6018
2019-11-05,0.6148
2019-11-06,0.6173
2019-11-07,0.6708
2019-11-08,0.6444
2019-11-11,0.6444
2019-11-12,0.6981999999999999
2019-11-13,0.6609999999999999
2019-11-14,0.6417
2019-11-15,0.617
2019-11-18,0.6413
2019-11-19,0.6264
2019-11-20,0.6557999999999999
2019-11-21,0.6183
2019-11-22,0.6217
2019-11-25,0.6154999999999999
2019-11-26,0.6039
2019-11-27,0.5761999999999999
2019-11-28,0.5761999999999999
2019-11-29,0.5657
2019-12-02,0.5942000000000001
2019-12-03,0.6462
2019-12-04,0.6301
2019-12-05,0.6373
2019-12-06,0.6406999999999999
2019-12-09,0.6729
2019-12-10,0.6709
2019-12-11,0.613
2019-12-12,0.6163000000000001
2019-12-13,0.5644
2019-12-16,0.5613
2019-12-17,0.5538000000000001
2019-12-18,0.5341
2019-12-19,0.537
2019-12-20,0.5418999999999999
2019-12-23,0.5531
2019-12-24,0.5832
2019-12-25,0.5832
2019-12-26,0.5642
2019-12-27,0.5529999999999999
2019-12-30,0.5963
2019-12-31,0.5828
2020-01-01,0.5828
2020-01-02,0.5720000000000001
2020-01-03,0.6012
2020-01-06,0.6279
2020-01-07,0.6263000000000001
2020-01-08,0.6049
2020-01-09,0.5766
2020-01-10,0.5332
2020-01-13,0.5327000000000001
2020-01-14,0.5235
2020-01-15,0.5054
2020-01-16,0.5036999999999999
2020-01-17,0.49670000000000003
2020-01-20,0.49670000000000003
2020-01-21,0.5342
2020-01-22,0.5131
2020-01-23,0.5534
2020-01-24,0.5993999999999999
2020-01-27,0.6673
2020-01-28,0.6559999999999999
2020-01-29,0.6617000000000001
2020-01-30,0.7106999999999999
2020-01-31,0.7298
2020-02-03,0.7281
2020-02-04,0.6817
2020-02-05,0.6406999999999999
2020-02-06,0.6124
2020-02-07,0.6559
2020-02-10,0.6812999999999999
2020-02-11,0.6489
2020-02-12,0.6352
2020-02-13,0.6351
2020-02-14,0.6238
2020-02-18,0.6766
2020-02-19,0.6804000000000001
2020-02-20,0.696
2020-02-21,0.7454000000000001
2020-02-24,0.8692
2020-02-25,0.8737999999999999
2020-02-26,0.87
2020-02-27,0.9259000000000001
2020-02-28,1.0967
2020-03-02,1.0489
2020-03-03,1.0297
2020-03-04,0.8959
2020-03-05,0.9695999999999999
2020-03-06,1.2521
2020-03-09,1.6369999999999998
2020-03-10,1.2372
2020-03-11,1.2784
2020-03-12,1.5262
2020-03-13,1.3840000000000001
2020-03-16,1.2453
2020-03-17,1.0985
2020-03-18,1.2414
2020-03-19,1.4113
2020-03-20,1.3337
2020-03-23,1.3538
2020-03-24,1.1109
2020-03-25,0.8714
2020-03-26,0.8848
2020-03-27,0.8833
2020-03-30,0.907
2020-03-31,0.8387
2020-04-01,0.8312999999999999
2020-04-02,0.7199
2020-04-03,0.6501
2020-04-06,0.6628000000000001
2020-04-07,0.7221
2020-04-08,0.7570999999999999
2020-04-09,0.7439
2020-04-13,0.7585
2020-04-14,0.6951999999999999
2020-04-15,0.705
2020-04-16,0.6993
2020-04-17,0.6984
2020-04-20,0.706
2020-04-21,0.7383
2020-04-22,0.7229000000000001
2020-04-23,0.6725
2020-04-24,0.6609
2020-04-27,0.627
2020-04-28,0.5889
2020-04-29,0.5715
2020-04-30,0.5359
2020-05-01,0.48109999999999997
2020-05-04,0.4925
2020-05-05,0.4965
2020-05-06,0.5131
2020-05-07,0.5493
2020-05-08,0.574
2020-05-11,0.616
2020-05-12,0.6126
2020-05-13,0.5756
2020-05-14,0.5905
2020-05-15,0.5653
2020-05-18,0.5870000000000001
2020-05-19,0.6009
2020-05-20,0.5885
2020-05-21,0.5562
2020-05-22,0.5167
2020-05-25,0.5167
2020-05-26,0.5222
2020-05-27,0.5297999999999999
2020-05-28,0.5057
2020-05-29,0.5155
2020-06-01,0.5507
2020-06-02,0.5535
2020-06-03,0.6124
2020-06-04,0.6118
2020-06-05,0.6197
2020-06-08,0.6277
2020-06-09,0.6294
2020-06-10,0.6002000000000001
2020-06-11,0.5647
2020-06-12,0.5581
2020-06-15,0.5809000000000001
2020-06-16,0.6049
2020-06-17,0.5816
2020-06-18,0.5515
2020-06-19,0.5345
2020-06-22,0.5393
2020-06-23,0.5404
2020-06-24,0.5489
2020-06-25,0.5157
2020-06-26,0.5121
2020-06-29,0.5296
2020-06-30,0.5413
2020-07-01,0.5328
2020-07-02,0.5096
2020-07-06,0.5203
2020-07-07,0.5097999999999999
2020-07-08,0.498
2020-07-09,0.5007
2020-07-10,0.4919
2020-07-13,0.4955
2020-07-14,0.5081
2020-07-15,0.4708
2020-07-16,0.4643
2020-07-17,0.4568
2020-07-20,0.4682
2020-07-21,0.4645
2020-07-22,0.4532
2020-07-23,0.4393
2020-07-24,0.42479999999999996
2020-07-27,0.4261
2020-07-28,0.4127
2020-07-29,0.4163
2020-07-30,0.40659999999999996
2020-07-31,0.41979999999999995
2020-08-03,0.43134500000000003
2020-08-04,0.44107100000000005
2020-08-05,0.417507
2020-08-06,0.426047
2020-08-07,0.41462200000000005
2020-08-10,0.42213
2020-08-11,0.45264200000000004
2020-08-12,0.442282
2020-08-13,0.45083599999999996
2020-08-14,0.43090000000000006
2020-08-17,0.4581
2020-08-18,0.4606
2020-08-19,0.446
2020-08-20,0.4458
2020-08-21,0.4514
2020-08-24,0.4633
2020-08-25,0.4789
2020-08-26,0.4799
2020-08-27,0.4929
2020-08-28,0.4819
2020-08-31,0.4702
2020-09-01,0.44299999999999995
2020-09-02,0.4486
2020-09-03,0.4576
2020-09-04,0.4704
2020-09-08,0.5068
2020-09-09,0.4882
2020-09-10,0.4521
2020-09-11,0.43119999999999997
2020-09-14,0.4421
2020-09-15,0.43060000000000004
2020-09-16,0.4243
2020-09-17,0.3845
2020-09-18,0.3724
2020-09-21,0.38630000000000003
2020-09-22,0.3935
2020-09-23,0.38630000000000003
2020-09-24,0.3722
2020-09-25,0.3697
2020-09-28,0.374
2020-09-29,0.36619999999999997
2020-09-30,0.3921
2020-10-01,0.3865
2020-10-02,0.3997
2020-10-05,0.3981
2020-10-06,0.5775
2020-10-07,0.5698
2020-10-08,0.5731
2020-10-09,0.5752
2020-10-13,0.5559000000000001
2020-10-14,0.535
2020-10-15,0.5562
2020-10-16,0.5725
2020-10-19,0.6115999999999999
2020-10-20,0.6042000000000001
2020-10-21,0.5907
2020-10-22,0.5972999999999999
2020-10-23,0.5846
2020-10-26,0.5895
2020-10-27,0.5788
2020-10-28,0.5713
2020-10-29,0.613
2020-10-30,0.6191
2020-11-02,0.6356
2020-11-03,0.6437
2020-11-04,0.47740000000000005
2020-11-05,0.4376
2020-11-06,0.39880000000000004
2020-11-09,0.44939999999999997
2020-11-10,0.4619
2020-11-12,0.44170000000000004
2020-11-13,0.42950000000000005
2020-11-16,0.4249
2020-11-17,0.43079999999999996
2020-11-18,0.4362
2020-11-19,0.4353
2020-11-20,0.42310000000000003
2020-11-23,0.4304
2020-11-24,0.4238
2020-11-25,0.3962
2020-11-27,0.39640000000000003
2020-11-30,0.40840000000000004
2020-12-01,0.4153
2020-12-02,0.43920000000000003
2020-12-03,0.4253
2020-12-04,0.4389
2020-12-07,0.49670000000000003
2020-12-08,0.491
2020-12-09,0.48479999999999995
2020-12-10,0.4715
2020-12-11,0.4752
2020-12-14,0.49219999999999997
2020-12-15,0.4814
2020-12-16,0.4696
2020-12-17,0.4415
2020-12-18,0.4464
2020-12-21,0.46659999999999996
2020-12-22,0.4357
2020-12-23,0.4274
2020-12-24,0.4211
2020-12-28,0.4526
2020-12-29,0.461
2020-12-30,0.4719
2020-12-31,0.48979999999999996
2021-01-04,0.4959
2021-01-05,0.48950000000000005
2021-01-06,0.4464
2021-01-07,0.452
2021-01-08,0.4481
2021-01-11,0.4777
2021-01-12,0.5012
2021-01-13,0.456
2021-01-14,0.4623
2021-01-15,0.4514
2021-01-19,0.4523
2021-01-20,0.4253
2021-01-21,0.4301
2021-01-22,0.43090000000000006
2021-01-25,0.43079999999999996
2021-01-26,0.4314
2021-01-27,0.4416
2021-01-28,0.45530000000000004
2021-01-29,0.47409999999999997
2021-02-01,0.4628
2021-02-02,0.45909999999999995
2021-02-03,0.4693
2021-02-04,0.4725
2021-02-05,0.47200000000000003
2021-02-08,0.48450000000000004
2021-02-09,0.4675
2021-02-10,0.46270000000000006
2021-02-11,0.4595
2021-02-12,0.47009999999999996
2021-02-16,0.5678
2021-02-17,0.5597
2021-02-18,0.5611999999999999
2021-02-19,0.6043
2021-02-22,0.6242
2021-02-23,0.6173
2021-02-24,0.6192
2021-02-25,0.7415999999999999
2021-02-26,0.7565999999999999
2021-03-01,0.6873
2021-03-02,0.5770000000000001
2021-03-03,0.6583
2021-03-04,0.6812999999999999
2021-03-05,0.6937000000000001
2021-03-08,0.7165
2021-03-09,0.6744
2021-03-10,0.6319
2021-03-11,0.639
2021-03-12,0.7082999999999999
2021-03-15,0.7079000000000001
2021-03-16,0.7081000000000001
2021-03-17,0.6675
2021-03-18,0.7048000000000001
2021-03-19,0.688
2021-03-22,0.6762
2021-03-23,0.6077
2021-03-24,0.6071
2021-03-25,0.5954
2021-03-26,0.6149
2021-03-29,0.6596
2021-03-30,0.6744
2021-03-31,0.7127
2021-04-01,0.6498999999999999
2021-04-02,0.6371
2021-04-05,0.6179
2021-04-06,0.6029
2021-04-07,0.6254
2021-04-08,0.6008
2021-04-09,0.6121
2021-04-12,0.635
2021-04-13,0.612
2021-04-14,0.6008
2021-04-15,0.5905
2021-04-16,0.6257
2021-04-19,0.6396000000000001
2021-04-20,0.6435
2021-04-21,0.6227
2021-04-22,0.5962
2021-04-23,0.5998
2021-04-26,0.6098
2021-04-27,0.6015
2021-04-28,0.6031
2021-04-29,0.5902000000000001
2021-04-30,0.5813
2021-05-03,0.5733
2021-05-04,0.5851
2021-05-05,0.5693
2021-05-06,0.5775
2021-05-07,0.5413
2021-05-10,0.5548
2021-05-11,0.5801
2021-05-12,0.5847
2021-05-13,0.5659000000000001
2021-05-14,0.5499
2021-05-17,0.5859000000000001
2021-05-18,0.5718
2021-05-19,0.5731
2021-05-20,0.5504
2021-05-21,0.5459
2021-05-24,0.5494
2021-05-25,0.5372
2021-05-26,0.5282
2021-05-27,0.5347
2021-05-28,0.5204
2021-06-01,0.5499
2021-06-02,0.5521
2021-06-03,0.5396
2021-06-04,0.4978
2021-06-07,0.4955
2021-06-08,0.4993
2021-06-09,0.5284
2021-06-10,0.4826
2021-06-11,0.5085000000000001
2021-06-14,0.5403
2021-06-15,0.5292
2021-06-16,0.5428000000000001
2021-06-17,0.5490999999999999
2021-06-18,0.6045
2021-06-21,0.6186
2021-06-22,0.5864
2021-06-23,0.556
2021-06-24,0.5483
2021-06-25,0.5558
2021-06-28,0.5633
2021-06-29,0.568
2021-06-30,0.5727
2021-07-01,0.5752
2021-07-02,0.5241
2021-07-06,0.5655
2021-07-07,0.6065
2021-07-08,0.6168
2021-07-09,0.5992000000000001
2021-07-12,0.6078
2021-07-13,0.608
2021-07-14,0.5731
2021-07-15,0.5698
2021-07-16,0.5824
2021-07-19,0.6758
2021-07-20,0.6931
2021-07-21,0.6528
2021-07-22,0.6496
2021-07-23,0.6528
2021-07-26,0.6903
2021-07-27,0.7006999999999999
2021-07-28,0.624
2021-07-29,0.6208
2021-07-30,0.6119
2021-08-02,0.6429
2021-08-03,0.6542
2021-08-04,0.6267
2021-08-05,0.6357
2021-08-06,0.6264
2021-08-09,0.6572
2021-08-10,0.6655
2021-08-11,0.6065999999999999
2021-08-12,0.5739
2021-08-13,0.5545
2021-08-16,0.594
2021-08-17,0.6028
2021-08-18,0.5805
2021-08-19,0.5938
2021-08-20,0.5995
2021-08-23,0.6223
2021-08-24,0.6303
2021-08-25,0.6451
2021-08-26,0.6341
2021-08-27,0.5798
2021-08-30,0.6014
2021-08-31,0.5954
2021-09-01,0.5809000000000001
2021-09-02,0.5579999999999999
2021-09-03,0.5326
2021-09-07,0.5705
2021-09-08,0.5702
2021-09-09,0.5261
2021-09-10,0.5173
2021-09-13,0.531
2021-09-14,0.5173
2021-09-15,0.5393
2021-09-16,0.537
2021-09-17,0.5606
2021-09-20,0.5958
2021-09-21,0.5920000000000001
2021-09-22,0.5592
2021-09-23,0.5679
2021-09-24,0.5846
2021-09-27,0.605
2021-09-28,0.6271
2021-09-29,0.6121
2021-09-30,0.6107
2021-10-01,0.5738
2021-10-04,0.6061
2021-10-05,0.6283
2021-10-06,0.6065
2021-10-07,0.6091
2021-10-08,0.5965
2021-10-12,0.6295000000000001
2021-10-13,0.6084
2021-10-14,0.5935
2021-10-15,0.627
2021-10-18,0.7077
2021-10-19,0.6825
2021-10-20,0.6547
2021-10-21,0.6942
2021-10-22,0.7204
2021-10-25,0.6896
2021-10-26,0.667
2021-10-27,0.7006
2021-10-28,0.7195999999999999
2021-10-29,0.7545000000000001
2021-11-01,0.7834
2021-11-02,0.7104
2021-11-03,0.7121999999999999
2021-11-04,0.6461
2021-11-05,0.669
2021-11-08,0.7097
2021-11-09,0.7302
2021-11-10,0.7831
2021-11-12,0.7861
2021-11-15,0.8159000000000001
2021-11-16,0.8158
2021-11-17,0.8158
2021-11-18,0.7451000000000001
2021-11-19,0.7339
2021-11-22,0.7920999999999999
2021-11-23,0.8057
2021-11-24,0.8315
2021-11-26,0.8945000000000001
2021-11-29,0.8941
2021-11-30,0.8404
2021-12-01,0.8297
2021-12-02,0.8255
2021-12-03,0.7914
2021-12-06,0.8789
2021-12-07,0.8814
2021-12-08,0.8029000000000001
2021-12-09,0.7954000000000001
2021-12-10,0.7436
2021-12-13,0.7641
2021-12-14,0.7898000000000001
2021-12-15,0.7406
2021-12-16,0.691
2021-12-17,0.7245999999999999
2021-12-20,0.7702
2021-12-21,0.7951999999999999
2021-12-22,0.7685
2021-12-23,0.7729
2021-12-27,0.8012
2021-12-28,0.7752
2021-12-29,0.78
2021-12-30,0.7762
2021-12-31,0.7709999999999999
2022-01-03,0.8408
2022-01-04,0.8311
2022-01-05,0.7868
2022-01-06,0.7773
2022-01-07,0.7469
2022-01-10,0.7812
2022-01-11,0.7785
2022-01-12,0.7454999999999999
2022-01-13,0.7256999999999999
2022-01-14,0.7659
2022-01-18,0.8462999999999999
2022-01-19,0.8014
2022-01-20,0.8096
2022-01-21,0.8103
2022-01-24,0.8377
2022-01-25,0.8456999999999999
2022-01-26,0.8575
2022-01-27,0.8562000000000001
2022-01-28,0.8529000000000001
2022-01-31,0.8514
2022-02-01,0.8522
2022-02-02,0.8484999999999999
2022-02-03,0.8573999999999999
2022-02-04,0.8768
2022-02-07,0.8744
2022-02-08,0.8271999999999999
2022-02-09,0.8176000000000001
2022-02-10,0.8852
2022-02-11,0.9403
2022-02-14,1.0228
2022-02-15,0.94
2022-02-16,0.9274
2022-02-17,0.9617
2022-02-18,0.9436
2022-02-22,0.9554
2022-02-23,0.9515
2022-02-24,1.0075
2022-02-25,0.9334
2022-02-28,1.004
2022-03-01,1.1826
2022-03-02,1.1028
2022-03-03,1.1518000000000002
2022-03-04,1.3182
2022-03-07,1.4003
2022-03-08,1.3337
2022-03-09,1.109
2022-03-10,1.0531
2022-03-11,0.9903
2022-03-14,1.0508
2022-03-15,1.0103
2022-03-16,1.0057
2022-03-17,0.9176000000000001
2022-03-18,0.9177
2022-03-21,1.0194
2022-03-22,1.0537999999999998
2022-03-23,1.0572
2022-03-24,1.1314
2022-03-25,1.2527
2022-03-28,1.2928
2022-03-29,1.1792
2022-03-30,1.1298000000000001
2022-03-31,1.0688
2022-04-01,1.0834000000000001
2022-04-04,1.0837
2022-04-05,1.1637
2022-04-06,1.2392
2022-04-07,1.2267000000000001
2022-04-08,1.2486
2022-04-11,1.2987
2022-04-12,1.1779000000000002
2022-04-13,1.1633
2022-04-14,1.1965999999999999
2022-04-18,1.2231999999999998
2022-04-19,1.2274
2022-04-20,1.2512
2022-04-21,1.3069
2022-04-22,1.2812000000000001
2022-04-25,1.3163
2022-04-26,1.2927000000000002
2022-04-27,1.3011000000000001
2022-04-28,1.2874
2022-04-29,1.284
2022-05-02,1.3517
2022-05-03,1.2646
2022-05-04,1.2199
2022-05-05,1.2272
2022-05-06,1.2142
2022-05-09,1.2522
2022-05-10,1.2676
2022-05-11,1.1804999999999999
2022-05-12,1.1873
2022-05-13,1.1461
2022-05-16,1.1795
2022-05-17,1.1945999999999999
2022-05-18,1.1486
2022-05-19,1.1505
2022-05-20,1.111
2022-05-23,1.1018999999999999
2022-05-24,1.1115000000000002
2022-05-25,1.0569
2022-05-26,1.0249
2022-05-27,0.9848
2022-05-31,1.0712000000000002
2022-06-01,1.0937999999999999
2022-06-02,0.9926999999999999
2022-06-03,0.9773000000000001
2022-06-06,1.0226
2022-06-07,1.0261
2022-06-08,1.0529000000000002
2022-06-09,1.0529000000000002
2022-06-10,1.1423
2022-06-13,1.3921000000000001
2022-06-14,1.4409
2022-06-15,1.3593000000000002
2022-06-16,1.381
2022-06-17,1.3375
2022-06-21,1.3891
2022-06-22,1.2993999999999999
2022-06-23,1.2598
2022-06-24,1.27
2022-06-27,1.3322
2022-06-28,1.3522
2022-06-29,1.3043
2022-06-30,1.355
2022-07-01,1.4417
2022-07-05,1.5615999999999999
2022-07-06,1.5113999999999999
2022-07-07,1.4971
2022-07-08,1.4525
2022-07-11,1.4772
2022-07-12,1.4811
2022-07-13,1.361
2022-07-14,1.3776
2022-07-15,1.2985
2022-07-18,1.2769
2022-07-19,1.247
2022-07-20,1.229
2022-07-21,1.2115
2022-07-22,1.237
2022-07-25,1.2827000000000002
2022-07-26,1.2855
2022-07-27,1.1728
2022-07-28,1.1993
2022-07-29,1.1636
2022-08-01,1.205
2022-08-02,1.2923
2022-08-03,1.2204000000000002
2022-08-04,1.2057
2022-08-05,1.2258
2022-08-08,1.2412
2022-08-09,1.2512
2022-08-10,1.1526
2022-08-11,1.1111
2022-08-12,1.0628
2022-08-15,1.1381999999999999
2022-08-16,1.1683
2022-08-17,1.177
2022-08-18,1.2026000000000001
2022-08-19,1.2381
2022-08-22,1.3588999999999998
2022-08-23,1.3385
2022-08-24,1.3313
2022-08-25,1.2633
2022-08-26,1.2295
2022-08-29,1.3014
2022-08-30,1.2769
2022-08-31,1.2484
2022-09-01,1.2658
2022-09-02,1.2072
2022-09-06,1.3354
2022-09-07,1.3312
2022-09-08,1.2414
2022-09-09,1.2154
2022-09-12,1.2307
2022-09-13,1.2887
2022-09-14,1.2534999999999998
2022-09-15,1.2407
2022-09-16,1.2495
2022-09-19,1.3378999999999999
2022-09-20,1.3466
2022-09-21,1.3054
2022-09-22,1.3193000000000001
2022-09-23,1.3728
2022-09-26,1.5361000000000002
2022-09-27,1.5812
2022-09-28,1.5899
2022-09-29,1.4813999999999998
2022-09-30,1.4188999999999998
2022-10-03,1.5293999999999999
2022-10-04,1.5121
2022-10-05,1.5201
2022-10-06,1.5329
2022-10-07,1.4846000000000001
2022-10-11,1.5556999999999999
2022-10-12,1.6072
2022-10-13,1.5508000000000002
2022-10-14,1.5289
2022-10-17,1.5042
2022-10-18,1.4579
2022-10-19,1.4772999999999998
2022-10-20,1.5561
2022-10-21,1.5695
2022-10-24,1.5402
2022-10-25,1.4778
2022-10-26,1.402
2022-10-27,1.4278
2022-10-28,1.446
2022-10-31,1.4791999999999998
2022-11-01,1.4842
2022-11-02,1.4117
2022-11-03,1.3628
2022-11-04,1.2844
2022-11-07,1.2833
2022-11-08,1.2633
2022-11-09,1.244
2022-11-10,1.1169
2022-11-14,1.1999
2022-11-15,1.2862
2022-11-16,1.3083
2022-11-17,1.3218
2022-11-18,1.2933000000000001
2022-11-21,1.3213
2022-11-22,1.3353
2022-11-23,1.3619999999999999
2022-11-25,1.296
2022-11-28,1.3173
2022-11-29,1.3122999999999998
2022-11-30,1.2727
2022-12-01,1.1977
2022-12-02,1.1862000000000001
2022-12-05,1.265
2022-12-06,1.2909
2022-12-07,1.311
2022-12-08,1.2953999999999999
2022-12-09,1.3278999999999999
2022-12-12,1.4193
2022-12-13,1.3508000000000002
2022-12-14,1.2026000000000001
2022-12-15,1.1126
2022-12-16,1.1365
2022-12-19,1.1832
2022-12-20,1.1992
2022-12-21,1.15
2022-12-22,1.1205
2022-12-23,1.1317
2022-12-27,1.2489
2022-12-28,1.2006999999999999
2022-12-29,1.2025
2022-12-30,1.2161
2023-01-03,1.2997
2023-01-04,1.2578
2023-01-05,1.1953
2023-01-06,1.1387
2023-01-09,1.1667
2023-01-10,1.1952
2023-01-11,1.1517
2023-01-12,1.1234
2023-01-13,1.1355
2023-01-17,1.2227
2023-01-18,1.1261
2023-01-19,1.1453
2023-01-20,1.1476
2023-01-23,1.1469
2023-01-24,1.1276000000000002
2023-01-25,1.0774
2023-01-26,1.0428
2023-01-27,1.0070000000000001
2023-01-30,1.0377
2023-01-31,0.9954000000000001
2023-02-01,0.9732999999999999
2023-02-02,0.9776
2023-02-03,0.9899
2023-02-06,1.0563
2023-02-07,1.0315
2023-02-08,1.0075
2023-02-09,1.0245
2023-02-10,1.0963
2023-02-13,1.1067
2023-02-14,1.1059
2023-02-15,1.0864
2023-02-16,1.1101
2023-02-17,1.1011
2023-02-21,1.1962000000000002
2023-02-22,1.1821
2023-02-23,1.1745
2023-02-24,1.2284
2023-02-27,1.2003
2023-02-28,1.236
2023-03-01,1.2107999999999999
2023-03-02,1.2412
2023-03-03,1.2252
2023-03-06,1.2819
2023-03-07,1.3333000000000002
2023-03-08,1.2975999999999999
2023-03-09,1.2928
2023-03-10,1.4006
2023-03-13,1.7359
2023-03-14,1.6965000000000001
2023-03-15,1.9871
2023-03-16,1.6796
2023-03-17,1.8011000000000001
2023-03-20,1.8263999999999998
2023-03-21,1.6231
2023-03-22,1.4284000000000001
2023-03-23,1.514
2023-03-24,1.7366
2023-03-27,1.6166999999999998
2023-03-28,1.5596
2023-03-29,1.5058
2023-03-30,1.4124
2023-03-31,1.3593000000000002
2023-04-03,1.3817
2023-04-04,1.4775
2023-04-05,1.5390000000000001
2023-04-06,1.4772999999999998
2023-04-07,1.392
2023-04-10,1.43
2023-04-11,1.3978
2023-04-12,1.2968000000000002
2023-04-13,1.1995
2023-04-14,1.1884000000000001
2023-04-17,1.2268999999999999
2023-04-18,1.2278
2023-04-19,1.2402
2023-04-20,1.2061
2023-04-21,1.2084000000000001
2023-04-24,1.2628
2023-04-25,1.3713
2023-04-26,1.3038999999999998
2023-04-27,1.2243000000000002
2023-04-28,1.2246
2023-05-01,1.2818
2023-05-02,1.3755000000000002
2023-05-03,1.345
2023-05-04,1.4071
2023-05-05,1.3021
2023-05-08,1.3507
2023-05-09,1.3393000000000002
2023-05-10,1.256
2023-05-11,1.2821
2023-05-12,1.2052
2023-05-15,1.2789
2023-05-16,1.3030000000000002
2023-05-17,1.2078
2023-05-18,1.225
