Date,HIGH,CLOSE,LOW,OPEN
2017-01-03,,76.7316,,
2017-01-04,,76.4077,,
2017-01-05,,76.5029,,
2017-01-06,,75.2375,,
2017-01-09,,74.8288,,
2017-01-10,,73.2584,,
2017-01-11,,72.8257,,
2017-01-12,,73.744,,
2017-01-13,,74.5005,,
2017-01-17,,73.939,,
2017-01-18,,73.9423,,
2017-01-19,,78.3221,,
2017-01-20,,76.7057,,
2017-01-23,,75.5172,,
2017-01-24,,75.5299,,
2017-01-25,,77.0613,,
2017-01-26,,74.6944,,
2017-01-27,,72.1877,,
2017-01-30,,72.3572,,
2017-01-31,,72.5153,,
2017-02-01,,70.8378,,
2017-02-02,,69.9231,,
2017-02-03,,67.3897,,
2017-02-06,,67.5544,,
2017-02-07,,68.07,,
2017-02-08,,68.7425,,
2017-02-09,,68.9453,,
2017-02-10,,69.6282,,
2017-02-13,,68.8286,,
2017-02-14,,67.2553,,
2017-02-15,,65.5141,,
2017-02-16,,68.2298,,
2017-02-17,,69.7839,,
2017-02-21,,68.7218,,
2017-02-22,,69.2627,,
2017-02-23,,68.641,,
2017-02-24,,69.8485,,
2017-02-27,,70.8911,,
2017-03-02,,69.539,,
2017-03-03,,65.787,,
2017-03-06,,65.4098,,
2017-03-07,,66.0329,,
2017-03-08,,66.6094,,
2017-03-09,,69.1812,,
2017-03-10,,67.7001,,
2017-03-13,,65.6376,,
2017-03-14,,65.182,,
2017-03-15,,61.62,,
2017-03-16,,60.4397,,
2017-03-17,,60.7216,,
2017-03-20,,59.8151,,
2017-03-21,,62.1347,,
2017-03-23,,65.2168,,
2017-03-24,,64.4514,,
2017-03-27,,62.6832,,
2017-03-28,,61.9509,,
2017-03-29,,61.0203,,
2017-03-30,,60.9355,,
2017-03-31,,60.6987,,
2017-04-03,,61.228,,
2017-04-04,,64.7657,,
2017-04-05,,63.7153,,
2017-04-06,,68.2529,,
2017-04-07,,68.6602,,
2017-04-10,,68.4973,,
2017-04-11,,70.5585,,
2017-04-12,,73.4226,,
2017-04-13,,74.4847,,
2017-04-17,,70.9568,,
2017-04-18,,72.8666,,
2017-04-19,,73.1268,,
2017-04-20,,73.8561,,
2017-04-21,,77.1537,,
2017-04-24,,63.2709,,
2017-04-25,,62.3632,,
2017-04-26,,60.9543,,
2017-04-27,,59.8191,,
2017-04-28,,60.1925,,
2017-05-01,,59.3993,,
2017-05-02,,60.324,,
2017-05-03,,59.384,,
2017-05-04,,60.0804,,
2017-05-05,,58.7242,,
2017-05-08,,55.4105,,
2017-05-09,,55.2203,,
2017-05-10,,55.0298,,
2017-05-11,,54.467,,
2017-05-12,,55.7115,,
2017-05-15,,56.7293,,
2017-05-16,,55.4971,,
2017-05-17,,62.5769,,
2017-05-18,,58.9788,,
2017-05-19,,57.8248,,
2017-05-22,,55.4739,,
2017-05-24,,54.4058,,
2017-05-25,,54.3201,,
2017-05-26,,54.0528,,
2017-05-31,,53.9509,,
2017-06-01,,53.9973,,
2017-06-02,,53.736,,
2017-06-05,,52.9974,,
2017-06-06,,53.2197,,
2017-06-07,,54.7989,,
2017-06-08,,53.7306,,
2017-06-09,,52.5578,,
2017-06-12,,52.3162,,
2017-06-13,,51.6651,,
2017-06-14,,52.215,,
2017-06-15,,51.5928,,
2017-06-16,,51.4839,,
2017-06-19,,51.6005,,
2017-06-20,,51.5955,,
2017-06-21,,51.6373,,
2017-06-22,,51.1318,,
2017-06-23,,51.1575,,
2017-06-26,,50.0183,,
2017-06-27,,52.1031,,
2017-06-28,,52.5083,,
2017-06-29,,54.6615,,
2017-06-30,,55.2201,,
2017-07-03,,55.2549,,
2017-07-05,,56.437,,
2017-07-06,,56.9551,,
2017-07-07,,55.7569,,
2017-07-10,,53.1771,,
2017-07-11,,53.2247,,
2017-07-12,,52.4337,,
2017-07-13,,52.2106,,
2017-07-14,,51.0294,,
2017-07-17,,50.0021,,
2017-07-18,,49.549,,
2017-07-19,,48.2572,,
2017-07-20,,46.9986,,
2017-07-21,,47.4498,,
2017-07-24,,46.9963,,
2017-07-25,,49.5734,,
2017-07-26,,47.2833,,
2017-07-27,,48.4176,,
2017-07-28,,48.5291,,
2017-07-31,,48.1375,,
2017-08-01,,49.9721,,
2017-08-02,,48.7476,,
2017-08-03,,47.9293,,
2017-08-04,,47.2827,,
2017-08-07,,46.9123,,
2017-08-08,,47.3352,,
2017-08-09,,49.6655,,
2017-08-10,,52.0038,,
2017-08-11,,52.0646,,
2017-08-14,,49.2968,,
2017-08-15,,48.6336,,
2017-08-16,,48.4663,,
2017-08-17,,48.8418,,
2017-08-18,,50.1582,,
2017-08-21,,52.056,,
2017-08-22,,51.3012,,
2017-08-23,,52.082,,
2017-08-24,,52.49,,
2017-08-25,,50.5552,,
2017-08-28,,48.8608,,
2017-08-29,,51.4034,,
2017-08-30,,51.557,,
2017-08-31,,51.1311,,
2017-09-01,,49.4378,,
2017-09-05,,53.3179,,
2017-09-06,,52.9189,,
2017-09-07,,54.0104,,
2017-09-11,,51.8823,,
2017-09-12,,51.6453,,
2017-09-13,,51.3709,,
2017-09-14,,50.7289,,
2017-09-15,,50.6332,,
2017-09-18,,50.1627,,
2017-09-19,,49.8605,,
2017-09-20,,49.1538,,
2017-09-21,,48.3122,,
2017-09-22,,50.5164,,
2017-09-25,,51.1119,,
2017-09-26,,50.6363,,
2017-09-27,,52.0778,,
2017-09-28,,51.8596,,
2017-09-29,,52.8752,,
2017-10-02,,54.4569,,
2017-10-03,,54.5958,,
2017-10-04,,54.4927,,
2017-10-05,,55.584,,
2017-10-06,,54.9815,,
2017-10-10,,53.8854,,
2017-10-11,,52.687,,
2017-10-12,,51.8228,,
2017-10-13,,50.8509,,
2017-10-17,,49.0311,,
2017-10-18,,50.2887,,
2017-10-19,,51.4868,,
2017-10-20,,53.9818,,
2017-10-23,,54.0973,,
2017-10-24,,55.9354,,
2017-10-25,,57.3572,,
2017-10-26,,57.3492,,
2017-10-27,,54.6722,,
2017-10-30,,51.6895,,
2017-10-31,,51.1485,,
2017-11-01,,49.9351,,
2017-11-02,,48.7304,,
2017-11-03,,45.83,,
2017-11-06,,45.0469,,
2017-11-07,,44.1986,,
2017-11-08,,43.9656,,
2017-11-09,,44.9901,,
2017-11-10,,47.2888,,
2017-11-13,,46.3853,,
2017-11-14,,47.7729,,
2017-11-15,,47.9978,,
2017-11-16,,47.7421,,
2017-11-17,,49.0879,,
2017-11-20,,48.097,,
2017-11-21,,48.0895,,
2017-11-22,,46.8754,,
2017-11-24,,46.1607,,
2017-11-27,,45.2922,,
2017-11-28,,44.9321,,
2017-11-29,,45.5355,,
2017-11-30,,46.8271,,
2017-12-01,,50.1704,,
2017-12-04,,48.7613,,
2017-12-05,,49.2373,,
2017-12-06,,49.3218,,
2017-12-07,,49.2358,,
2017-12-08,,47.4922,,
2017-12-11,,46.5721,,
2017-12-12,,46.7466,,
2017-12-13,,45.0348,,
2017-12-14,,44.8357,,
2017-12-15,,46.4338,,
2017-12-18,,46.7275,,
2017-12-19,,48.9577,,
2017-12-20,,49.9539,,
2017-12-21,,51.6035,,
2017-12-22,,50.3803,,
2017-12-26,,48.8209,,
2017-12-27,,47.73,,
2017-12-28,,46.1938,,
2017-12-29,,46.5962,,
2018-01-02,,49.172,,
2018-01-03,,47.6043,,
2018-01-04,,47.382,,
2018-01-05,,46.0677,,
2018-01-08,,45.8988,,
2018-01-09,,47.2861,,
2018-01-10,,49.1669,,
2018-01-11,,48.1908,,
2018-01-12,,47.6086,,
2018-01-16,,45.9144,,
2018-01-17,,45.8824,,
2018-01-18,,48.549,,
2018-01-22,,52.5957,,
2018-01-23,,52.5489,,
2018-01-24,,54.1055,,
2018-01-25,,53.3762,,
2018-01-26,,55.6349,,
2018-01-29,,55.9778,,
2018-01-30,,57.2766,,
2018-01-31,,57.1957,,
2018-02-01,,57.8349,,
2018-02-02,,60.3309,,
2018-02-05,,60.4092,,
2018-02-07,,66.0719,,
2018-02-08,,67.848,,
2018-02-12,,69.8563,,
2018-02-13,,68.9688,,
2018-02-14,,69.5242,,
2018-02-15,,66.6769,,
2018-02-16,,63.0303,,
2018-02-20,,60.2601,,
2018-02-21,,61.1605,,
2018-02-22,,61.1423,,
2018-02-23,,64.6014,,
2018-02-26,,63.7167,,
2018-02-27,,63.9312,,
2018-02-28,,62.9735,,
2018-03-01,,63.6636,,
2018-03-02,,65.3027,,
2018-03-05,,64.7081,,
2018-03-06,,63.5009,,
2018-03-07,,63.3467,,
2018-03-08,,61.5841,,
2018-03-09,,58.9669,,
2018-03-12,,58.2927,,
2018-03-13,,55.0737,,
2018-03-14,,57.8488,,
2018-03-15,,57.705,,
2018-03-16,,59.0088,,
2018-03-19,,59.9821,,
2018-03-20,,57.8936,,
2018-03-21,,55.7212,,
2018-03-22,,55.9292,,
2018-03-23,,56.1683,,
2018-03-26,,54.5493,,
2018-03-27,,56.2705,,
2018-03-28,,58.3472,,
2018-03-29,,58.5414,,
2018-04-02,,58.6648,,
2018-04-03,,56.0226,,
2018-04-04,,55.3496,,
2018-04-05,,53.722,,
2018-04-06,,56.0682,,
2018-04-09,,52.5082,,
2018-04-10,,51.4331,,
2018-04-11,,50.4997,,
2018-04-12,,51.4875,,
2018-04-13,,51.1426,,
2018-04-16,,49.741,,
2018-04-17,,48.3408,,
2018-04-18,,50.0027,,
2018-04-19,,51.0989,,
2018-04-20,,52.7054,,
2018-04-23,,52.79,,
2018-04-24,,52.9989,,
2018-04-25,,55.2013,,
2018-04-26,,53.1378,,
2018-04-27,,51.2666,,
2018-04-30,,50.3548,,
2018-05-01,,51.7834,,
2018-05-02,,49.0506,,
2018-05-03,,49.4334,,
2018-05-07,,48.0187,,
2018-05-08,,48.8187,,
2018-05-09,,49.3744,,
2018-05-10,,47.8065,,
2018-05-11,,47.0574,,
2018-05-14,,48.3398,,
2018-05-15,,52.6574,,
2018-05-16,,55.1322,,
2018-05-17,,54.1936,,
2018-05-18,,53.2606,,
2018-05-21,,53.0812,,
2018-05-22,,52.5716,,
2018-05-23,,53.2687,,
2018-05-24,,52.1608,,
2018-05-25,,54.095,,
2018-05-29,,62.9975,,
2018-05-30,,61.8624,,
2018-05-31,,60.5438,,
2018-06-01,,56.9385,,
2018-06-04,,54.2952,,
2018-06-05,,54.4626,,
2018-06-06,,56.4419,,
2018-06-07,,56.5817,,
2018-06-08,,59.5738,,
2018-06-11,,57.8304,,
2018-06-12,,55.9633,,
2018-06-13,,53.7911,,
2018-06-14,,52.4959,,
2018-06-15,,53.0803,,
2018-06-18,,52.327,,
2018-06-19,,52.4,,
2018-06-20,,51.9226,,
2018-06-21,,53.0869,,
2018-06-22,,53.0257,,
2018-06-25,,53.0406,,
2018-06-26,,51.2968,,
2018-06-27,,53.0487,,
2018-06-28,,52.131,,
2018-06-29,,51.1681,,
2018-07-02,,50.2512,,
2018-07-03,,51.2172,,
2018-07-05,,51.4624,,
2018-07-06,,50.1345,,
2018-07-09,,49.6901,,
2018-07-10,,49.8114,,
2018-07-11,,50.4776,,
2018-07-12,,48.5729,,
2018-07-13,,48.2815,,
2018-07-16,,47.7875,,
2018-07-17,,46.6417,,
2018-07-18,,45.2649,,
2018-07-19,,47.1125,,
2018-07-20,,49.0476,,
2018-07-23,,51.5057,,
2018-07-24,,50.3082,,
2018-07-25,,48.2909,,
2018-07-26,,49.2705,,
2018-07-27,,48.8313,,
2018-07-30,,49.4151,,
2018-07-31,,46.5038,,
2018-08-01,,48.3833,,
2018-08-02,,47.9971,,
2018-08-03,,47.666,,
2018-08-06,,46.8562,,
2018-08-07,,47.1489,,
2018-08-08,,46.8358,,
2018-08-09,,47.3541,,
2018-08-10,,50.6302,,
2018-08-13,,50.7723,,
2018-08-14,,49.8427,,
2018-08-15,,51.5202,,
2018-08-16,,50.6087,,
2018-08-17,,50.6949,,
2018-08-20,,50.9746,,
2018-08-21,,50.3166,,
2018-08-22,,49.6368,,
2018-08-23,,49.1983,,
2018-08-24,,49.1577,,
2018-08-27,,49.3802,,
2018-08-28,,49.9473,,
2018-08-29,,49.1,,
2018-08-30,,50.4093,,
2018-08-31,,50.7097,,
2018-09-04,,49.5692,,
2018-09-05,,48.3958,,
2018-09-06,,48.6547,,
2018-09-07,,49.4302,,
2018-09-10,,47.6915,,
2018-09-11,,47.9734,,
2018-09-12,,46.789,,
2018-09-13,,46.0558,,
2018-09-14,,47.45,,
2018-09-17,,46.8087,,
2018-09-18,,47.9674,,
2018-09-19,,48.7934,,
2018-09-20,,49.3444,,
2018-09-21,,48.8315,,
2018-09-24,,48.3059,,
2018-09-25,,49.3793,,
2018-09-26,,47.4395,,
2018-09-27,,45.7079,,
2018-09-28,,46.1634,,
2018-10-01,,44.2847,,
2018-10-02,,45.3545,,
2018-10-03,,50.2064,,
2018-10-04,,55.0667,,
2018-10-05,,55.1865,,
2018-10-09,,53.4469,,
2018-10-10,,55.7,,
2018-10-11,,56.0697,,
2018-10-12,,54.3741,,
2018-10-15,,51.2463,,
2018-10-16,,50.1799,,
2018-10-17,,48.9863,,
2018-10-18,,52.635,,
2018-10-19,,52.0433,,
2018-10-22,,51.8496,,
2018-10-23,,55.0139,,
2018-10-24,,57.693,,
2018-10-25,,56.6997,,
2018-10-26,,62.7013,,
2018-10-29,,59.7688,,
2018-10-30,,61.7929,,
2018-10-31,,60.1285,,
2018-11-01,,58.5415,,
2018-11-02,,61.416,,
2018-11-05,,59.897,,
2018-11-06,,59.0075,,
2018-11-08,,51.5845,,
2018-11-09,,53.5442,,
2018-11-13,,52.234,,
2018-11-14,,53.8998,,
2018-11-15,,56.2239,,
2018-11-16,,60.4328,,
2018-11-19,,59.4651,,
2018-11-20,,59.4874,,
2018-11-21,,57.6452,,
2018-11-23,,57.3123,,
2018-11-26,,51.5345,,
2018-11-27,,51.2362,,
2018-11-28,,50.7621,,
2018-11-29,,50.9159,,
2018-11-30,,52.4322,,
2018-12-03,,50.3104,,
2018-12-04,,53.8639,,
2018-12-07,,60.7438,,
2018-12-10,,60.2587,,
2018-12-11,,58.7319,,
2018-12-12,,58.2275,,
2018-12-13,,55.7492,,
2018-12-14,,56.1275,,
2018-12-17,,55.4075,,
2018-12-18,,59.3962,,
2018-12-19,,59.009,,
2018-12-20,,58.762,,
2018-12-21,,61.6148,,
2018-12-24,,66.0443,,
2018-12-26,,63.8872,,
2018-12-27,,68.3371,,
2018-12-28,,66.6613,,
2018-12-31,,66.5828,,
2019-01-02,,62.8045,,
2019-01-03,,65.7852,,
2019-01-04,,65.8207,,
2019-01-07,,60.8802,,
2019-01-08,,59.045,,
2019-01-09,,57.0177,,
2019-01-10,,56.6493,,
2019-01-11,,55.9434,,
2019-01-14,,55.3414,,
2019-01-15,,53.0115,,
2019-01-16,,51.9493,,
2019-01-17,,53.4391,,
2019-01-18,,53.7818,,
2019-01-22,,54.6405,,
2019-01-23,,54.1942,,
2019-01-24,,54.1789,,
2019-01-25,,52.496,,
2019-01-28,,50.9512,,
2019-01-29,,49.8021,,
2019-01-30,,48.3202,,
2019-01-31,,49.8117,,
2019-02-01,,48.7887,,
2019-02-04,,48.874,,
2019-02-05,,48.6212,,
2019-02-06,,47.4392,,
2019-02-07,,48.9702,,
2019-02-08,,49.628,,
2019-02-11,,48.3198,,
2019-02-12,,49.0236,,
2019-02-13,,48.1677,,
2019-02-14,,47.1872,,
2019-02-15,,45.7323,,
2019-02-19,,45.0614,,
2019-02-20,,44.5448,,
2019-02-21,,46.5487,,
2019-02-22,,47.2184,,
2019-02-25,,46.1606,,
2019-02-26,,46.2842,,
2019-02-28,,47.2183,,
2019-03-01,,47.9044,,
2019-03-04,,46.7423,,
2019-03-05,,45.8567,,
2019-03-06,,45.6342,,
2019-03-07,,45.8309,,
2019-03-08,,45.8253,,
2019-03-11,,44.8436,,
2019-03-12,,44.86,,
2019-03-13,,44.5688,,
2019-03-14,,45.2381,,
2019-03-15,,46.054,,
2019-03-18,,44.9477,,
2019-03-19,,43.6778,,
2019-03-20,,42.5322,,
2019-03-21,,44.5137,,
2019-03-22,,52.2586,,
2019-03-25,,57.1059,,
2019-03-26,,56.5131,,
2019-03-27,,60.9728,,
2019-03-28,,59.927,,
2019-03-29,,58.5478,,
2019-04-01,,52.6899,,
2019-04-02,,54.2056,,
2019-04-03,,53.8399,,
2019-04-04,,51.6954,,
2019-04-05,,49.2196,,
2019-04-08,,47.8937,,
2019-04-09,,48.8314,,
2019-04-10,,48.6003,,
2019-04-11,,46.9,,
2019-04-12,,48.8439,,
2019-04-15,,47.6389,,
2019-04-16,,48.3127,,
2019-04-17,,48.6528,,
2019-04-18,,49.228,,
2019-04-22,,48.7782,,
2019-04-23,,49.7852,,
2019-04-24,,50.5232,,
2019-04-25,,49.7858,,
2019-04-26,,49.4279,,
2019-04-29,,48.0523,,
2019-04-30,,49.4711,,
2019-05-01,,46.7453,,
2019-05-02,,46.7165,,
2019-05-03,,45.7821,,
2019-05-06,,47.8193,,
2019-05-07,,52.3609,,
2019-05-08,,51.3087,,
2019-05-09,,54.7235,,
2019-05-10,,53.4923,,
2019-05-13,,57.8938,,
2019-05-14,,55.3462,,
2019-05-15,,57.4009,,
2019-05-16,,56.9754,,
2019-05-17,,56.9732,,
2019-05-20,,56.5504,,
2019-05-21,,55.3473,,
2019-05-22,,54.9586,,
2019-05-23,,61.0665,,
2019-05-24,,60.5383,,
2019-05-28,,61.7682,,
2019-05-29,,63.1556,,
2019-05-30,,61.7429,,
2019-05-31,,72.681,,
2019-06-03,,73.5574,,
2019-06-04,,75.2595,,
2019-06-05,,77.6396,,
2019-06-06,,73.4193,,
2019-06-07,,68.6928,,
2019-06-10,,65.6237,,
2019-06-11,,64.9288,,
2019-06-12,,68.4258,,
2019-06-13,,75.7382,,
2019-06-14,,80.8203,,
2019-06-17,,76.8751,,
2019-06-18,,76.7365,,
2019-06-19,,71.3661,,
2019-06-20,,72.3657,,
2019-06-21,,74.6269,,
2019-06-24,,73.7603,,
2019-06-25,,74.2246,,
2019-06-26,,73.7344,,
2019-06-27,,69.9154,,
2019-06-28,,70.4339,,
2019-07-01,,66.5296,,
2019-07-02,,68.5997,,
2019-07-03,,68.326,,
2019-07-05,,65.2773,,
2019-07-08,,63.2188,,
2019-07-09,,62.9002,,
2019-07-10,,62.3884,,
2019-07-11,,62.9563,,
2019-07-12,,62.7766,,
2019-07-15,,61.8957,,
2019-07-16,,61.2943,,
2019-07-17,,62.2913,,
2019-07-18,,63.1196,,
2019-07-19,,63.8649,,
2019-07-22,,60.974,,
2019-07-23,,61.226,,
2019-07-24,,60.7127,,
2019-07-25,,60.9893,,
2019-07-26,,58.9008,,
2019-07-29,,58.5463,,
2019-07-30,,57.843,,
2019-07-31,,55.2468,,
2019-08-01,,64.6756,,
2019-08-02,,66.1145,,
2019-08-05,,77.236,,
2019-08-06,,73.9212,,
2019-08-07,,79.0767,,
2019-08-08,,78.552,,
2019-08-09,,78.9672,,
2019-08-12,,81.5755,,
2019-08-13,,77.6971,,
2019-08-14,,87.2194,,
2019-08-15,,90.617,,
2019-08-16,,89.5162,,
2019-08-19,,86.4916,,
2019-08-20,,86.8642,,
2019-08-21,,84.5123,,
2019-08-22,,83.1516,,
2019-08-23,,91.8222,,
2019-08-26,,87.9793,,
2019-08-27,,88.6712,,
2019-08-28,,89.8664,,
2019-08-29,,86.9435,,
2019-08-30,,86.8897,,
2019-09-03,,85.2653,,
2019-09-04,,81.6016,,
2019-09-05,,79.9169,,
2019-09-06,,78.821,,
2019-09-09,,76.4382,,
2019-09-10,,76.7837,,
2019-09-11,,76.7033,,
2019-09-12,,77.5711,,
2019-09-13,,85.5301,,
2019-09-16,,85.9485,,
2019-09-17,,84.7607,,
2019-09-18,,79.6633,,
2019-09-19,,78.1445,,
2019-09-20,,80.0726,,
2019-09-23,,81.0116,,
2019-09-24,,83.0673,,
2019-09-25,,80.2171,,
2019-09-26,,79.8713,,
2019-09-27,,79.9722,,
2019-09-30,,77.2005,,
2019-10-01,,85.6073,,
2019-10-02,,89.3853,,
2019-10-03,,87.9438,,
2019-10-04,,83.1527,,
2019-10-07,,81.8598,,
2019-10-08,,80.4689,,
2019-10-09,,79.3105,,
2019-10-10,,80.1374,,
2019-10-11,79.86,79.86,79.86,79.86
2019-10-15,80.06,80.06,80.06,80.06
2019-10-16,77.94,77.94,77.94,77.94
2019-10-17,77.61,77.61,77.61,77.61
2019-10-18,78.35,78.35,78.35,78.35
2019-10-21,80.25,80.25,80.25,80.25
2019-10-22,78.73,78.73,78.73,78.73
2019-10-23,73.03,73.03,73.03,73.03
2019-10-24,68.97,68.97,68.97,68.97
2019-10-25,67.07,67.07,67.07,67.07
2019-10-28,67.41,67.41,67.41,67.41
2019-10-29,67.61,67.61,67.61,67.61
2019-10-30,63.32,63.32,63.32,63.32
2019-10-31,65.88,65.88,65.88,65.88
2019-11-01,57.28,57.28,57.28,57.28
2019-11-04,60.18,60.18,60.18,60.18
2019-11-05,61.48,61.48,61.48,61.48
2019-11-06,61.73,61.73,61.73,61.73
2019-11-07,67.08,67.08,67.08,67.08
2019-11-08,64.44,64.44,64.44,64.44
2019-11-11,64.44,64.44,64.44,64.44
2019-11-12,69.82,69.82,69.82,69.82
2019-11-13,66.1,66.1,66.1,66.1
2019-11-14,64.17,64.17,64.17,64.17
2019-11-15,61.7,61.7,61.7,61.7
2019-11-18,64.13,64.13,64.13,64.13
2019-11-19,62.64,62.64,62.64,62.64
2019-11-20,65.58,65.58,65.58,65.58
2019-11-21,61.83,61.83,61.83,61.83
2019-11-22,62.17,62.17,62.17,62.17
2019-11-25,61.55,61.55,61.55,61.55
2019-11-26,60.39,60.39,60.39,60.39
2019-11-27,57.62,57.62,57.62,57.62
2019-11-28,57.62,57.62,57.62,57.62
2019-11-29,56.57,56.57,56.57,56.57
2019-12-02,59.42,59.42,59.42,59.42
2019-12-03,64.62,64.62,64.62,64.62
2019-12-04,63.01,63.01,63.01,63.01
2019-12-05,63.73,63.73,63.73,63.73
2019-12-06,64.07,64.07,64.07,64.07
2019-12-09,67.29,67.29,67.29,67.29
2019-12-10,67.09,67.09,67.09,67.09
2019-12-11,61.3,61.3,61.3,61.3
2019-12-12,61.63,61.63,61.63,61.63
2019-12-13,56.44,56.44,56.44,56.44
2019-12-16,56.13,56.13,56.13,56.13
2019-12-17,55.38,55.38,55.38,55.38
2019-12-18,53.41,53.41,53.41,53.41
2019-12-19,53.7,53.7,53.7,53.7
2019-12-20,54.19,54.19,54.19,54.19
2019-12-23,55.31,55.31,55.31,55.31
2019-12-24,58.32,58.32,58.32,58.32
2019-12-25,58.32,58.32,58.32,58.32
2019-12-26,56.42,56.42,56.42,56.42
2019-12-27,55.3,55.3,55.3,55.3
2019-12-30,59.63,59.63,59.63,59.63
2019-12-31,58.28,58.28,58.28,58.28
2020-01-01,58.28,58.28,58.28,58.28
2020-01-02,57.2,57.2,57.2,57.2
2020-01-03,60.12,60.12,60.12,60.12
2020-01-06,62.79,62.79,62.79,62.79
2020-01-07,62.63,62.63,62.63,62.63
2020-01-08,60.49,60.49,60.49,60.49
2020-01-09,57.66,57.66,57.66,57.66
2020-01-10,53.32,53.32,53.32,53.32
2020-01-13,53.27,53.27,53.27,53.27
2020-01-14,52.35,52.35,52.35,52.35
2020-01-15,50.54,50.54,50.54,50.54
2020-01-16,50.37,50.37,50.37,50.37
2020-01-17,49.67,49.67,49.67,49.67
2020-01-20,49.67,49.67,49.67,49.67
2020-01-21,53.42,53.42,53.42,53.42
2020-01-22,51.31,51.31,51.31,51.31
2020-01-23,55.34,55.34,55.34,55.34
2020-01-24,59.94,59.94,59.94,59.94
2020-01-27,66.73,66.73,66.73,66.73
2020-01-28,65.6,65.6,65.6,65.6
2020-01-29,66.17,66.17,66.17,66.17
2020-01-30,71.07,71.07,71.07,71.07
2020-01-31,72.98,72.98,72.98,72.98
2020-02-03,72.81,72.81,72.81,72.81
2020-02-04,68.17,68.17,68.17,68.17
2020-02-05,64.07,64.07,64.07,64.07
2020-02-06,61.24,61.24,61.24,61.24
2020-02-07,65.59,65.59,65.59,65.59
2020-02-10,68.13,68.13,68.13,68.13
2020-02-11,64.89,64.89,64.89,64.89
2020-02-12,63.52,63.52,63.52,63.52
2020-02-13,63.51,63.51,63.51,63.51
2020-02-14,62.38,62.38,62.38,62.38
2020-02-18,67.66,67.66,67.66,67.66
2020-02-19,68.04,68.04,68.04,68.04
2020-02-20,69.6,69.6,69.6,69.6
2020-02-21,74.54,74.54,74.54,74.54
2020-02-24,86.92,86.92,86.92,86.92
2020-02-25,87.38,87.38,87.38,87.38
2020-02-26,87.0,87.0,87.0,87.0
2020-02-27,92.59,92.59,92.59,92.59
2020-02-28,109.67,109.67,109.67,109.67
2020-03-02,104.89,104.89,104.89,104.89
2020-03-03,102.97,102.97,102.97,102.97
2020-03-04,89.59,89.59,89.59,89.59
2020-03-05,96.96,96.96,96.96,96.96
2020-03-06,125.21,125.21,125.21,125.21
2020-03-09,163.7,163.7,163.7,163.7
2020-03-10,123.72,123.72,123.72,123.72
2020-03-11,127.84,127.84,127.84,127.84
2020-03-12,152.62,152.62,152.62,152.62
2020-03-13,138.4,138.4,138.4,138.4
2020-03-16,124.53,124.53,124.53,124.53
2020-03-17,109.85,109.85,109.85,109.85
2020-03-18,124.14,124.14,124.14,124.14
2020-03-19,141.13,141.13,141.13,141.13
2020-03-20,133.37,133.37,133.37,133.37
2020-03-23,135.38,135.38,135.38,135.38
2020-03-24,111.09,111.09,111.09,111.09
2020-03-25,87.14,87.14,87.14,87.14
2020-03-26,88.48,88.48,88.48,88.48
2020-03-27,88.33,88.33,88.33,88.33
2020-03-30,90.7,90.7,90.7,90.7
2020-03-31,83.87,83.87,83.87,83.87
2020-04-01,83.13,83.13,83.13,83.13
2020-04-02,71.99,71.99,71.99,71.99
2020-04-03,65.01,65.01,65.01,65.01
2020-04-06,66.28,66.28,66.28,66.28
2020-04-07,72.21,72.21,72.21,72.21
2020-04-08,75.71,75.71,75.71,75.71
2020-04-09,74.39,74.39,74.39,74.39
2020-04-13,75.85,75.85,75.85,75.85
2020-04-14,69.52,69.52,69.52,69.52
2020-04-15,70.5,70.5,70.5,70.5
2020-04-16,69.93,69.93,69.93,69.93
2020-04-17,69.84,69.84,69.84,69.84
2020-04-20,70.6,70.6,70.6,70.6
2020-04-21,73.83,73.83,73.83,73.83
2020-04-22,72.29,72.29,72.29,72.29
2020-04-23,67.25,67.25,67.25,67.25
2020-04-24,66.09,66.09,66.09,66.09
2020-04-27,62.7,62.7,62.7,62.7
2020-04-28,58.89,58.89,58.89,58.89
2020-04-29,57.15,57.15,57.15,57.15
2020-04-30,53.59,53.59,53.59,53.59
2020-05-01,48.11,48.11,48.11,48.11
2020-05-04,49.25,49.25,49.25,49.25
2020-05-05,49.65,49.65,49.65,49.65
2020-05-06,51.31,51.31,51.31,51.31
2020-05-07,54.93,54.93,54.93,54.93
2020-05-08,57.4,57.4,57.4,57.4
2020-05-11,61.6,61.6,61.6,61.6
2020-05-12,61.26,61.26,61.26,61.26
2020-05-13,57.56,57.56,57.56,57.56
2020-05-14,59.05,59.05,59.05,59.05
2020-05-15,56.53,56.53,56.53,56.53
2020-05-18,58.7,58.7,58.7,58.7
2020-05-19,60.09,60.09,60.09,60.09
2020-05-20,58.85,58.85,58.85,58.85
2020-05-21,55.62,55.62,55.62,55.62
2020-05-22,51.67,51.67,51.67,51.67
2020-05-25,51.67,51.67,51.67,51.67
2020-05-26,52.22,52.22,52.22,52.22
2020-05-27,52.98,52.98,52.98,52.98
2020-05-28,50.57,50.57,50.57,50.57
2020-05-29,51.55,51.55,51.55,51.55
2020-06-01,55.07,55.07,55.07,55.07
2020-06-02,55.35,55.35,55.35,55.35
2020-06-03,61.24,61.24,61.24,61.24
2020-06-04,61.18,61.18,61.18,61.18
2020-06-05,61.97,61.97,61.97,61.97
2020-06-08,62.77,62.77,62.77,62.77
2020-06-09,62.94,62.94,62.94,62.94
2020-06-10,60.02,60.02,60.02,60.02
2020-06-11,56.47,56.47,56.47,56.47
2020-06-12,55.81,55.81,55.81,55.81
2020-06-15,58.09,58.09,58.09,58.09
2020-06-16,60.49,60.49,60.49,60.49
2020-06-17,58.16,58.16,58.16,58.16
2020-06-18,55.15,55.15,55.15,55.15
2020-06-19,53.45,53.45,53.45,53.45
2020-06-22,53.93,53.93,53.93,53.93
2020-06-23,54.04,54.04,54.04,54.04
2020-06-24,54.89,54.89,54.89,54.89
2020-06-25,51.57,51.57,51.57,51.57
2020-06-26,51.21,51.21,51.21,51.21
2020-06-29,52.96,52.96,51.21,51.21
2020-06-30,54.13,54.13,52.96,52.96
2020-07-01,54.13,53.28,53.28,54.13
2020-07-02,53.28,50.96,50.96,53.28
2020-07-06,52.03,52.03,50.96,50.96
2020-07-07,52.03,50.98,50.98,52.03
2020-07-08,50.98,49.8,49.8,50.98
2020-07-09,50.07,50.07,49.8,49.8
2020-07-10,50.07,49.19,49.19,50.07
2020-07-13,49.55,49.55,49.19,49.19
2020-07-14,50.81,50.81,49.55,49.55
2020-07-15,50.81,47.08,47.08,50.81
2020-07-16,47.08,46.43,46.43,47.08
2020-07-17,45.68,45.68,45.68,45.68
2020-07-20,46.82,46.82,45.68,45.68
2020-07-21,46.82,46.45,46.45,46.82
2020-07-22,46.45,45.32,45.32,46.45
2020-07-23,45.32,43.93,43.93,45.32
2020-07-24,43.93,42.48,42.48,43.93
2020-07-27,42.61,42.61,42.61,42.61
2020-07-28,41.27,41.27,41.27,41.27
2020-07-29,41.63,41.63,41.63,41.63
2020-07-30,41.63,40.66,40.66,41.63
2020-07-31,41.98,41.98,41.98,41.98
2020-08-03,43.13,43.1345,43.13,43.13
2020-08-04,44.11,44.1071,44.11,44.11
2020-08-05,41.75,41.7507,41.75,41.75
2020-08-06,42.6,42.6047,42.6,42.6
2020-08-07,41.46,41.4622,41.46,41.46
2020-08-10,42.213,42.213,42.213,42.213
2020-08-11,45.26,45.2642,45.26,45.26
2020-08-12,44.23,44.2282,44.23,44.23
2020-08-13,45.08,45.0836,45.08,45.08
2020-08-14,43.09,43.09,43.09,43.09
2020-08-17,45.81,45.81,43.09,43.09
2020-08-18,46.06,46.06,45.81,45.81
2020-08-19,46.06,44.6,44.6,46.06
2020-08-20,44.6,44.58,44.58,44.6
2020-08-21,45.14,45.14,44.58,44.58
2020-08-24,46.33,46.33,45.14,45.14
2020-08-25,47.89,47.89,46.33,46.33
2020-08-26,47.99,47.99,47.89,47.89
2020-08-27,49.29,49.29,47.99,47.99
2020-08-28,49.29,48.19,48.19,49.29
2020-08-31,48.19,47.02,47.02,48.19
2020-09-01,47.02,44.3,44.3,47.02
2020-09-02,44.86,44.86,44.3,44.3
2020-09-03,45.76,45.76,44.86,44.86
2020-09-04,47.04,47.04,45.76,45.76
2020-09-08,50.68,50.68,47.04,47.04
2020-09-09,50.68,48.82,48.82,50.68
2020-09-10,48.82,45.21,45.21,48.82
2020-09-11,45.21,43.12,43.12,45.21
2020-09-14,44.21,44.21,43.12,43.12
2020-09-15,44.21,43.06,43.06,44.21
2020-09-16,43.06,42.43,42.43,43.06
2020-09-17,42.43,38.45,38.45,42.43
2020-09-18,38.45,37.24,37.24,38.45
2020-09-21,38.63,38.63,37.24,37.24
2020-09-22,39.35,39.35,38.63,38.63
2020-09-23,39.35,38.63,38.63,39.35
2020-09-24,38.63,37.22,37.22,38.63
2020-09-25,37.22,36.97,36.97,37.22
2020-09-28,37.4,37.4,36.97,36.97
2020-09-29,37.4,36.62,36.62,37.4
2020-09-30,39.21,39.21,36.62,36.62
2020-10-01,39.21,38.65,38.65,39.21
2020-10-02,39.97,39.97,38.65,38.65
2020-10-05,39.97,39.81,39.81,39.97
2020-10-06,57.75,57.75,39.81,39.81
2020-10-07,57.75,56.98,56.98,57.75
2020-10-08,57.31,57.31,56.98,56.98
2020-10-09,57.52,57.52,57.31,57.31
2020-10-13,57.52,55.59,55.59,57.52
2020-10-14,55.59,53.5,53.5,55.59
2020-10-15,55.62,55.62,53.5,53.5
2020-10-16,57.25,57.25,55.62,55.62
2020-10-19,61.16,61.16,57.25,57.25
2020-10-20,61.16,60.42,60.42,61.16
2020-10-21,60.42,59.07,59.07,60.42
2020-10-22,59.73,59.73,59.07,59.07
2020-10-23,59.73,58.46,58.46,59.73
2020-10-26,58.95,58.95,58.46,58.46
2020-10-27,58.95,57.88,57.88,58.95
2020-10-28,57.88,57.13,57.13,57.88
2020-10-29,61.3,61.3,57.13,57.13
2020-10-30,61.91,61.91,61.3,61.3
2020-11-02,63.56,63.56,61.91,61.91
2020-11-03,64.37,64.37,63.56,63.56
2020-11-04,64.37,47.74,47.74,64.37
2020-11-05,47.74,43.76,43.76,47.74
2020-11-06,43.76,39.88,39.88,43.76
2020-11-09,44.94,44.94,39.88,39.88
2020-11-10,46.19,46.19,44.94,44.94
2020-11-12,46.19,44.17,44.17,46.19
2020-11-13,44.17,42.95,42.95,44.17
2020-11-16,42.95,42.49,42.49,42.95
2020-11-17,43.08,43.08,42.49,42.49
2020-11-18,43.62,43.62,43.08,43.08
2020-11-19,43.62,43.53,43.53,43.62
2020-11-20,43.53,42.31,42.31,43.53
2020-11-23,43.04,43.04,42.31,42.31
2020-11-24,43.04,42.38,42.38,43.04
2020-11-25,42.38,39.62,39.62,42.38
2020-11-27,39.64,39.64,39.62,39.62
2020-11-30,40.84,40.84,39.64,39.64
2020-12-01,41.53,41.53,40.84,40.84
2020-12-02,43.92,43.92,41.53,41.53
2020-12-03,43.92,42.53,42.53,43.92
2020-12-04,43.89,43.89,42.53,42.53
2020-12-07,49.67,49.67,43.89,43.89
2020-12-08,49.67,49.1,49.1,49.67
2020-12-09,49.1,48.48,48.48,49.1
2020-12-10,48.48,47.15,47.15,48.48
2020-12-11,47.52,47.52,47.15,47.15
2020-12-14,49.22,49.22,47.52,47.52
2020-12-15,49.22,48.14,48.14,49.22
2020-12-16,48.14,46.96,46.96,48.14
2020-12-17,46.96,44.15,44.15,46.96
2020-12-18,44.64,44.64,44.15,44.15
2020-12-21,46.66,46.66,44.64,44.64
2020-12-22,46.66,43.57,43.57,46.66
2020-12-23,43.57,42.74,42.74,43.57
2020-12-24,42.74,42.11,42.11,42.74
2020-12-28,45.26,45.26,42.11,42.11
2020-12-29,46.1,46.1,45.26,45.26
2020-12-30,47.19,47.19,46.1,46.1
2020-12-31,48.98,48.98,47.19,47.19
2021-01-04,49.59,49.59,48.98,48.98
2021-01-05,49.59,48.95,48.95,49.59
2021-01-06,48.95,44.64,44.64,48.95
2021-01-07,45.2,45.2,44.64,44.64
2021-01-08,45.2,44.81,44.81,45.2
2021-01-11,47.77,47.77,44.81,44.81
2021-01-12,50.12,50.12,47.77,47.77
2021-01-13,50.12,45.6,45.6,50.12
2021-01-14,46.23,46.23,45.6,45.6
2021-01-15,46.23,45.14,45.14,46.23
2021-01-19,45.23,45.23,45.14,45.14
2021-01-20,45.23,42.53,42.53,45.23
2021-01-21,43.01,43.01,42.53,42.53
2021-01-22,43.09,43.09,43.01,43.01
2021-01-25,43.09,43.08,43.08,43.09
2021-01-26,43.14,43.14,43.08,43.08
2021-01-27,44.16,44.16,43.14,43.14
2021-01-28,45.53,45.53,44.16,44.16
2021-01-29,47.41,47.41,45.53,45.53
2021-02-01,47.41,46.28,46.28,47.41
2021-02-02,46.28,45.91,45.91,46.28
2021-02-03,46.93,46.93,45.91,45.91
2021-02-04,47.25,47.25,46.93,46.93
2021-02-05,47.25,47.2,47.2,47.25
2021-02-08,48.45,48.45,47.2,47.2
2021-02-09,48.45,46.75,46.75,48.45
2021-02-10,46.75,46.27,46.27,46.75
2021-02-11,46.27,45.95,45.95,46.27
2021-02-12,47.01,47.01,45.95,45.95
2021-02-16,56.78,56.78,47.01,47.01
2021-02-17,56.78,55.97,55.97,56.78
2021-02-18,56.12,56.12,55.97,55.97
2021-02-19,60.43,60.43,56.12,56.12
2021-02-22,62.42,62.42,60.43,60.43
2021-02-23,62.42,61.73,61.73,62.42
2021-02-24,61.92,61.92,61.73,61.73
2021-02-25,74.16,74.16,61.92,61.92
2021-02-26,75.66,75.66,74.16,74.16
2021-03-01,75.66,68.73,68.73,75.66
2021-03-02,68.73,57.7,57.7,68.73
2021-03-03,65.83,65.83,57.7,57.7
2021-03-04,68.13,68.13,65.83,65.83
2021-03-05,69.37,69.37,68.13,68.13
2021-03-08,71.65,71.65,69.37,69.37
2021-03-09,71.65,67.44,67.44,71.65
2021-03-10,67.44,63.19,63.19,67.44
2021-03-11,63.9,63.9,63.19,63.19
2021-03-12,70.83,70.83,63.9,63.9
2021-03-15,70.83,70.79,70.79,70.83
2021-03-16,70.81,70.81,70.79,70.79
2021-03-17,70.81,66.75,66.75,70.81
2021-03-18,70.48,70.48,66.75,66.75
2021-03-19,70.48,68.8,68.8,70.48
2021-03-22,68.8,67.62,67.62,68.8
2021-03-23,67.62,60.77,60.77,67.62
2021-03-24,60.77,60.71,60.71,60.77
2021-03-25,60.71,59.54,59.54,60.71
2021-03-26,61.49,61.49,59.54,59.54
2021-03-29,65.96,65.96,61.49,61.49
2021-03-30,67.44,67.44,65.96,65.96
2021-03-31,71.27,71.27,67.44,67.44
2021-04-01,71.27,64.99,64.99,71.27
2021-04-02,64.99,63.71,63.71,64.99
2021-04-05,63.71,61.79,61.79,63.71
2021-04-06,61.79,60.29,60.29,61.79
2021-04-07,62.54,62.54,60.29,60.29
2021-04-08,62.54,60.08,60.08,62.54
2021-04-09,61.21,61.21,60.08,60.08
2021-04-12,63.5,63.5,61.21,61.21
2021-04-13,63.5,61.2,61.2,63.5
2021-04-14,61.2,60.08,60.08,61.2
2021-04-15,60.08,59.05,59.05,60.08
2021-04-16,62.57,62.57,59.05,59.05
2021-04-19,63.96,63.96,62.57,62.57
2021-04-20,64.35,64.35,63.96,63.96
2021-04-21,64.35,62.27,62.27,64.35
2021-04-22,62.27,59.62,59.62,62.27
2021-04-23,59.98,59.98,59.62,59.62
2021-04-26,60.98,60.98,59.98,59.98
2021-04-27,60.98,60.15,60.15,60.98
2021-04-28,60.31,60.31,60.15,60.15
2021-04-29,60.31,59.02,59.02,60.31
2021-04-30,59.02,58.13,58.13,59.02
2021-05-03,58.13,57.33,57.33,58.13
2021-05-04,58.51,58.51,57.33,57.33
2021-05-05,58.51,56.93,56.93,58.51
2021-05-06,57.75,57.75,56.93,56.93
2021-05-07,57.75,54.13,54.13,57.75
2021-05-10,55.48,55.48,54.13,54.13
2021-05-11,58.01,58.01,55.48,55.48
2021-05-12,58.47,58.47,58.01,58.01
2021-05-13,58.47,56.59,56.59,58.47
2021-05-14,56.59,54.99,54.99,56.59
2021-05-17,58.59,58.59,54.99,54.99
2021-05-18,58.59,57.18,57.18,58.59
2021-05-19,57.31,57.31,57.18,57.18
2021-05-20,57.31,55.04,55.04,57.31
2021-05-21,55.04,54.59,54.59,55.04
2021-05-24,54.94,54.94,54.59,54.59
2021-05-25,54.94,53.72,53.72,54.94
2021-05-26,53.72,52.82,52.82,53.72
2021-05-27,53.47,53.47,52.82,52.82
2021-05-28,53.47,52.04,52.04,53.47
2021-06-01,54.99,54.99,52.04,52.04
2021-06-02,55.21,55.21,54.99,54.99
2021-06-03,55.21,53.96,53.96,55.21
2021-06-04,53.96,49.78,49.78,53.96
2021-06-07,53.96,49.55,49.55,53.96
2021-06-08,49.93,49.93,49.55,49.55
2021-06-09,52.84,52.84,49.93,49.93
2021-06-10,52.84,48.26,48.26,52.84
2021-06-11,50.85,50.85,48.26,48.26
2021-06-14,54.03,54.03,48.26,48.26
2021-06-15,54.03,52.92,52.92,54.03
2021-06-16,54.28,54.28,52.92,52.92
2021-06-17,54.91,54.91,54.28,54.28
2021-06-18,60.45,60.45,54.91,54.91
2021-06-21,61.86,61.86,54.91,54.91
2021-06-22,61.86,58.64,58.64,61.86
2021-06-23,58.64,55.6,55.6,58.64
2021-06-24,55.6,54.83,54.83,55.6
2021-06-25,55.58,55.58,54.83,54.83
2021-06-28,56.33,56.33,54.83,54.83
2021-06-29,56.8,56.8,56.33,56.33
2021-06-30,57.27,57.27,56.8,56.8
2021-07-01,57.52,57.52,57.27,57.27
2021-07-02,57.52,52.41,52.41,57.52
2021-07-06,56.55,56.55,52.41,52.41
2021-07-07,60.65,60.65,56.55,56.55
2021-07-08,61.68,61.68,60.65,60.65
2021-07-09,61.68,59.92,59.92,61.68
2021-07-12,61.68,60.78,60.78,61.68
2021-07-13,60.8,60.8,60.78,60.78
2021-07-14,60.8,57.31,57.31,60.8
2021-07-15,57.31,56.98,56.98,57.31
2021-07-16,58.24,58.24,56.98,56.98
2021-07-19,67.58,67.58,56.98,56.98
2021-07-20,69.31,69.31,67.58,67.58
2021-07-21,69.31,65.28,65.28,69.31
2021-07-22,65.28,64.96,64.96,65.28
2021-07-23,65.28,65.28,64.96,64.96
2021-07-26,69.03,69.03,64.96,64.96
2021-07-27,70.07,70.07,69.03,69.03
2021-07-28,70.07,62.4,62.4,70.07
2021-07-29,62.4,62.08,62.08,62.4
2021-07-30,62.08,61.19,61.19,62.08
2021-08-02,64.29,64.29,62.08,62.08
2021-08-03,65.42,65.42,64.29,64.29
2021-08-04,65.42,62.67,62.67,65.42
2021-08-05,63.57,63.57,62.67,62.67
2021-08-06,63.57,62.64,62.64,63.57
2021-08-09,65.72,65.72,63.57,63.57
2021-08-10,66.55,66.55,65.72,65.72
2021-08-11,66.55,60.66,60.66,66.55
2021-08-12,60.66,57.39,57.39,60.66
2021-08-13,57.39,55.45,55.45,57.39
2021-08-16,59.4,59.4,55.45,55.45
2021-08-17,60.28,60.28,59.4,59.4
2021-08-18,60.28,58.05,58.05,60.28
2021-08-19,59.38,59.38,58.05,58.05
2021-08-20,59.95,59.95,59.38,59.38
2021-08-23,62.23,62.23,59.38,59.38
2021-08-24,63.03,63.03,62.23,62.23
2021-08-25,64.51,64.51,63.03,63.03
2021-08-26,64.51,63.41,63.41,64.51
2021-08-27,63.41,57.98,57.98,63.41
2021-08-30,63.41,60.14,60.14,63.41
2021-08-31,60.14,59.54,59.54,60.14
2021-09-01,59.54,58.09,58.09,59.54
2021-09-02,58.09,55.8,55.8,58.09
2021-09-03,55.8,53.26,53.26,55.8
2021-09-07,57.05,57.05,53.26,53.26
2021-09-08,57.05,57.02,57.02,57.05
2021-09-09,57.02,52.61,52.61,57.02
2021-09-10,52.61,51.73,51.73,52.61
2021-09-13,53.1,53.1,52.61,52.61
2021-09-14,53.1,51.73,51.73,53.1
2021-09-15,53.93,53.93,51.73,51.73
2021-09-16,53.93,53.7,53.7,53.93
2021-09-17,56.06,56.06,53.7,53.7
2021-09-20,59.58,59.58,56.06,56.06
2021-09-21,59.58,59.2,59.2,59.58
2021-09-22,59.2,55.92,55.92,59.2
2021-09-23,56.79,56.79,55.92,55.92
2021-09-24,58.46,58.46,56.79,56.79
2021-09-27,60.5,60.5,56.79,56.79
2021-09-28,62.71,62.71,60.5,60.5
2021-09-29,62.71,61.21,61.21,62.71
2021-09-30,61.21,61.07,61.07,61.21
2021-10-01,61.07,57.38,57.38,61.07
2021-10-04,61.07,60.61,60.61,61.07
2021-10-05,62.83,62.83,60.61,60.61
2021-10-06,62.83,60.65,60.65,62.83
2021-10-07,60.91,60.91,60.65,60.65
2021-10-08,60.91,59.65,59.65,60.91
2021-10-12,62.95,62.95,59.65,59.65
2021-10-13,62.95,60.84,60.84,62.95
2021-10-14,60.84,59.35,59.35,60.84
2021-10-15,62.7,62.7,59.35,59.35
2021-10-18,70.77,70.77,59.35,59.35
2021-10-19,70.77,68.25,68.25,70.77
2021-10-20,68.25,65.47,65.47,68.25
2021-10-21,69.42,69.42,65.47,65.47
2021-10-22,72.04,72.04,69.42,69.42
2021-10-25,69.42,68.96,68.96,69.42
2021-10-26,68.96,66.7,66.7,68.96
2021-10-27,70.06,70.06,66.7,66.7
2021-10-28,71.96,71.96,70.06,70.06
2021-10-29,75.45,75.45,71.96,71.96
2021-11-01,78.34,78.34,71.96,71.96
2021-11-02,78.34,71.04,71.04,78.34
2021-11-03,71.22,71.22,71.04,71.04
2021-11-04,71.22,64.61,64.61,71.22
2021-11-05,66.9,66.9,64.61,64.61
2021-11-08,70.97,70.97,64.61,64.61
2021-11-09,73.02,73.02,70.97,70.97
2021-11-10,78.31,78.31,73.02,73.02
2021-11-12,78.61,78.61,78.31,78.31
2021-11-15,81.59,81.59,78.31,78.31
2021-11-16,81.59,81.58,81.58,81.59
2021-11-17,81.58,81.58,81.58,81.58
2021-11-18,81.58,74.51,74.51,81.58
2021-11-19,74.51,73.39,73.39,74.51
2021-11-22,79.21,79.21,74.51,74.51
2021-11-23,80.57,80.57,79.21,79.21
2021-11-24,83.15,83.15,80.57,80.57
2021-11-26,89.45,89.45,83.15,83.15
2021-11-29,89.41,89.41,83.15,83.15
2021-11-30,89.41,84.04,84.04,89.41
2021-12-01,84.04,82.97,82.97,84.04
2021-12-02,82.97,82.55,82.55,82.97
2021-12-03,82.55,79.14,79.14,82.55
2021-12-06,87.89,87.89,82.55,82.55
2021-12-07,88.14,88.14,87.89,87.89
2021-12-08,88.14,80.29,80.29,88.14
2021-12-09,80.29,79.54,79.54,80.29
2021-12-10,79.54,74.36,74.36,79.54
2021-12-13,79.54,76.41,76.41,79.54
2021-12-14,78.98,78.98,76.41,76.41
2021-12-15,78.98,74.06,74.06,78.98
2021-12-16,74.06,69.1,69.1,74.06
2021-12-17,72.46,72.46,69.1,69.1
2021-12-20,77.02,77.02,69.1,69.1
2021-12-21,79.52,79.52,77.02,77.02
2021-12-22,79.52,76.85,76.85,79.52
2021-12-23,77.29,77.29,76.85,76.85
2021-12-27,80.12,80.12,77.29,77.29
2021-12-28,80.12,77.52,77.52,80.12
2021-12-29,78.0,78.0,77.52,77.52
2021-12-30,78.0,77.62,77.62,78.0
2021-12-31,77.62,77.1,77.1,77.62
2022-01-03,84.08,84.08,77.62,77.62
2022-01-04,84.08,83.11,83.11,84.08
2022-01-05,83.11,78.68,78.68,83.11
2022-01-06,78.68,77.73,77.73,78.68
2022-01-07,77.73,74.69,74.69,77.73
2022-01-10,78.12,78.12,77.73,77.73
2022-01-11,78.12,77.85,77.85,78.12
2022-01-12,77.85,74.55,74.55,77.85
2022-01-13,74.55,72.57,72.57,74.55
2022-01-14,76.59,76.59,72.57,72.57
2022-01-18,84.63,84.63,76.59,76.59
2022-01-19,84.63,80.14,80.14,84.63
2022-01-20,80.96,80.96,80.14,80.14
2022-01-21,81.03,81.03,80.96,80.96
2022-01-24,83.77,83.77,80.96,80.96
2022-01-25,84.57,84.57,83.77,83.77
2022-01-26,85.75,85.75,84.57,84.57
2022-01-27,85.75,85.62,85.62,85.75
2022-01-28,85.62,85.29,85.29,85.62
2022-01-31,85.62,85.14,85.14,85.62
2022-02-01,85.22,85.22,85.14,85.14
2022-02-02,85.22,84.85,84.85,85.22
2022-02-03,85.74,85.74,84.85,84.85
2022-02-04,87.68,87.68,85.74,85.74
2022-02-07,87.44,87.44,85.74,85.74
2022-02-08,87.44,82.72,82.72,87.44
2022-02-09,82.72,81.76,81.76,82.72
2022-02-10,88.52,88.52,81.76,81.76
2022-02-11,94.03,94.03,88.52,88.52
2022-02-14,102.28,102.28,88.52,88.52
2022-02-15,102.28,94.0,94.0,102.28
2022-02-16,94.0,92.74,92.74,94.0
2022-02-17,96.17,96.17,92.74,92.74
2022-02-18,96.17,94.36,94.36,96.17
2022-02-22,95.54,95.54,94.36,94.36
2022-02-23,95.54,95.15,95.15,95.54
2022-02-24,100.75,100.75,95.15,95.15
2022-02-25,100.75,93.34,93.34,100.75
2022-02-28,100.75,100.4,100.4,100.75
2022-03-01,118.26,118.26,100.4,100.4
2022-03-02,118.26,110.28,110.28,118.26
2022-03-03,115.18,115.18,110.28,110.28
2022-03-04,131.82,131.82,115.18,115.18
2022-03-07,140.03,140.03,115.18,115.18
2022-03-08,140.03,133.37,133.37,140.03
2022-03-09,133.37,110.9,110.9,133.37
2022-03-10,110.9,105.31,105.31,110.9
2022-03-11,105.31,99.03,99.03,105.31
2022-03-14,105.08,105.08,99.03,99.03
2022-03-15,105.08,101.03,101.03,105.08
2022-03-16,101.03,100.57,100.57,101.03
2022-03-17,100.57,91.76,91.76,100.57
2022-03-18,91.77,91.77,91.76,91.76
2022-03-21,101.94,101.94,91.76,91.76
2022-03-22,105.38,105.38,101.94,101.94
2022-03-23,105.72,105.72,105.38,105.38
2022-03-24,113.14,113.14,105.72,105.72
2022-03-25,125.27,125.27,113.14,113.14
2022-03-28,129.28,129.28,113.14,113.14
2022-03-29,129.28,117.92,117.92,129.28
2022-03-30,117.92,112.98,112.98,117.92
2022-03-31,112.98,106.88,106.88,112.98
2022-04-01,108.34,108.34,106.88,106.88
2022-04-04,108.37,108.37,106.88,106.88
2022-04-05,116.37,116.37,108.37,108.37
2022-04-06,123.92,123.92,116.37,116.37
2022-04-07,123.92,122.67,122.67,123.92
2022-04-08,124.86,124.86,122.67,122.67
2022-04-11,129.87,129.87,122.67,122.67
2022-04-12,129.87,117.79,117.79,129.87
2022-04-13,117.79,116.33,116.33,117.79
2022-04-14,119.66,119.66,116.33,116.33
2022-04-18,122.32,122.32,119.66,119.66
2022-04-19,122.74,122.74,122.32,122.32
2022-04-20,125.12,125.12,122.74,122.74
2022-04-21,130.69,130.69,125.12,125.12
2022-04-22,130.69,128.12,128.12,130.69
2022-04-25,131.63,131.63,130.69,130.69
2022-04-26,131.63,129.27,129.27,131.63
2022-04-27,130.11,130.11,129.27,129.27
2022-04-28,130.11,128.74,128.74,130.11
2022-04-29,128.74,128.4,128.4,128.74
2022-05-02,135.17,135.17,128.74,128.74
2022-05-03,135.17,126.46,126.46,135.17
2022-05-04,126.46,121.99,121.99,126.46
2022-05-05,122.72,122.72,121.99,121.99
2022-05-06,122.72,121.42,121.42,122.72
2022-05-09,125.22,125.22,122.72,122.72
2022-05-10,126.76,126.76,125.22,125.22
2022-05-11,126.76,118.05,118.05,126.76
2022-05-12,118.73,118.73,118.05,118.05
2022-05-13,118.73,114.61,114.61,118.73
2022-05-16,118.73,117.95,117.95,118.73
2022-05-17,119.46,119.46,117.95,117.95
2022-05-18,119.46,114.86,114.86,119.46
2022-05-19,115.05,115.05,114.86,114.86
2022-05-20,115.05,111.1,111.1,115.05
2022-05-23,115.05,110.19,110.19,115.05
2022-05-24,111.15,111.15,110.19,110.19
2022-05-25,111.15,105.69,105.69,111.15
2022-05-26,105.69,102.49,102.49,105.69
2022-05-27,102.49,98.48,98.48,102.49
2022-05-31,107.12,107.12,98.48,98.48
2022-06-01,109.38,109.38,107.12,107.12
2022-06-02,109.38,99.27,99.27,109.38
2022-06-03,99.27,97.73,97.73,99.27
2022-06-06,102.26,102.26,99.27,99.27
2022-06-07,102.61,102.61,102.26,102.26
2022-06-08,105.29,105.29,102.61,102.61
2022-06-09,105.29,105.29,105.29,105.29
2022-06-10,114.23,114.23,105.29,105.29
2022-06-13,139.21,139.21,114.23,114.23
2022-06-14,144.09,144.09,139.21,139.21
2022-06-15,144.09,135.93,135.93,144.09
2022-06-16,138.1,138.1,135.93,135.93
2022-06-17,138.1,133.75,133.75,138.1
2022-06-21,138.91,138.91,133.75,133.75
2022-06-22,138.91,129.94,129.94,138.91
2022-06-23,129.94,125.98,125.98,129.94
2022-06-24,127.0,127.0,125.98,125.98
2022-06-27,133.22,133.22,125.98,125.98
2022-06-28,135.22,135.22,133.22,133.22
2022-06-29,135.22,130.43,130.43,135.22
2022-06-30,135.5,135.5,130.43,130.43
2022-07-01,144.17,144.17,135.5,135.5
2022-07-05,156.16,156.16,144.17,144.17
2022-07-06,156.16,151.14,151.14,156.16
2022-07-07,151.14,149.71,149.71,151.14
2022-07-08,149.71,145.25,145.25,149.71
2022-07-11,149.71,147.72,147.72,149.71
2022-07-12,148.11,148.11,147.72,147.72
2022-07-13,148.11,136.1,136.1,148.11
2022-07-14,137.76,137.76,136.1,136.1
2022-07-15,137.76,129.85,129.85,137.76
2022-07-18,137.76,127.69,127.69,137.76
2022-07-19,127.69,124.7,124.7,127.69
2022-07-20,124.7,122.9,122.9,124.7
2022-07-21,122.9,121.15,121.15,122.9
2022-07-22,123.7,123.7,121.15,121.15
2022-07-25,128.27,128.27,121.15,121.15
2022-07-26,128.55,128.55,128.27,128.27
2022-07-27,128.55,117.28,117.28,128.55
2022-07-28,119.93,119.93,117.28,117.28
2022-07-29,119.93,116.36,116.36,119.93
2022-08-01,120.5,120.5,119.93,119.93
2022-08-02,129.23,129.23,120.5,120.5
2022-08-03,129.23,122.04,122.04,129.23
2022-08-04,122.04,120.57,120.57,122.04
2022-08-05,122.58,122.58,120.57,120.57
2022-08-08,124.12,124.12,120.57,120.57
2022-08-09,125.12,125.12,124.12,124.12
2022-08-10,125.12,115.26,115.26,125.12
2022-08-11,115.26,111.11,111.11,115.26
2022-08-12,111.11,106.28,106.28,111.11
2022-08-15,113.82,113.82,111.11,111.11
2022-08-16,116.83,116.83,113.82,113.82
2022-08-17,117.7,117.7,116.83,116.83
2022-08-18,120.26,120.26,117.7,117.7
2022-08-19,123.81,123.81,120.26,120.26
2022-08-22,135.89,135.89,120.26,120.26
2022-08-23,135.89,133.85,133.85,135.89
2022-08-24,133.85,133.13,133.13,133.85
2022-08-25,133.13,126.33,126.33,133.13
2022-08-26,126.33,122.95,122.95,126.33
2022-08-29,130.14,130.14,126.33,126.33
2022-08-30,130.14,127.69,127.69,130.14
2022-08-31,127.69,124.84,124.84,127.69
2022-09-01,126.58,126.58,124.84,124.84
2022-09-02,126.58,120.72,120.72,126.58
2022-09-06,133.54,133.54,120.72,120.72
2022-09-07,133.54,133.12,133.12,133.54
2022-09-08,133.12,124.14,124.14,133.12
2022-09-09,124.14,121.54,121.54,124.14
2022-09-12,124.14,123.07,123.07,124.14
2022-09-13,128.87,128.87,123.07,123.07
2022-09-14,128.87,125.35,125.35,128.87
2022-09-15,125.35,124.07,124.07,125.35
2022-09-16,124.95,124.95,124.07,124.07
2022-09-19,133.79,133.79,124.07,124.07
2022-09-20,134.66,134.66,133.79,133.79
2022-09-21,134.66,130.54,130.54,134.66
2022-09-22,131.93,131.93,130.54,130.54
2022-09-23,137.28,137.28,131.93,131.93
2022-09-26,153.61,153.61,131.93,131.93
2022-09-27,158.12,158.12,153.61,153.61
2022-09-28,158.99,158.99,158.12,158.12
2022-09-29,158.99,148.14,148.14,158.99
2022-09-30,148.14,141.89,141.89,148.14
2022-10-03,152.94,152.94,148.14,148.14
2022-10-04,152.94,151.21,151.21,152.94
2022-10-05,152.01,152.01,151.21,151.21
2022-10-06,153.29,153.29,152.01,152.01
2022-10-07,153.29,148.46,148.46,153.29
2022-10-11,155.57,155.57,148.46,148.46
2022-10-12,160.72,160.72,155.57,155.57
2022-10-13,160.72,155.08,155.08,160.72
2022-10-14,155.08,152.89,152.89,155.08
2022-10-17,155.08,150.42,150.42,155.08
2022-10-18,150.42,145.79,145.79,150.42
2022-10-19,147.73,147.73,145.79,145.79
2022-10-20,155.61,155.61,147.73,147.73
2022-10-21,156.95,156.95,155.61,155.61
2022-10-24,155.61,154.02,154.02,155.61
2022-10-25,154.02,147.78,147.78,154.02
2022-10-26,147.78,140.2,140.2,147.78
2022-10-27,142.78,142.78,140.2,140.2
2022-10-28,144.6,144.6,142.78,142.78
2022-10-31,147.92,147.92,142.78,142.78
2022-11-01,148.42,148.42,147.92,147.92
2022-11-02,148.42,141.17,141.17,148.42
2022-11-03,141.17,136.28,136.28,141.17
2022-11-04,136.28,128.44,128.44,136.28
2022-11-07,136.28,128.33,128.33,136.28
2022-11-08,128.33,126.33,126.33,128.33
2022-11-09,126.33,124.4,124.4,126.33
2022-11-10,124.4,111.69,111.69,124.4
2022-11-14,119.99,119.99,119.99,119.99
2022-11-15,128.62,128.62,128.62,128.62
2022-11-16,130.83,130.83,128.62,128.62
2022-11-17,132.18,132.18,132.18,132.18
2022-11-18,129.33,129.33,129.33,129.33
2022-11-21,132.13,132.13,129.33,129.33
2022-11-22,133.53,133.53,132.13,132.13
2022-11-23,136.2,136.2,133.53,133.53
2022-11-25,136.2,129.6,129.6,136.2
2022-11-28,131.73,131.73,129.6,129.6
2022-11-29,131.73,131.23,131.23,131.73
2022-11-30,131.23,127.27,127.27,131.23
2022-12-01,127.27,119.77,119.77,127.27
2022-12-02,119.77,118.62,118.62,119.77
2022-12-05,126.5,126.5,118.62,118.62
2022-12-06,129.09,129.09,126.5,126.5
2022-12-07,131.1,131.1,129.09,129.09
2022-12-08,131.1,129.54,129.54,131.1
2022-12-09,132.79,132.79,129.54,129.54
2022-12-12,141.93,141.93,132.79,132.79
2022-12-13,141.93,135.08,135.08,141.93
2022-12-14,135.08,120.26,120.26,135.08
2022-12-15,120.26,111.26,111.26,120.26
2022-12-16,113.65,113.65,111.26,111.26
2022-12-19,118.32,118.32,113.65,113.65
2022-12-20,119.92,119.92,118.32,118.32
2022-12-21,119.92,115.0,115.0,119.92
2022-12-22,115.0,112.05,112.05,115.0
2022-12-23,113.17,113.17,112.05,112.05
2022-12-27,124.89,124.89,113.17,113.17
2022-12-28,124.89,120.07,120.07,124.89
2022-12-29,120.25,120.25,120.07,120.07
2022-12-30,121.61,121.61,120.25,120.25
2023-01-03,129.97,129.97,121.61,121.61
2023-01-04,129.97,125.78,125.78,129.97
2023-01-05,125.78,119.53,119.53,125.78
2023-01-06,119.53,113.87,113.87,119.53
2023-01-09,116.67,116.67,113.87,113.87
2023-01-10,119.52,119.52,116.67,116.67
2023-01-11,119.52,115.17,115.17,119.52
2023-01-12,115.17,112.34,112.34,115.17
2023-01-13,113.55,113.55,112.34,112.34
2023-01-17,122.27,122.27,113.55,113.55
2023-01-18,122.27,112.61,112.61,122.27
2023-01-19,114.53,114.53,112.61,112.61
2023-01-20,114.76,114.76,114.53,114.53
2023-01-23,114.76,114.69,114.69,114.76
2023-01-24,114.69,112.76,112.76,114.69
2023-01-25,112.76,107.74,107.74,112.76
2023-01-26,107.74,104.28,104.28,107.74
2023-01-27,104.28,100.7,100.7,104.28
2023-01-30,103.77,103.77,100.7,100.7
2023-01-31,103.77,99.54,99.54,103.77
2023-02-01,99.54,97.33,97.33,99.54
2023-02-02,97.76,97.76,97.33,97.33
2023-02-03,98.99,98.99,97.76,97.76
2023-02-06,105.63,105.63,98.99,98.99
2023-02-07,105.63,103.15,103.15,105.63
2023-02-08,103.15,100.75,100.75,103.15
2023-02-09,102.45,102.45,100.75,100.75
2023-02-10,109.63,109.63,102.45,102.45
2023-02-13,110.67,110.67,109.63,109.63
2023-02-14,110.67,110.59,110.59,110.67
2023-02-15,110.59,108.64,108.64,110.59
2023-02-16,111.01,111.01,108.64,108.64
2023-02-17,111.01,110.11,110.11,111.01
2023-02-21,119.62,119.62,110.11,110.11
2023-02-22,119.62,118.21,118.21,119.62
2023-02-23,118.21,117.45,117.45,118.21
2023-02-24,122.84,122.84,117.45,117.45
2023-02-27,122.84,120.03,120.03,122.84
2023-02-28,123.6,123.6,120.03,120.03
2023-03-01,123.6,121.08,121.08,123.6
2023-03-02,124.12,124.12,121.08,121.08
2023-03-03,124.12,122.52,122.52,124.12
2023-03-06,128.19,128.19,122.52,122.52
2023-03-07,133.33,133.33,128.19,128.19
2023-03-08,133.33,129.76,129.76,133.33
2023-03-09,129.76,129.28,129.28,129.76
2023-03-10,140.06,140.06,129.28,129.28
2023-03-13,173.59,173.59,140.06,140.06
2023-03-14,173.59,169.65,169.65,173.59
2023-03-15,198.71,198.71,169.65,169.65
2023-03-16,198.71,167.96,167.96,198.71
2023-03-17,180.11,180.11,167.96,167.96
2023-03-20,182.64,182.64,180.11,180.11
2023-03-21,182.64,162.31,162.31,182.64
2023-03-22,162.31,142.84,142.84,162.31
2023-03-23,151.4,151.4,142.84,142.84
2023-03-24,173.66,173.66,151.4,151.4
2023-03-27,173.66,161.67,161.67,173.66
2023-03-28,161.67,155.96,155.96,161.67
2023-03-29,155.96,150.58,150.58,155.96
2023-03-30,150.58,141.24,141.24,150.58
2023-03-31,141.24,135.93,135.93,141.24
2023-04-03,138.17,138.17,135.93,135.93
2023-04-04,147.75,147.75,138.17,138.17
2023-04-05,153.9,153.9,147.75,147.75
2023-04-06,153.9,147.73,147.73,153.9
2023-04-07,147.73,139.2,139.2,147.73
2023-04-10,143.0,143.0,139.2,139.2
2023-04-11,143.0,139.78,139.78,143.0
2023-04-12,139.78,129.68,129.68,139.78
2023-04-13,129.68,119.95,119.95,129.68
2023-04-14,119.95,118.84,118.84,119.95
2023-04-17,122.69,122.69,118.84,118.84
2023-04-18,122.78,122.78,122.69,122.69
2023-04-19,124.02,124.02,122.78,122.78
2023-04-20,124.02,120.61,120.61,124.02
2023-04-21,120.84,120.84,120.61,120.61
2023-04-24,126.28,126.28,120.84,120.84
2023-04-25,137.13,137.13,126.28,126.28
2023-04-26,137.13,130.39,130.39,137.13
2023-04-27,130.39,122.43,122.43,130.39
2023-04-28,122.46,122.46,122.43,122.43
2023-05-01,128.18,128.18,122.46,122.46
2023-05-02,137.55,137.55,128.18,128.18
2023-05-03,137.55,134.5,134.5,137.55
2023-05-04,140.71,140.71,134.5,134.5
2023-05-05,140.71,130.21,130.21,140.71
2023-05-08,135.07,135.07,130.21,130.21
2023-05-09,135.07,133.93,133.93,135.07
2023-05-10,133.93,125.6,125.6,133.93
2023-05-11,128.21,128.21,125.6,125.6
2023-05-12,128.21,120.52,120.52,128.21
2023-05-15,127.89,127.89,120.52,120.52
2023-05-16,130.3,130.3,127.89,127.89
2023-05-17,130.3,120.78,120.78,130.3
2023-05-18,122.5,122.5,120.78,120.78
