,isin,spreadToPeers
0,AT0000A286W1,7.199495401640899
1,AT0000A28HX3,34.50302049398933
2,AT0000A2A6W3,-7.584397086898295
3,AT0000A2CDT6,-0.6858293505233083
4,AT0000A2JAF6,17.704589339429656
5,AT0000A2KW37,31.89237388963422
6,AT0000A2N7F1,43.35183199517213
7,AT0000A2QDQ2,6.766230380185483
8,AT0000A2RAA0,16.167927871155918
9,AT0000A2RK00,54.52099170626287
10,AT0000A2RY95,3.3967667367103584
11,AT0000A2RZH2,4.543957590906445
12,AT0000A2STT8,5.448174585923883
13,AT0000A2SUH1,23.94013397846243
14,AT0000A2SUL3,7.000881604573859
15,AT0000A2T487,20.49389166145902
16,AT0000A2T4M8,6.408732592776903
17,AT0000A2UXM1,1.938381078466215
18,AT0000A2UXN9,4.687486823707168
19,AT0000A2VL52,18.526607160247124
20,AT0000A2VXQ0,5.195150464556488
21,AT0000A2WVQ2,23.357289659586236
22,AT0000A2XG57,35.74305746547727
23,AT0000A2XLA5,6.401773586305639
24,AT0000A2XLB3,11.029505130782681
25,AT0000A2XLD9,8.406073063007977
26,AT0000A2YBY4,11.13536852554845
27,AT0000A305R9,6.152519626956727
28,AT0000A306J4,3.6176503555597086
29,AT0000A30ZH4,11.600994056700957
30,AT0000A32661,14.53440034444923
31,AT0000A326M6,13.761741413103584
32,AT0000A326N4,14.759157829270876
33,AT0000A32HA3,27.487399305788976
34,AT0000A32RP0,60.066964566381316
35,AT000B049754,-3.4565395360890574
36,AT000B049788,-2.37468569346154
37,AT000B049796,-2.0549386379244963
38,AT000B049911,3.81468854230505
39,AT000B049929,3.236974487687306
40,AT000B049937,4.8300716647695765
41,AT000B049945,4.248807711772128
42,AT000B066675,-13.152829025180397
43,AT000B066840,10.09209640934723
44,AT000B066907,6.360933703347279
45,AT000B093547,5.404251974887555
46,AT000B093901,12.707666330827957
47,AT000B122031,-3.1833832718448813
48,AT000B122049,-0.890484204619315
49,AT000B122080,78.81378380308608
50,AT000B122155,55.218156496709796
51,BE0002583616,-7.147563046266188
52,BE0002595735,55.810424548024514
53,BE0002598762,3.1253302604031865
54,BE0002620012,-3.181017809371267
55,BE0002629104,30.389146643319613
56,BE0002645266,-8.787912040650781
57,BE0002682632,1.1742814855326649
58,BE0002707884,-5.491578347554203
59,BE0002728096,39.78193831096954
60,BE0002755362,38.46476920391379
61,BE0002784651,110.84309526701192
62,BE0002803840,22.517179536718633
63,BE0002818996,64.81355326843521
64,BE0002831122,22.87386949528051
65,BE0002846278,31.689224139496005
66,BE0002859404,-3.1479612671397756
67,BE0002871524,93.26381766313386
68,BE0002872530,29.208157741219594
69,BE0002913946,58.03275451550098
70,BE0002921022,1.0374241594488558
71,BE0002925064,43.47812130998643
72,BE0974365976,74.32362589797964
73,BE0974423569,39.35432765042626
74,BE6307427029,18.896636758005975
75,BE6311694010,28.369110812519427
76,BE6312821612,44.03840696593602
77,BE6312822628,57.8616378743194
78,BE6317283610,-2.9332657074583577
79,BE6318702253,62.787631811281585
80,BE6320934266,105.40665515019543
81,BE6321529396,51.87786309386883
82,BE6322991462,22.313070261655348
83,BE6324012978,7.6561464268003645
84,BE6324664703,67.78628818821167
85,BE6324720299,8.027949590128388
86,BE6325493268,49.54328884349627
87,BE6326767397,6.840383940304219
88,BE6328785207,10.1984497112712
89,BE6330288687,46.02933015668958
90,BE6331175826,2.949722139205356
91,BE6331562817,88.23438995309496
92,BE6332786449,79.29068057139497
93,BE6333477568,7.263683316520765
94,BE6338167909,16.648800367120412
95,BE6338543786,10.733897072140977
96,BE6339428904,49.8702156216028
97,BE6340849569,50.76715141969222
98,CH0483180946,56.62895007383973
99,CH1130818847,15.27218451584612
100,CH1168499791,24.660902069278805
101,CH1174335732,96.06235592870358
102,CH1174335740,120.41803890172412
103,CH1194000340,25.076147250624814
104,CH1210198136,51.54954073845283
105,CH1224575899,35.8560409632003
106,CH1230759495,50.68579379450714
107,CH1236363391,87.57919804874987
108,CH1255915006,47.62133692206586
109,CH1255915014,64.38069561376717
110,DE000A11QJM4,7.52637479499353
111,DE000A14J0L1,5.174525979583704
112,DE000A14J0M9,2.795944330917169
113,DE000A14J0N7,3.537560275870042
114,DE000A162BA6,-6.847450761939475
115,DE000A162BF5,-5.040727825255915
116,DE000A162BJ7,12.573516688902787
117,DE000A194DD9,17.84659041679548
118,DE000A194DE7,48.31946029176217
119,DE000A19NS93,-21.2979936561759
120,DE000A1KRJR4,1.125766614240843
121,DE000A1KRJS2,-5.809964010599327
122,DE000A1KRJT0,-11.340287440312002
123,DE000A1KRJU8,3.5813145381202087
124,DE000A1KRJV6,-3.5238270120904542
125,DE000A254P51,35.370917681439956
126,DE000A254P69,49.08423359861433
127,DE000A254YU1,-4.8764365391712055
128,DE000A289DC9,6.1717526520684345
129,DE000A289NE4,34.617759803509
130,DE000A289NF1,49.68829846751902
131,DE000A289NX4,66.92699586369218
132,DE000A289RN6,80.78566811893228
133,DE000A289XG8,76.38911533340442
134,DE000A289XH6,54.72978870139743
135,DE000A289XJ2,33.84153950029091
136,DE000A28VQC4,76.53155031097144
137,DE000A28VQD2,79.28223163201727
138,DE000A28ZQP7,11.392343875399986
139,DE000A28ZQQ5,48.79483672232177
140,DE000A2E4CQ2,-26.52614020613666
141,DE000A2G9HE4,4.305422493818811
142,DE000A2G9HL9,-5.809124242358553
143,DE000A2GSLL7,-8.538404566326586
144,DE000A2GSLV6,-8.33778400085783
145,DE000A2NB841,0.45660381097218217
146,DE000A2NBKK3,33.233406391496345
147,DE000A2R8ND3,12.208391855038379
148,DE000A2R9ZT1,11.39670612936816
149,DE000A2R9ZU9,27.226210687575804
150,DE000A2RWZZ6,16.640508567332606
151,DE000A2RYD91,20.71353142451551
152,DE000A2SBDE0,21.609425401862808
153,DE000A2TSDD4,26.519347473932733
154,DE000A2YNVM8,-1.9400266700622664
155,DE000A2YNVY3,2.3717176840300516
156,DE000A2YNWA1,0.69281445336622
157,DE000A2YNX91,-0.7492049812475093
158,DE000A2YNZV0,16.204915283075163
159,DE000A2YNZW8,14.76443668513609
160,DE000A2YNZX6,-24.329202886139484
161,DE000A30V3G9,-2.5747042867953875
162,DE000A30V5F6,3.181505143357937
163,DE000A30V8H6,-11.90247679438946
164,DE000A30V8U9,-7.231910556756427
165,DE000A30VG92,-4.164979889082327
166,DE000A30VGD9,61.13455522598029
167,DE000A30VH59,-2.2625773117043018
168,DE000A30VPC2,-4.243162607926665
169,DE000A30VPD0,-2.9725276036638495
170,DE000A30VPL3,74.45415254859667
171,DE000A30VPM1,87.11476539676826
172,DE000A30WF27,5.031210406888827
173,DE000A30WF68,8.517157772474977
174,DE000A30WFU3,3.5805992103624926
175,DE000A30WFV1,46.35746136974566
176,DE000A3E5K73,1.834312695000443
177,DE000A3E5L98,27.68080070623996
178,DE000A3E5QW6,9.294480353791664
179,DE000A3E5VK1,43.99145559066153
180,DE000A3E5VX4,43.92908023705488
181,DE000A3H24G6,3.554494417513218
182,DE000A3H25Q2,29.793873017836987
183,DE000A3H2TK9,1.0991958900124659
184,DE000A3H2TQ6,-0.5742915218623903
185,DE000A3H2TW4,23.992637624507317
186,DE000A3H2ZX9,27.82016128436608
187,DE000A3H3JM4,53.87883396986159
188,DE000A3KNP88,11.173337745543222
189,DE000A3KNP96,44.54904499722244
190,DE000A3KNQA0,52.83940772655977
191,DE000A3KPTG6,89.62434541322969
192,DE000A3KSGM5,24.962906016236012
193,DE000A3LBMY2,16.379410037292626
194,DE000A3MP4S3,24.39596664516298
195,DE000A3MP4T1,25.584656199397884
196,DE000A3MP4U9,3.880484749648204
197,DE000A3MP619,5.799932413963128
198,DE000A3MQNN9,40.27322933222137
199,DE000A3MQNP4,21.023957359137846
200,DE000A3MQNQ2,74.92417518322748
201,DE000A3MQS56,37.23933405171304
202,DE000A3MQS64,20.372557922930863
203,DE000A3MQS72,51.405615727569995
204,DE000A3MQUX3,6.0273273608352245
205,DE000A3MQUY1,3.1562430904722403
206,DE000A3T0X22,32.69751901817089
207,DE000A3T0X97,36.37633293936956
208,DE000A3T0YH5,2.684372282127496
209,DE000AAR0249,-1.7245212229093139
210,DE000AAR0264,34.712693356178704
211,DE000AAR0272,-6.8120964826268215
212,DE000AAR0280,1.33143381371378
213,DE000AAR0298,23.389599943797737
214,DE000AAR0306,2.859155172025767
215,DE000AAR0314,0.14854010993774439
216,DE000AAR0322,25.684264977034893
217,DE000AAR0348,7.838746462882831
218,DE000AAR0371,4.736088147412777
219,DE000AAR0389,-1.8261322620119884
220,DE000BHY0B14,-0.433816163551422
221,DE000BHY0BJ9,-11.596194189526443
222,DE000BHY0BP6,0.6437362925619586
223,DE000BHY0BQ4,0.9694987116109564
224,DE000BHY0GA7,12.628789458398643
225,DE000BHY0GB5,-21.68077236999869
226,DE000BHY0GC3,5.561654413978112
227,DE000BHY0GE9,-0.575809919807126
228,DE000BHY0GK6,-0.7329488041406995
229,DE000BHY0GL4,2.798303943746305
230,DE000BHY0GM2,2.867097328910169
231,DE000BHY0GN0,0.3094818359144997
232,DE000BHY0HZ2,3.358907803759078
233,DE000BHY0JW5,1.2951041927867222
234,DE000BHY0JY1,-2.0703438210802334
235,DE000BHY0SB0,2.742717324152183
236,DE000BHY0SP0,1.022490200393445
237,DE000BLB6JD3,0.3927467285195796
238,DE000BLB6JG6,-0.9154900733901556
239,DE000BLB6JH4,-6.6090560204429245
240,DE000BLB6JJ0,-1.2779082655945695
241,DE000BLB6JK8,4.277625082534758
242,DE000BLB6JL6,0.4917301451688576
243,DE000BLB6JT9,6.040533599040384
244,DE000BLB6JU7,6.300651944530223
245,DE000CB0HRQ9,55.79682538526817
246,DE000CB0HRY3,33.495693205995785
247,DE000CZ40M21,27.049183348241744
248,DE000CZ40MC5,2.253054248055463
249,DE000CZ40MN2,4.668618397965672
250,DE000CZ40MU7,6.61411360615065
251,DE000CZ40N04,57.2571715
252,DE000CZ40N46,51.123313042898126
253,DE000CZ40NG4,53.28267762644117
254,DE000CZ40NS9,66.4127312217777
255,DE000CZ43ZB3,99.0440000285385
256,DE000CZ43ZF4,4.809119037102006
257,DE000CZ43ZJ6,8.210295670638313
258,DE000CZ43ZN8,88.45697354192421
259,DE000CZ43ZS7,2.9391899374023134
260,DE000CZ45VB7,27.791892789599743
261,DE000CZ45VC5,49.63249075188446
262,DE000CZ45VM4,60.4551436336417
263,DE000CZ45VS1,6.657505871958729
264,DE000CZ45W16,7.082961940309975
265,DE000CZ45W99,10.85183528520256
266,DE000CZ45WU5,16.309910887905158
267,DE000CZ45WY7,6.6662472544851825
268,DE000DL19T67,7.090017253341998
269,DE000DL19U15,21.352612411050696
270,DE000DL19UM9,3.959222257674911
271,DE000DL19UW8,7.892196242646121
272,DE000HCB0A86,53.85939588519566
273,DE000HCB0AY6,90.32994474353146
274,DE000HCB0AZ3,44.44591958551646
275,DE000HCB0BC0,3.7434045178081887
276,DE000HCB0BH9,2.278966846076354
277,DE000HCB0BL1,20.08126745515906
278,DE000HCB0BN7,5.157819564289704
279,DE000HCB0BP2,3.725066488249604
280,DE000HCB0BS6,83.05751434297318
281,DE000LB125N3,0.3205431891255795
282,DE000LB2CHW4,-16.714423636557
283,DE000LB2CLH7,-14.639680590555523
284,DE000LB2CMY0,3.2803829577163692
285,DE000LB2CNE0,-14.896409940969424
286,DE000LB2CQG8,3.0243275668516185
287,DE000LB2V5T1,4.729383444633423
288,DE000LB2V7C3,-6.672276453222151
289,DE000LB2V833,1.1364988508273244
290,DE000LB2ZV93,7.848279992240146
291,DE000LB38077,-13.069098544347629
292,DE000LB381U7,-13.97452071583246
293,DE000MHB20J2,4.4349443397455275
294,DE000MHB21J0,2.806292066339851
295,DE000MHB24J4,1.3044608736117824
296,DE000MHB28J5,4.130040408892797
297,DE000MHB29J3,3.131144406155737
298,DE000MHB30J1,6.206890689291049
299,DE000MHB31J9,5.145460972465198
300,DE000MHB32J7,7.671052390583467
301,DE000MHB33J5,-1.3210669507853814
302,DE000MHB61E7,-66.18379087475175
303,DE000MHB61N8,-22.874504139907923
304,DE000MHB64E1,3.595544758625788
305,DE000NLB2Q36,8.396713262022981
306,DE000NLB3UX1,1.383116985274233
307,DE000NLB3Z75,-10.243162607926667
308,DE000NLB3ZZ5,1.75248258718833
309,DE000NLB4RJ4,5.8973079787128295
310,DE000SCB0021,7.508544570330612
311,DE000SCB0039,3.8786717702720392
312,DE000SCB0047,3.4888397224813747
313,DE000SLB4204,6.057913264731377
314,DE000SLB4238,1.6243105635755404
315,DE000SLB4253,4.304902892358626
316,DE000SLB4345,-5.702781188836242
317,DE000SLB4SA6,2.905793573564775
318,DK0004132677,31.266253254004813
319,DK0009404618,0.45775883622815833
320,DK0009410185,4.890858590537277
321,DK0009522062,24.775055200252815
322,DK0009522732,26.145120644235806
323,DK0009525404,25.140737712297366
324,DK0009526998,46.18757853430573
325,DK0009529901,38.708013580476425
326,DK0030045703,44.770110183223046
327,DK0030467105,28.957776238719774
328,DK0030485271,21.109396848667497
329,DK0030506886,-1.1960963097312383
330,ES0205032032,-13.027671276214093
331,ES0205032040,56.961137846981615
332,ES0205045026,36.18418830627357
333,ES0239140025,63.18251677461643
334,ES0265936023,70.26320735868725
335,ES0343307015,58.77827860166091
336,ES0380907057,22.962837675005687
337,ES0413211A75,17.198987539128726
338,ES0413679525,29.470082773756065
339,ES0413860745,17.494390089711523
340,ES0413860802,10.876916657386216
341,ES0413900566,0.11158248429542132
342,ES0413900590,2.2032389533943344
343,ES0413900608,7.025780386595978
344,ES0413900905,16.0739533359619
345,ES0413900913,30.222434754431127
346,ES0415306101,21.951198706646892
347,ES0440609396,27.27828612292733
348,ES0465936054,25.662368632733678
349,FI4000348982,90.16057448500139
350,FI4000375092,2.2583344209980427
351,FI4000375241,2.060159794533701
352,FI4000378674,9.168589978079904
353,FI4000466412,6.905001129889244
354,FI4000496286,68.93558380725054
355,FI4000496344,10.6565219995223
356,FI4000496468,113.20032578449153
357,FI4000522974,8.047875189194974
358,FI4000523287,68.32623567823372
359,FI4000530977,67.08012855929009
360,FI4000541461,15.09681356747101
361,FI4000549035,22.040485049287458
362,FI4000549548,13.015743884739747
363,FI4000549605,15.143768614229064
364,FR0013262698,51.71504939173077
365,FR0013263951,3.2300062019763205
366,FR0013266350,43.772232042188506
367,FR0013266830,20.37113539591509
368,FR0013284254,12.142807490909945
369,FR0013286838,14.435827538662757
370,FR0013287299,-15.883424957739471
371,FR0013290749,27.72533510860604
372,FR0013296159,10.163196542437017
373,FR0013299435,49.03605409434052
374,FR0013309549,-2.721713877072664
375,FR0013310240,2.227615719662474
376,FR0013311503,14.31104693692824
377,FR0013312493,19.48926655676728
378,FR0013312501,26.051017392113003
379,FR0013320611,-0.49104157675591864
380,FR0013321536,79.85674435642386
381,FR0013323664,27.263711599112924
382,FR0013323870,-18.664528382508365
383,FR0013324340,34.731627881212134
384,FR0013329638,3.9435477106962367
385,FR0013334695,46.635305601390854
386,FR0013335767,48.37316128981869
387,FR0013336229,8.167029181942175
388,FR0013344686,3.0278065552943856
389,FR0013358199,-20.093850582704658
390,FR0013365285,7.196024779990348
391,FR0013367620,-3.8719046225374925
392,FR0013368602,55.39004409525095
393,FR0013369667,2.0796813101908387
394,FR0013375797,0.7415658988859294
395,FR0013378452,15.95623870177458
396,FR0013382348,21.54442914703595
397,FR0013383346,-5.1303337869080465
398,FR0013383585,2.9488935406374837
399,FR0013385515,13.600098239478186
400,FR0013385655,53.93156414826027
401,FR0013393774,53.737478181292374
402,FR0013393899,5.733141887578053
403,FR0013394681,43.19381943485333
404,FR0013396355,-0.7063598168235536
405,FR0013396520,5.428054737175749
406,FR0013397288,5.3436647678445865
407,FR0013398070,56.784421384557135
408,FR0013399102,-0.3475211738371134
409,FR0013399110,-0.4611200415273679
410,FR0013399169,-3.790874835681037
411,FR0013403441,17.748566402054543
412,FR0013404571,38.5972434937726
413,FR0013405032,-13.443306491753196
414,FR0013408960,26.1992576702403
415,FR0013410818,24.7408392309722
416,FR0013411600,4.271545265716881
417,FR0013412707,81.37636348625169
418,FR0013412947,29.36272638512865
419,FR0013413382,-4.171628165862362
420,FR0013414091,36.57321642237553
421,FR0013415692,3.0796691816612074
422,FR0013421799,5.376505634315274
423,FR0013422011,23.540929265977613
424,FR0013422227,44.34769100272143
425,FR0013428067,-8.807742808372197
426,FR0013428489,-4.7513683201102594
427,FR0013428943,24.448419752084206
428,FR0013429073,22.6781859321936
429,FR0013430733,30.268255888107017
430,FR0013430741,9.625207133027274
431,FR0013432770,1.8892122339832
432,FR0013434321,-0.5295984385859926
433,FR0013434776,17.62739340404563
434,FR0013444536,34.76214751333153
435,FR0013444544,47.91367305841373
436,FR0013444676,18.5180317709847
437,FR0013444759,15.177759594569062
438,FR0013444775,18.245830579037786
439,FR0013446598,7.143447430861929
440,FR0013447075,23.976140996945297
441,FR0013447232,67.95094927166635
442,FR0013448859,37.75500055562085
443,FR0013450822,45.516827605291446
444,FR0013451796,4.883157443491783
445,FR0013455540,18.658378848027702
446,FR0013455813,13.330751999639716
447,FR0013456621,21.685174163200948
448,FR0013457967,65.82939179637475
449,FR0013460417,-4.84073040936275
450,FR0013463551,-6.10328157202445
451,FR0013465010,-2.2746321524649593
452,FR0013465358,15.159340675503726
453,FR0013465424,102.65822989483175
454,FR0013476090,93.46852495773868
455,FR0013476553,10.30706672898404
456,FR0013476595,33.34140857604203
457,FR0013477924,3.679742831134431
458,FR0013478047,2.608739266463823
459,FR0013479276,41.66616904865469
460,FR0013481207,0.13427876316714346
461,FR0013482817,25.849807223376594
462,FR0013482825,12.105541936466196
463,FR0013482890,4.353920109006019
464,FR0013487071,7.040541669518906
465,FR0013504644,68.72545463480573
466,FR0013504677,68.5728045492679
467,FR0013504693,74.11496348471789
468,FR0013505096,22.081849780455908
469,FR0013505104,40.0146193631713
470,FR0013505112,2.7281928909975406
471,FR0013505542,45.42504947410093
472,FR0013505559,43.274346109603236
473,FR0013505567,30.483235173320708
474,FR0013505625,-34.49455810122146
475,FR0013506292,63.487087859702626
476,FR0013506300,44.01633814677628
477,FR0013506516,46.79405316361868
478,FR0013506813,87.19431912706177
479,FR0013506821,84.65026672929103
480,FR0013506862,75.73228289625203
481,FR0013506870,13.385233020028476
482,FR0013507654,-44.957092700102834
483,FR0013507704,62.3972590244507
484,FR0013509643,86.39570144601052
485,FR0013510179,90.49509816776089
486,FR0013510476,4.385773308107195
487,FR0013510823,18.36292952649356
488,FR0013511227,46.270128276022874
489,FR0013512233,112.45363431077101
490,FR0013512407,93.5868253709924
491,FR0013514502,5.522783742902515
492,FR0013515715,7.171338342648502
493,FR0013515749,37.20882212843202
494,FR0013515871,7.347760752268653
495,FR0013517059,41.79720111944829
496,FR0013517190,22.773069868017195
497,FR0013517307,60.76015276752577
498,FR0013518057,73.0288665708339
499,FR0013518537,-70.4439014214706
500,FR0013519048,9.080772935207435
501,FR0013519279,60.08044134529906
502,FR0013520210,8.05143100920227
503,FR0013521267,73.37003812563545
504,FR0013522133,89.96097750527181
505,FR0013533403,-1.437845786781016
506,FR0013534484,3.3959567798730017
507,FR0013534674,1.051571578865844
508,FR0013535150,67.75363892359799
509,FR0013536950,5.057913264731377
510,FR00140003P3,15.16850088497714
511,FR00140004Q9,16.098371567152086
512,FR00140005J1,6.222142968800525
513,FR00140005T0,64.41610184603199
514,FR00140009U0,2.8684124003037956
515,FR0014000D31,24.601743440880327
516,FR0014000KT3,7.831754943561759
517,FR0014000O87,139.78228291620815
518,FR0014000PF1,9.732751017219778
519,FR0014000S75,52.42312401214456
520,FR0014000T33,63.37838740195834
521,FR0014000UC8,56.30859247356693
522,FR0014000UD6,76.53280040206319
523,FR0014000Y93,-0.21924362046241497
524,FR00140010J1,125.15779748224253
525,FR0014001EW8,57.30701847214425
526,FR0014001G29,17.36881746125391
527,FR0014001I50,23.942838526188698
528,FR0014001I68,7.645105829439722
529,FR0014001IM0,14.342662875076755
530,FR0014001IO6,36.84715658451725
531,FR0014001QL5,0.2915005159815494
532,FR00140022B3,30.84952402474903
533,FR00140027U2,47.29329670660297
534,FR0014002BJ9,40.465108279348215
535,FR0014002C30,22.62894134698307
536,FR0014002FB7,0.59229105456966
537,FR0014002G44,37.868540488634736
538,FR0014002NR7,14.538045366537096
539,FR0014002QG3,92.92280288539892
540,FR0014002S57,20.47750876278329
541,FR0014002X50,1.7915034592744812
542,FR0014003182,13.928296609226361
543,FR0014003BW0,1.7959443309171692
544,FR0014003GX7,91.62212613290409
545,FR0014003MI6,55.100089371012785
546,FR0014003MJ4,10.026668614086628
547,FR0014003Q41,-0.04614110488593681
548,FR0014003RH7,3.367386081970467
549,FR0014003S72,73.42212999128057
550,FR0014003SA0,22.618161200079896
551,FR0014003Z81,36.75758292809226
552,FR00140044X1,22.996375073039317
553,FR0014004750,22.50577642143436
554,FR00140049Z5,15.609349252011604
555,FR0014004EJ9,3.4855496840256235
556,FR0014004GE5,27.816638589119457
557,FR0014004KP3,3.705784685410188
558,FR0014004QI5,102.63344956050244
559,FR0014005H24,8.83840042009118
560,FR0014005OL1,15.778304686003528
561,FR0014005ZP8,35.36778582980807
562,FR00140060E7,4.235372451017265
563,FR0014006268,2.193179477765352
564,FR0014006276,1.1644874784238455
565,FR00140067I3,-0.6455221309585026
566,FR0014006CS9,-4.366097042685979
567,FR0014006IV0,-2.3002234002740716
568,FR0014006NI7,22.322467679996254
569,FR0014006UI2,0.542301072653988
570,FR0014006UO0,56.031903770967894
571,FR0014006ZC4,2.2558980288246318
572,FR0014007LK5,30.446053089044955
573,FR0014007LL3,19.476305897894598
574,FR0014007LM1,30.830957626745374
575,FR0014007LP4,13.661851976340564
576,FR0014007MK3,23.360864164164884
577,FR0014007NF1,29.968754112857003
578,FR0014007PV3,17.139578920495804
579,FR0014007PW1,26.849424671630626
580,FR0014007Q96,31.492711323523235
581,FR0014007QS7,0.0674138319739513
582,FR0014007QT5,3.4969108188379217
583,FR0014007VF4,20.971483756182785
584,FR0014007VP3,-26.322693004548725
585,FR0014008066,3.954908965007331
586,FR00140087C4,18.73900842796564
587,FR0014008E08,7.526556431117397
588,FR0014008FH1,46.16167827122063
589,FR0014008JP6,7.878677521503776
590,FR0014008JQ4,106.87293931288055
591,FR0014008MT2,21.82758545253931
592,FR0014008RP9,-2.0200928373579425
593,FR0014008RV7,2.675470156355581
594,FR00140095D5,6.178316262402819
595,FR00140098T5,1.4532573269444151
596,FR0014009A50,23.299345066366037
597,FR0014009DZ6,92.71072466237561
598,FR0014009KQ0,-3.604947397884235
599,FR0014009KS6,19.622681951672867
600,FR0014009O88,4.894007435972216
601,FR0014009YD9,22.22337198394481
602,FR001400A1H6,41.84959136628135
603,FR001400A2T9,5.420067514819479
604,FR001400A2U7,4.703326049658564
605,FR001400A3G4,19.37258727999749
606,FR001400A5N5,37.25181473715918
607,FR001400A9N7,6.190197284007032
608,FR001400ABK6,3.2622115334767727
609,FR001400AEA1,18.01671564914374
610,FR001400AF72,31.2424215004924
611,FR001400AFL5,51.958195704356214
612,FR001400AFN1,56.040679081918455
613,FR001400AJW4,5.088225676031726
614,FR001400AJX2,50.20003706652695
615,FR001400AKP6,32.2205754733584
616,FR001400AO14,36.88331364193509
617,FR001400AOL7,-23.824667425276548
618,FR001400B1L7,55.83180153875443
619,FR001400BDD5,74.65291829619942
620,FR001400CFW8,58.1197068927254
621,FR001400CGA2,8.144550517581543
622,FR001400CH94,-26.700298250741277
623,FR001400CK81,9.784541755731501
624,FR001400CMY0,33.544836100795045
625,FR001400CMZ7,39.04452184497636
626,FR001400CN54,47.851349739918845
627,FR001400CND2,20.886287231189996
628,FR001400CQ85,38.61100608215966
629,FR001400CSG4,79.58096509386179
630,FR001400D5T9,3.3392482479765224
631,FR001400D7M0,57.971683199692364
632,FR001400D8K2,-11.323601458182551
633,FR001400DC98,3.4800317703304335
634,FR001400DGZ7,6.798485617052213
635,FR001400DHZ5,2.927795219188575
636,FR001400DNG3,93.32523907183898
637,FR001400DNT6,9.296239301101705
638,FR001400DOV0,40.251102017871034
639,FR001400DQ84,109.25704236869545
640,FR001400DQ92,118.46769957881392
641,FR001400DT99,51.64703600015431
642,FR001400DTA3,15.976195826560556
643,FR001400DXH0,4.338800944396636
644,FR001400DZM5,36.97598041441062
645,FR001400DZN3,20.016623244944988
646,FR001400DZO1,60.814785091608684
647,FR001400E1P5,3.2977056388874586
648,FR001400E3H8,67.3960693434346
649,FR001400E797,51.07977853477408
650,FR001400E904,69.3282374594992
651,FR001400E946,56.554353595645466
652,FR001400EAY1,42.24935305832875
653,FR001400EEX5,6.373056849814712
654,FR001400EFP8,6.9648406223665935
655,FR001400F075,17.016747274688395
656,FR001400F091,6.060659328410516
657,FR001400F0U6,66.22271883973676
658,FR001400F1G3,31.39969886805577
659,FR001400F1I9,3.1291310021986902
660,FR001400F281,8.354667204701355
661,FR001400F5F6,11.899694753434195
662,FR001400F5R1,8.613729190033746
663,FR001400F5S9,8.738692598976506
664,FR001400F6E7,70.50695871627879
665,FR001400F6O6,66.28840896323563
666,FR001400F6V1,60.99166259525971
667,FR001400F703,31.289719784213368
668,FR001400FD12,3.765118587568391
669,FR001400FDB0,112.5872764977553
670,FR001400FFW1,4.289897715879221
671,FR001400FIG8,4.894502112995798
672,FR001400FJM4,6.656302809431646
673,FR001400FXU8,5.897586239806734
674,FR001400FZ24,1.8495910448167323
675,FR001400FZ32,3.442320600624856
676,FR001400FZ73,-0.8356773044813126
677,FR001400FZ81,2.67300608893436
678,FR001400G6Y4,42.29743091941603
679,FR001400GI73,1.4671949250970258
680,IT0005321663,41.44293908106011
681,IT0005340374,84.61194151804476
682,IT0005358491,70.16205858875789
683,IT0005365710,65.27049580921208
684,IT0005437733,9.031493543539487
685,IT0005451759,14.49977763885789
686,IT0005459067,9.221388158552767
687,IT0005461626,54.4053769439217
688,IT0005481038,14.171900651263988
689,IT0005481046,11.002192223610868
690,IT0005495889,12.065622040663982
691,IT0005499543,33.05032011303909
692,NL0013019375,-4.089844964485874
693,NL0013400401,5.129827389411746
694,NL00150008B6,8.135923645381942
695,NL0015000WP1,4.479088291651659
696,NL0015001BV1,-1.1690610242474906
697,NL0015436072,11.842111762506633
698,PTCGDCOM0037,55.9101047478568
699,PTCGDDOM0036,15.668675112648486
700,PTCGDNOM0026,63.67116226102233
701,PTEDPNOM0015,103.82913494011245
702,PTGALCOM0013,49.320632517306194
703,SK4000015400,14.021318847230395
704,SK4000015475,14.423104242916741
705,SK4000016069,15.364601132507513
706,SK4000017455,16.14796739657197
707,SK4000018693,13.886870777013673
708,SK4000020491,11.902591218548029
709,SK4000020673,12.066875721821422
710,SK4000021820,26.190284510228526
711,SK4000022398,26.13227500106939
712,SK4000022430,40.33204773451469
713,SK4120015108,29.777450138818875
714,XS1606633912,0.5495116776101974
715,XS1614198262,43.40806384646755
716,XS1614202049,4.503108816399043
717,XS1615085781,12.084271827185116
718,XS1616410061,13.34486285745968
719,XS1617845083,32.75254808025146
720,XS1621351045,12.186380562423924
721,XS1622193248,-8.06764956201534
722,XS1622193321,3.83201893299384
723,XS1627193359,7.674956328650694
724,XS1637329639,10.954090656707473
725,XS1637863546,34.19952973279981
726,XS1637863629,35.54523966317747
727,XS1639488771,92.07914980784889
728,XS1642590480,64.34875181420763
729,XS1645503621,1.466522629916117
730,XS1652855815,-16.510826118968428
731,XS1652856540,-4.1389767200219225
732,XS1675764945,16.147941785971383
733,XS1676933853,6.9954374384326945
734,XS1681521081,78.99122627667339
735,XS1685798370,3.409564683205515
736,XS1691781865,7.549206925027384
737,XS1691909920,17.822495899231793
738,XS1692489583,-7.197776126784931
739,XS1693818285,14.96521678897807
740,XS1693818525,21.240043766174384
741,XS1706200463,10.130195574836598
742,XS1709509258,-3.0440362641471617
743,XS1715306012,59.87685706378547
744,XS1716825507,-13.211182571178195
745,XS1718316281,39.54303478435081
746,XS1719108463,-10.322696571662172
747,XS1719154574,12.479939207645167
748,XS1720761490,60.65248861601324
749,XS1720922175,38.64367556824542
750,XS1720947917,-8.585445008498404
751,XS1721422068,15.425350016509853
752,XS1721422902,28.10976743774765
753,XS1721423462,37.56379361451089
754,XS1722558258,-4.370976268819672
755,XS1722859532,0.031147042282334406
756,XS1725524471,-1.8200361404813254
757,XS1725553066,90.36283440471709
758,XS1725630740,18.171429617953116
759,XS1725677543,89.46738270279593
760,XS1727499680,-8.739001214405967
761,XS1731734585,-9.369822118071971
762,XS1747444245,-17.95905359937605
763,XS1747444831,8.389949918776592
764,XS1748436190,3.8133604684668123
765,XS1748479919,0.8133604684668126
766,XS1750083229,0.897370745838514
767,XS1750986744,22.15062592015782
768,XS1751004232,27.28647445973554
769,XS1752475720,-4.14190214448675
770,XS1753809141,9.012373381659382
771,XS1755086607,-1.310414267878953
772,XS1760129608,-0.9387888222382125
773,XS1766477522,-5.537775731201824
774,XS1767931477,-12.187997931204281
775,XS1769040111,21.577468083574463
776,XS1769041192,7.406993434739647
777,XS1778322351,-3.3096805743661637
778,XS1788494257,-18.705660263126767
779,XS1788586375,6.695023501428662
780,XS1788605936,48.70880654302624
781,XS1790961962,3.4447287394010004
782,XS1792505866,52.05238606264189
783,XS1805353734,-27.28671082973385
784,XS1807409450,31.451821263548556
785,XS1807495608,2.422987205131081
786,XS1808482746,20.755703937085585
787,XS1811812145,-0.20472817913486507
788,XS1811812574,-27.890893366912117
789,XS1815135352,48.68014860522659
790,XS1820037270,24.473632619078874
791,XS1823623878,29.247567599999996
792,XS1828037587,-22.687966375043366
793,XS1829345427,-23.93681250555908
794,XS1832967019,-9.436273761701074
795,XS1839105662,-4.766134216730606
796,XS1839888754,-21.785018034633623
797,XS1843448660,44.754381735053244
798,XS1845161790,-3.4571138757204087
799,XS1847692636,22.64570862798836
800,XS1856342560,6.399625020455456
801,XS1856834608,34.856729828436585
802,XS1857683335,-20.361002040902964
803,XS1858912915,70.43466024742844
804,XS1861322383,53.45654097101453
805,XS1865186677,67.37674423400821
806,XS1869468808,-17.384589499662646
807,XS1871114473,3.8715090759592066
808,XS1872032799,4.994505032007402
809,XS1872038218,75.2357621675393
810,XS1874122770,-19.643784571773452
811,XS1875268689,-15.249179793875985
812,XS1875284702,-34.75110542471903
813,XS1876076040,86.05237338283412
814,XS1876471183,-19.644813470303095
815,XS1877846110,52.55115879332084
816,XS1878191052,42.46893484970751
817,XS1878191219,19.68198101943241
818,XS1878266326,-16.031020639427425
819,XS1880870602,-7.0562524977068435
820,XS1881004730,72.62563959879996
821,XS1881533563,79.94048519261825
822,XS1882544627,44.440975857590516
823,XS1882681452,18.252248291327533
824,XS1883278183,30.457957857624514
825,XS1883352095,-10.784363457085623
826,XS1883355601,-27.070501274248734
827,XS1883911924,5.457957857624514
828,XS1884740041,-15.73487827187948
829,XS1886402814,23.047889156677613
830,XS1886403200,63.206088944952995
831,XS1886577615,5.958004089249781
832,XS1887330188,8.502363435435916
833,XS1887485032,-10.861727797801171
834,XS1890709774,11.964877449383584
835,XS1893621026,50.26716761761982
836,XS1893631330,49.092906349117904
837,XS1893631769,73.16971902910389
838,XS1894534343,-15.881490022102193
839,XS1896660989,17.315653554622134
840,XS1897489578,95.02463718923019
841,XS1900750107,21.699012721819702
842,XS1900752814,20.6282835095306
843,XS1900804045,-17.748970896663447
844,XS1903442744,67.80504544856663
845,XS1908273219,18.567416672295618
846,XS1910245676,3.217027518664413
847,XS1912654321,48.8204401217812
848,XS1917590876,32.72415942533297
849,XS1917591411,34.81676080416183
850,XS1917808922,-0.9332281231768741
851,XS1918000107,81.14113268573207
852,XS1933815455,10.81646320918481
853,XS1933874387,-4.883010831187782
854,XS1934392413,-7.8757183260303085
855,XS1934743656,-6.5808160527751065
856,XS1935153632,-7.761804453847276
857,XS1936186425,-17.702130559030103
858,XS1936779245,3.16205858875787
859,XS1936805776,81.81878980765967
860,XS1937665955,44.532123089582356
861,XS1942615607,-12.533266088418445
862,XS1942629061,-20.56181245613231
863,XS1943455185,-6.672562062360067
864,XS1943456829,-10.324228151262593
865,XS1944390241,28.228605636369167
866,XS1944456109,42.255920363143964
867,XS1947550403,-11.499413607972985
868,XS1948598997,-13.847874291891943
869,XS1948611840,-3.000642217252093
870,XS1948612905,-15.402195457628837
871,XS1951313680,38.24307859735878
872,XS1951313763,43.82885183342228
873,XS1952576475,-20.886118427009688
874,XS1953833750,20.490594409176413
875,XS1955024713,6.0831667732124854
876,XS1955024986,10.199345810535817
877,XS1955187692,26.50444962850951
878,XS1955187775,19.763117818369235
879,XS1955187858,26.436403737977052
880,XS1956025651,36.98152942202958
881,XS1956027947,92.3990834085699
882,XS1956037664,36.09448912364284
883,XS1956955980,-5.8545167978277615
884,XS1956973967,8.207082888380869
885,XS1957442541,36.18000635712056
886,XS1960685383,92.29333511034375
887,XS1961126775,4.538713988265711
888,XS1961772560,43.552913454175645
889,XS1962535644,-16.375246781049494
890,XS1962554785,22.128675922774086
891,XS1962595895,2.921858286437692
892,XS1963717704,-14.254589296881774
893,XS1966038249,-12.172620314193807
894,XS1967635621,-32.61011041504375
895,XS1967635977,87.92895794750416
896,XS1968846532,73.51902014606006
897,XS1969600748,64.89912709759376
898,XS1972548231,80.83361422246449
899,XS1974922442,45.50959212318782
900,XS1978200472,-6.729688427311249
901,XS1978200639,12.303895609805707
902,XS1979262448,10.307795431004756
903,XS1979446843,38.3520568640763
904,XS1980044728,-8.421597785752317
905,XS1980270810,16.74572863538928
906,XS1981054221,33.036109087906276
907,XS1982037696,33.078071575376065
908,XS1982107903,17.111032169317717
909,XS1982725159,16.08046783987219
910,XS1985806600,9.282874847502926
911,XS1987097430,18.41547185594274
912,XS1987142673,10.915471855942739
913,XS1989375412,0.004603595090680273
914,XS1991125896,12.289987109497133
915,XS1991186500,4.441747567749594
916,XS1991397545,118.32784207276761
917,XS1995620967,-21.010112504715185
918,XS1995645287,3.6302948718316865
919,XS1995781546,51.63759915161121
920,XS1995795504,68.88577418794682
921,XS1998025008,10.629236358862817
922,XS1998797663,0.33513607727507516
923,XS1999728394,-3.3931784886694594
924,XS2000538343,-3.0739627787810093
925,XS2001737324,2.8709755531680967
926,XS2001737910,2.671860081439762
927,XS2002017361,27.64584421059273
928,XS2002491780,23.170541456617787
929,XS2002504194,-2.9390992047936173
930,XS2003442436,98.46168859494053
931,XS2003499386,10.867560479998703
932,XS2004366287,-3.469729587007166
933,XS2004381674,20.566856429089523
934,XS2004880832,15.489828188829108
935,XS2005607879,33.708958412919614
936,XS2007244614,-11.200197154460549
937,XS2008921947,28.848913018415075
938,XS2009861480,61.79401739158553
939,XS2009943379,4.363417181386186
940,XS2010447238,-19.515839241423706
941,XS2013520023,7.027982130416693
942,XS2013574038,58.83844304910857
943,XS2013745703,34.88739534168736
944,XS2014287937,8.771829037516328
945,XS2014288315,-8.45855780210286
946,XS2014291616,65.610653246038
947,XS2014370915,-8.45855780210286
948,XS2014373182,-8.599222887112088
949,XS2014373851,0.752581080770002
950,XS2015231413,22.297208569216497
951,XS2015240083,79.97601849754162
952,XS2015267953,49.18852491040675
953,XS2016070430,4.350441969637192
954,XS2016160777,46.27681021734293
955,XS2016228087,26.145088940069215
956,XS2018636600,6.818537881026539
957,XS2018637913,25.380533021376877
958,XS2019976070,9.354297031036523
959,XS2021467753,70.72125050294093
960,XS2021471433,-9.133477144747639
961,XS2022037795,-8.574681576510832
962,XS2023631489,91.5796568554659
963,XS2023633931,84.96557379596352
964,XS2023643146,23.943391117914224
965,XS2023644201,46.761826222257746
966,XS2023872174,58.020358694881565
967,XS2023873149,78.41273973620606
968,XS2025468542,-1.251202905603054
969,XS2028816028,79.92413288947013
970,XS2028899727,15.693320254982812
971,XS2029574634,58.404427785850544
972,XS2031862076,5.102073582167675
973,XS2033351995,5.006092063041521
974,XS2034626460,28.169513828900016
975,XS2035473748,-8.900242701320511
976,XS2035474126,-65.01147805957171
977,XS2035620710,46.7424779029061
978,XS2043678841,89.06005901641457
979,XS2046595836,68.10730055651953
980,XS2047500769,31.061791705874214
981,XS2049154078,32.112664427425635
982,XS2049419398,94.10751334879524
983,XS2049582542,7.86525543591587
984,XS2049584084,14.12205730787057
985,XS2049616621,39.892309617405004
986,XS2049707180,12.223124062444347
987,XS2049769297,89.14856990333476
988,XS2049803575,19.7762110761061
989,XS2050404636,4.27824724976467
990,XS2050404800,52.696835650323365
991,XS2050406094,53.75466675526787
992,XS2050406177,51.277073633648016
993,XS2050448336,34.61580079717874
994,XS2051032444,7.628965528949901
995,XS2051149552,52.03564268019625
996,XS2051361264,26.74108001226692
997,XS2051362072,29.721862495306862
998,XS2051362312,59.18427349330186
999,XS2051494222,59.12264743959925
1000,XS2051494495,71.93088205904573
1001,XS2051655095,39.24049557965616
1002,XS2051660335,-8.864708404341995
1003,XS2051914963,30.69855442649199
1004,XS2053052895,41.2487770079179
1005,XS2053346297,54.66329988945588
1006,XS2055104785,6.943553244279187
1007,XS2055190172,112.59860106931023
1008,XS2055627538,36.28861950488889
1009,XS2055728054,18.44531874884855
1010,XS2055758804,69.90360816689888
1011,XS2055786763,2.983408113559551
1012,XS2056376135,8.086410248409747
1013,XS2056395606,-0.8288172362821539
1014,XS2056396919,-9.55511734501022
1015,XS2056399855,-3.728507292578584
1016,XS2056400299,27.988046742501965
1017,XS2056484889,-9.316204830387823
1018,XS2056572154,46.72286016368586
1019,XS2057069093,56.66457486833776
1020,XS2057069762,64.38177306571748
1021,XS2057070182,89.36913174799048
1022,XS2057872595,-1.6285592875303745
1023,XS2058729653,26.112369466503356
1024,XS2058731717,18.538346629390947
1025,XS2058855441,-3.457706034835602
1026,XS2063268754,94.7999356290785
1027,XS2063288190,-5.506958142609143
1028,XS2063496546,3.866652922059229
1029,XS2063547041,38.66284262253519
1030,XS2063659945,41.58711026305399
1031,XS2065601937,74.29519779667638
1032,XS2065698834,13.618529945735398
1033,XS2066392452,18.775432659806484
1034,XS2066706735,74.00640521242684
1035,XS2066706818,19.33841993002232
1036,XS2066706909,17.466902117401336
1037,XS2068969067,-9.02693159719678
1038,XS2069304033,-3.7941445556304085
1039,XS2069407786,69.41773207126728
1040,XS2075811781,53.05084786573061
1041,XS2076079594,67.1483762662091
1042,XS2076139166,-12.432732073067122
1043,XS2078734626,-2.011180499507468
1044,XS2078735276,7.259961623065436
1045,XS2079678400,13.79373756744912
1046,XS2079713322,17.819146917930752
1047,XS2079723552,-6.694432081895959
1048,XS2080205367,60.71815942592036
1049,XS2080581189,9.951688824242023
1050,XS2081016763,40.73108131883471
1051,XS2081615473,44.11605283884626
1052,XS2082345955,39.13011253318622
1053,XS2082472122,-65.39194994624401
1054,XS2082969655,70.95442789096107
1055,XS2083301106,7.912235254491762
1056,XS2084050637,18.126337680634663
1057,XS2084759757,75.30197135414707
1058,XS2086868010,98.07699540978012
1059,XS2088659789,-9.805191225217913
1060,XS2089229806,113.18185229154211
1061,XS2090786943,85.23956999472702
1062,XS2090807293,75.82694148579318
1063,XS2098350965,25.2688880703047
1064,XS2100569552,4.190826722360276
1065,XS2100788780,28.605085410688986
1066,XS2101336316,0.5643230785189512
1067,XS2101349723,31.02660197590984
1068,XS2102283814,4.756852850596161
1069,XS2102357014,6.620296274573666
1070,XS2102357105,-3.4931449189595867
1071,XS2102360315,55.36549044167655
1072,XS2102924383,28.68757853430573
1073,XS2102931594,33.74479009167517
1074,XS2103013210,25.119438396177685
1075,XS2103014291,25.86242945358414
1076,XS2103015009,22.264404052077698
1077,XS2104915033,7.468106640309277
1078,XS2104915207,-8.053094978058374
1079,XS2105779719,0.6024853355619788
1080,XS2106056653,20.708036024483338
1081,XS2106563161,3.9983791414018928
1082,XS2107315470,24.433221702498273
1083,XS2113700921,33.63947871988994
1084,XS2113889351,34.52770452910961
1085,XS2115092954,34.44224678029593
1086,XS2116701348,71.81554253091906
1087,XS2117452156,-3.5769470830202237
1088,XS2117454871,-21.76073812734161
1089,XS2117462627,-1.3177643735882885
1090,XS2118204200,27.69979071708417
1091,XS2118213888,41.41308753530585
1092,XS2121207828,6.693550771600286
1093,XS2121417989,104.40918956075598
1094,XS2125123039,22.351229660875948
1095,XS2125145867,104.77066450433549
1096,XS2126169742,4.025570285069686
1097,XS2126170161,-15.018268201949155
1098,XS2132337697,44.81792457883902
1099,XS2133071774,46.36534189044105
1100,XS2133077383,18.414048368306226
1101,XS2133386685,1.2853963318527715
1102,XS2133390521,21.744659601841654
1103,XS2134245138,99.1252928637548
1104,XS2135797202,48.04189943660757
1105,XS2135799679,99.89159934156037
1106,XS2143036718,21.742061068951134
1107,XS2146198739,21.633914063412618
1108,XS2147889690,96.78103120407158
1109,XS2147977479,81.66627503507725
1110,XS2147977636,83.33254872393034
1111,XS2147994995,94.30196150326819
1112,XS2147995299,79.80196446514636
1113,XS2148051621,-1.8326510877586701
1114,XS2148390755,69.51509719902444
1115,XS2149368529,41.71052835644036
1116,XS2150006307,57.63693656352214
1117,XS2150015555,72.15594729896276
1118,XS2150054372,42.61055671107414
1119,XS2152061904,119.05599643386014
1120,XS2152062209,62.86228239744004
1121,XS2152329053,73.63189438818614
1122,XS2153406868,55.76406056111473
1123,XS2154325489,111.79339820991096
1124,XS2154325562,66.83016958457637
1125,XS2154336338,75.27978760856563
1126,XS2154347293,84.68673825644306
1127,XS2155365641,-61.966916024664954
1128,XS2156236296,83.54655681878185
1129,XS2156506854,85.18343778529419
1130,XS2156581394,64.63064397394308
1131,XS2156607702,7.907969975253578
1132,XS2156787090,47.90796997525358
1133,XS2156787173,75.88015260394258
1134,XS2158559539,16.43654452737115
1135,XS2160857798,19.932588629731338
1136,XS2164646304,101.37391151391526
1137,XS2166619663,2.242536089087757
1138,XS2166754957,89.43086327854405
1139,XS2167002521,31.857322345695838
1140,XS2168285000,-10.920956462920438
1141,XS2168625460,7.852333164700809
1142,XS2168625544,11.14796280582945
1143,XS2168629967,-26.750459431264005
1144,XS2168647357,56.07496053279354
1145,XS2169243479,-20.393422969441158
1146,XS2171210862,4.4220213200209635
1147,XS2171316859,14.576754243951035
1148,XS2171713006,50.19441759547552
1149,XS2171875839,81.42535365105398
1150,XS2173114542,25.221517921633318
1151,XS2175967343,55.980321411181116
1152,XS2176562812,94.66312382774245
1153,XS2176686546,-2.8043297536865546
1154,XS2176710510,-1.1866911565248424
1155,XS2176715584,22.48128736397165
1156,XS2176715667,3.884370541420793
1157,XS2177122541,56.66864381612464
1158,XS2177122624,45.004812720814265
1159,XS2177122897,108.56128670640032
1160,XS2177441990,63.70747593473129
1161,XS2177442295,99.27322036211979
1162,XS2177443343,96.71313620142364
1163,XS2177552390,-21.057249140827537
1164,XS2177555062,-9.930948852995158
1165,XS2178586157,35.14713918002951
1166,XS2178769159,54.04857383390609
1167,XS2178833427,-3.036426495838819
1168,XS2178833690,7.95158302013418
1169,XS2178957077,91.62679563666293
1170,XS2179959817,15.331745046693404
1171,XS2180007549,64.65884768179573
1172,XS2180009081,97.68275335296309
1173,XS2180510732,18.31589190547042
1174,XS2182404298,41.77058678384588
1175,XS2185867830,49.43332731264775
1176,XS2185867913,92.69290475653969
1177,XS2186093410,19.086213010680044
1178,XS2187525949,-1.9900507348289835
1179,XS2188805688,103.7220846321132
1180,XS2189592616,94.40442672035121
1181,XS2189964773,9.77089083532531
1182,XS2190134184,48.31761420604664
1183,XS2190256706,-13.52963792508259
1184,XS2190979489,100.30449034466189
1185,XS2191013171,44.99288264830621
1186,XS2191509038,32.053212019695394
1187,XS2192431380,35.902990386755974
1188,XS2193654386,105.47503007458138
1189,XS2193733503,58.76013308079318
1190,XS2193956716,28.225985383746764
1191,XS2193978363,24.4141666020168
1192,XS2193979254,28.751009391133607
1193,XS2194370727,41.00978245780835
1194,XS2194373077,2.056305252663686
1195,XS2195092601,43.78354347324105
1196,XS2196317742,126.8915418300168
1197,XS2197342129,4.670990531408717
1198,XS2197356186,57.46211768345862
1199,XS2197945251,1.278516904561763
1200,XS2199265617,83.99179769712723
1201,XS2199266003,95.78703674975402
1202,XS2199266268,90.8969617168675
1203,XS2199348231,18.41109646724443
1204,XS2200513070,54.41539772277667
1205,XS2202744384,77.25563842292783
1206,XS2207657417,42.40347552203822
1207,XS2209023402,71.1156610240545
1208,XS2225207468,31.303340475119082
1209,XS2227905903,14.09081697827962
1210,XS2227906208,51.020733893993444
1211,XS2228245838,124.85864221435936
1212,XS2228897158,34.72640479385077
1213,XS2230266301,20.367741241798065
1214,XS2230884657,54.30755708936769
1215,XS2231183646,55.84474520684851
1216,XS2231259305,23.33229077282402
1217,XS2231267829,62.81262704006822
1218,XS2231792586,20.853685855632023
1219,XS2234568983,3.6954574133856375
1220,XS2234573710,5.34876908780757
1221,XS2234579675,19.4127266290195
1222,XS2234711294,3.234054249230406
1223,XS2235986929,10.481321800492388
1224,XS2235987224,13.726540124328679
1225,XS2235996217,11.784109282256242
1226,XS2236283383,64.61655139669216
1227,XS2236363573,71.75679239307362
1228,XS2237321190,-5.692543560749745
1229,XS2237447961,23.73900685660477
1230,XS2237901355,25.384136604811896
1231,XS2238292010,1.2903347202969386
1232,XS2238342484,124.77964784823382
1233,XS2239067379,56.35135922730913
1234,XS2240063730,30.268833181837646
1235,XS2240494471,88.94122989820269
1236,XS2240505268,13.186559707461555
1237,XS2240511076,24.09647121076591
1238,XS2241387096,35.261374259184485
1239,XS2241387252,-13.37177214805665
1240,XS2242747181,45.24222944280612
1241,XS2242747348,80.5810567448484
1242,XS2243666125,38.04637155669877
1243,XS2243983520,33.27282161985572
1244,XS2247718435,46.90490017210243
1245,XS2248827771,80.50382753282258
1246,XS2251233651,-8.517445909935219
1247,XS2257857834,3.5369786419173814
1248,XS2258389415,-6.326052570219948
1249,XS2259776230,1.6912258153808173
1250,XS2259867039,90.02933242639294
1251,XS2260183285,-7.173960591402668
1252,XS2261215011,62.33031809611461
1253,XS2262065159,-0.8501825976422239
1254,XS2262798494,84.5817618844918
1255,XS2262802601,-2.138476039088013
1256,XS2264978623,14.556629648711734
1257,XS2265371042,55.813094385216004
1258,XS2265801238,108.16208178413238
1259,XS2265968284,1.5737321572168526
1260,XS2268340010,31.175546153771457
1261,XS2270406452,46.627120962569485
1262,XS2275029085,23.749619336804603
1263,XS2281342878,48.498869196493956
1264,XS2281343256,74.85316125399771
1265,XS2281343413,79.82695075878425
1266,XS2281473111,-27.530969183497735
1267,XS2282093769,30.024960943824066
1268,XS2282094494,34.875014727893046
1269,XS2282095970,71.93078695254614
1270,XS2282101539,28.243572319093328
1271,XS2282210231,29.007162538714503
1272,XS2282707178,22.67335693955111
1273,XS2283188683,115.80167278661402
1274,XS2286441964,36.53352233049528
1275,XS2286442186,38.49287365407177
1276,XS2287624584,14.234581845068828
1277,XS2288925568,44.41331127331825
1278,XS2288948859,26.4224457441552
1279,XS2289133915,47.235008849730356
1280,XS2289408440,25.9738446938319
1281,XS2289593670,2.9924114013632654
1282,XS2289797248,67.41988032173101
1283,XS2291788656,4.969962206505049
1284,XS2291901994,1.9705210361414351
1285,XS2292486771,18.544582741598358
1286,XS2292487076,59.017534089485025
1287,XS2297177664,56.62040726041263
1288,XS2297549391,42.52328602855973
1289,XS2297882644,17.50212390537934
1290,XS2298304499,34.23149733221684
1291,XS2299001888,7.5487017017982625
1292,XS2300292617,106.46346202507621
1293,XS2301390089,88.3415246501101
1294,XS2303052695,38.45498317992976
1295,XS2303089697,9.067154599406862
1296,XS2303927227,9.753807524682081
1297,XS2304340263,11.301965638010563
1298,XS2306220190,18.290411480729333
1299,XS2306851853,1.6235982596568022
1300,XS2307573993,-2.9514919196242437
1301,XS2307863642,11.080997859743807
1302,XS2307863998,19.918054991785823
1303,XS2308298962,5.744840495157762
1304,XS2308321962,19.942277132786856
1305,XS2308322002,-18.235256045063466
1306,XS2308586911,8.100518808134842
1307,XS2308616841,13.308015181809331
1308,XS2311407352,47.84222070507647
1309,XS2312584779,2.456086442164776
1310,XS2314267449,38.888686204462374
1311,XS2317288301,15.850090838106318
1312,XS2320438653,20.606779582566816
1313,XS2320453884,7.341281759595475
1314,XS2320459063,100.8052074374151
1315,XS2320539765,8.842003943304025
1316,XS2320789014,23.13170499496586
1317,XS2322289385,35.4679646179592
1318,XS2322438990,38.42521237885053
1319,XS2323295563,30.384753283440077
1320,XS2324321285,30.878761270604468
1321,XS2324321368,-2.6218927224343407
1322,XS2324405203,-0.02531731982235832
1323,XS2324836878,-64.99454951693517
1324,XS2325743990,121.0241994852829
1325,XS2326546434,3.3244771231459893
1326,XS2327298217,-13.729684940787772
1327,XS2327299298,32.586746298527444
1328,XS2327420977,31.060091266821775
1329,XS2328418186,42.84458745181669
1330,XS2328625723,-4.265599247666544
1331,XS2328980979,30.904208963477856
1332,XS2328981431,46.064000770939735
1333,XS2329143510,20.567005978077777
1334,XS2329144591,-3.4894651881818675
1335,XS2331216577,33.348893381290495
1336,XS2331315635,6.78145147205808
1337,XS2332179725,17.970521624301362
1338,XS2332186001,32.74772706012689
1339,XS2332552541,89.7619346195842
1340,XS2332689681,37.85159429242196
1341,XS2332689764,47.36012575248108
1342,XS2337335710,4.25264593192258
1343,XS2338355014,83.82214093993937
1344,XS2338955805,-38.85021362318925
1345,XS2340854848,1.9490316089231736
1346,XS2341269970,114.86649562117289
1347,XS2341719503,1.0781745892947643
1348,XS2342058117,63.798000300451456
1349,XS2342227837,28.60659232245967
1350,XS2342589582,1.0031501331008665
1351,XS2342706996,-4.919829513160472
1352,XS2343540519,20.743448584211755
1353,XS2343821794,33.41231793151409
1354,XS2343822503,59.52553426327328
1355,XS2343822842,45.39826781665215
1356,XS2343850033,47.63433223306472
1357,XS2344569038,35.956952317085126
1358,XS2344735811,25.387904882019413
1359,XS2345315142,61.305521851156016
1360,XS2345317510,-4.562589838296036
1361,XS2345982362,21.282092198519248
1362,XS2345996743,68.81379672520522
1363,XS2346124410,-9.383047949797291
1364,XS2346986990,9.672534015433452
1365,XS2347367018,80.5663471322749
1366,XS2348030268,-1.1503726678998814
1367,XS2348030425,7.701190197995892
1368,XS2348325221,12.297028846637351
1369,XS2348325650,23.663999198027383
1370,XS2348408514,29.17792209049899
1371,XS2348638433,30.035481667880067
1372,XS2349343090,41.45943519435178
1373,XS2350621863,20.900261233303915
1374,XS2350632472,26.189419028479108
1375,XS2350744434,34.690972641533435
1376,XS2350746215,26.919509369156472
1377,XS2351089508,5.346734488487275
1378,XS2351092478,37.51080910419463
1379,XS2351220814,44.24856875064491
1380,XS2353182020,22.18538194251176
1381,XS2353182293,31.787433367606464
1382,XS2353182376,53.339727470735134
1383,XS2353312254,4.04251013957791
1384,XS2353366268,67.22387804479509
1385,XS2353478063,-5.628953505991802
1386,XS2354246816,18.15482429886716
1387,XS2354444023,38.739082116623116
1388,XS2354444379,55.78910380513312
1389,XS2354569407,52.764553577885685
1390,XS2355599197,19.869072782558465
1391,XS2355632741,114.08153054406748
1392,XS2356029541,46.388901027220726
1393,XS2356030556,55.91855118282265
1394,XS2356040357,76.66632864603996
1395,XS2356041165,78.13003811454243
1396,XS2356076625,127.72073521614122
1397,XS2357205587,18.909264742183844
1398,XS2358231798,1.0326594769945956
1399,XS2358287238,8.40790600995145
1400,XS2360041474,14.243897141003067
1401,XS2360310044,30.7133342660497
1402,XS2360589217,7.556518799408847
1403,XS2360599281,10.675239199674973
1404,XS2360881549,3.200178100185198
1405,XS2361358299,39.89337657212629
1406,XS2363117321,-44.386377583282524
1407,XS2363719050,111.26217542324545
1408,XS2364001078,49.5498631406738
1409,XS2365097455,90.04151138244374
1410,XS2366741770,37.16840068243841
1411,XS2374594823,48.165352849477095
1412,XS2374595044,50.70841393684306
1413,XS2374595127,37.50015876082668
1414,XS2379637767,111.39821361868924
1415,XS2381362966,13.815419459417258
1416,XS2381560411,12.8033896073398
1417,XS2381599898,22.189087178091658
1418,XS2381853279,35.220691477578335
1419,XS2381853436,66.65631951459284
1420,XS2382849888,16.89738223886108
1421,XS2382953789,8.923174443976393
1422,XS2383886947,47.12127949405889
1423,XS2384269101,43.45452407868473
1424,XS2384273715,43.92875976672835
1425,XS2384274440,41.49654917014005
1426,XS2384413311,54.59472838739355
1427,XS2384580218,2.226070216062703
1428,XS2384697830,5.50853098227266
1429,XS2384734542,36.76409473098968
1430,XS2385790667,11.991279549245561
1431,XS2386592302,0.4455943369831292
1432,XS2386592484,27.133738041324293
1433,XS2386592567,27.698363002549378
1434,XS2387060259,42.68144761812105
1435,XS2388084480,74.10973185251292
1436,XS2388390507,8.60560442924507
1437,XS2388449758,27.286366858140735
1438,XS2388876232,87.17973314739847
1439,XS2389757944,24.951087808196977
1440,XS2390400716,34.84934860938082
1441,XS2390400807,52.20719128679265
1442,XS2390530330,40.87899245348147
1443,XS2390837495,1.8407398097071537
1444,XS2391343196,0.6341912053952456
1445,XS2391348740,25.875331167201246
1446,XS2391406530,34.3397088746968
1447,XS2391570418,4.185189390563129
1448,XS2392593161,4.717877681541848
1449,XS2393080077,-4.784039529588036
1450,XS2393236000,46.19200491539685
1451,XS2393518910,4.77186928563513
1452,XS2393661397,2.9271865294172836
1453,XS2393701284,34.67581633164862
1454,XS2393701953,23.68732708030568
1455,XS2393768788,14.167372847853128
1456,XS2396616455,4.777377819612619
1457,XS2397077426,5.727503904956207
1458,XS2397239000,19.219804758478663
1459,XS2397252011,15.064331759621382
1460,XS2397252102,44.68068884913459
1461,XS2398745849,19.968584553050103
1462,XS2398745922,42.80481204011746
1463,XS2398746144,62.27314737217195
1464,XS2398807383,55.07388043903993
1465,XS2400445289,75.53867803275992
1466,XS2400997131,15.921340959745963
1467,XS2402009539,6.609724950015457
1468,XS2402064559,21.424365154528505
1469,XS2402178300,29.88907019216406
1470,XS2403444677,4.822875947821977
1471,XS2403533263,41.11126261985161
1472,XS2404027935,16.6514180479213
1473,XS2404213485,13.181211348224602
1474,XS2404591161,0.2941051945595004
1475,XS2404629235,10.997601229109991
1476,XS2404651163,47.89519396826794
1477,XS2405875480,17.294335293215397
1478,XS2406010285,9.903782627582116
1479,XS2406549464,22.852250677444385
1480,XS2406578059,7.209258589291954
1481,XS2406913884,35.64764477254525
1482,XS2406914346,31.531916468679025
1483,XS2406915236,70.09096774912719
1484,XS2407010656,53.59097819844092
1485,XS2407027031,105.12408603389147
1486,XS2407969885,36.03707219507286
1487,XS2407985220,17.104381670231945
1488,XS2409134371,12.495266886362254
1489,XS2410368042,20.703317698956596
1490,XS2411166973,21.003332057823286
1491,XS2411311579,-14.306221090537003
1492,XS2411311652,-18.10605744888135
1493,XS2411638575,12.343012639994082
1494,XS2411726438,57.12927603318129
1495,XS2412044567,40.2521793110364
1496,XS2412044641,49.56887516587451
1497,XS2412258522,110.0796991162488
1498,XS2412556461,73.0006641293816
1499,XS2414830963,40.04586649929867
1500,XS2415386726,50.28599191338176
1501,XS2416563901,-0.002674700247976158
1502,XS2418730995,0.75619078289186
1503,XS2421006201,22.334967006645815
1504,XS2421186268,6.476458468088719
1505,XS2421195848,55.554097646809325
1506,XS2430284930,32.49611123243388
1507,XS2430285077,17.363236251767287
1508,XS2430287362,88.15995443492818
1509,XS2430951744,6.0730553922082855
1510,XS2430970884,51.850825152778775
1511,XS2430998893,48.06935372859195
1512,XS2431318711,8.192412316146607
1513,XS2431318802,24.60910075181288
1514,XS2432293673,26.442659151563106
1515,XS2432293756,35.26645809317593
1516,XS2432293913,37.515983300662306
1517,XS2432502008,13.295436973137633
1518,XS2432530637,22.093145856417376
1519,XS2432544349,28.94416147669919
1520,XS2432565005,33.690875311833274
1521,XS2432565187,22.21537653277916
1522,XS2432567555,-0.7398947726672623
1523,XS2433126807,-1.0501560833222385
1524,XS2433135543,102.45819344654123
1525,XS2433206740,24.399593964112707
1526,XS2433240764,1.6909440525413604
1527,XS2433361719,74.49457848954874
1528,XS2434763483,95.107074506063
1529,XS2434791690,28.703571889476734
1530,XS2435783613,3.5291349276305017
1531,XS2436159847,6.179357658256252
1532,XS2436160779,26.5994241544683
1533,XS2436160936,5.804331706840615
1534,XS2437455277,34.483852164929544
1535,XS2438615606,37.37037515017276
1536,XS2438616240,55.33809788506666
1537,XS2439004412,4.7649919027006975
1538,XS2440678915,24.936707540124033
1539,XS2440690456,8.079255904871491
1540,XS2441244535,-1.5074610166237623
1541,XS2441247041,28.768645691058367
1542,XS2441574089,64.78172694925223
1543,XS2442768227,29.12405349917549
1544,XS2443485565,37.72131572251904
1545,XS2443893255,29.28899616047204
1546,XS2444281260,37.32680787470418
1547,XS2444286145,11.387042845861046
1548,XS2444424639,60.96446549852257
1549,XS2446284783,6.755037355299765
1550,XS2447539060,40.65971212598928
1551,XS2447561403,15.09991223214679
1552,XS2447564332,20.771201851000182
1553,XS2447983813,23.05364472128594
1554,XS2448001813,11.812208156645056
1555,XS2448014808,-31.285720460559958
1556,XS2448335351,76.39019674134325
1557,XS2449330179,12.792752791053106
1558,XS2449911143,13.394181972754197
1559,XS2450391581,10.60393626017407
1560,XS2451372499,32.43439913105193
1561,XS2454011839,5.057529404695203
1562,XS2456253082,9.457877231168533
1563,XS2457002538,6.568445060943383
1564,XS2459163619,22.012973836191364
1565,XS2459544339,68.9696053259197
1566,XS2460043743,5.086291835230641
1567,XS2461741212,8.124849908291578
1568,XS2462455689,3.798720664799894
1569,XS2462466611,61.07711791876767
1570,XS2462468740,48.7477909810465
1571,XS2463505581,49.08069839671601
1572,XS2463518998,46.94192126504119
1573,XS2463702907,-4.045426524133221
1574,XS2463711643,24.176623781787693
1575,XS2463934864,64.189192523482
1576,XS2463967286,12.008815747687441
1577,XS2463974571,30.721495383167102
1578,XS2464091029,2.186485831771913
1579,XS2464405229,67.48151718104796
1580,XS2465142755,-2.5703592518187612
1581,XS2465609191,4.6663416270182765
1582,XS2466350993,22.68406643390146
1583,XS2468129429,59.652547472726525
1584,XS2468221747,4.699903154414813
1585,XS2471770862,-0.09781177368219289
1586,XS2472603740,8.933050536467158
1587,XS2472651632,2.9553167558634867
1588,XS2473715675,12.975865810643619
1589,XS2475502832,22.420329019268106
1590,XS2477154871,51.19655058224154
1591,XS2477935345,5.575608098846174
1592,XS2478272938,0.8100297507859988
1593,XS2478299204,11.756736493837867
1594,XS2478299386,40.33702318661439
1595,XS2478521151,10.723708572324218
1596,XS2478685931,45.05190893336827
1597,XS2478690931,6.87614162932575
1598,XS2479941499,-36.981366413255856
1599,XS2479941572,-29.528071872298494
1600,XS2480543102,75.20918030893102
1601,XS2480958904,19.37130549964298
1602,XS2481285349,5.483812201340431
1603,XS2482618464,21.46326972658774
1604,XS2482628851,0.3640338005163863
1605,XS2484111047,-19.00002994579745
1606,XS2484327999,30.74954771200342
1607,XS2484339499,55.08381490467494
1608,XS2484340075,-8.81027060231817
1609,XS2484586669,-23.921284699829855
1610,XS2485152362,4.552017184555541
1611,XS2485162163,62.80027339276976
1612,XS2485265214,65.31112089380031
1613,XS2485537828,118.22607098359197
1614,XS2485553866,21.464021975879692
1615,XS2486282358,28.951705426644974
1616,XS2486449072,2.4080768540865654
1617,XS2486461010,40.41219220591919
1618,XS2486461283,49.22206533142761
1619,XS2486461523,79.63687095470537
1620,XS2486839298,53.19902391192061
1621,XS2487016250,20.063326799223855
1622,XS2487770104,8.887511363713017
1623,XS2488626610,64.43391205771917
1624,XS2488626883,82.02454389329021
1625,XS2488800405,8.761360818956733
1626,XS2489627047,-1.1911602878960046
1627,XS2489775580,81.41226311699229
1628,XS2490471807,-6.136444503635562
1629,XS2490472102,24.593837635724856
1630,XS2491074923,22.05125803932337
1631,XS2491542374,14.116795101967348
1632,XS2491542457,81.64432314521136
1633,XS2491738352,41.52824812739826
1634,XS2491738949,61.624289549136165
1635,XS2491963638,74.8306400886762
1636,XS2493830827,16.051258039323372
1637,XS2496028502,17.369856229541703
1638,XS2496028924,29.679933001420995
1639,XS2498042584,-44.514419700492354
1640,XS2498470116,13.266001388228638
1641,XS2498554992,66.53467379895748
1642,XS2500847657,22.63280577767502
1643,XS2502844116,19.794661486201758
1644,XS2510903862,57.64767600224905
1645,XS2511906310,97.39750784968732
1646,XS2521013909,69.02329881307861
1647,XS2521027446,65.94324845465673
1648,XS2521820048,18.51744991564764
1649,XS2523326853,5.941400117922856
1650,XS2523390271,62.62062121630846
1651,XS2524675050,1.508184229289669
1652,XS2525157470,4.0377811148924385
1653,XS2525226622,77.60530542134144
1654,XS2525255647,-1.0695547696713512
1655,XS2526825463,3.009180125434775
1656,XS2526835694,42.555495463902695
1657,XS2526839258,-31.61811694293465
1658,XS2526839761,-50.8682748789475
1659,XS2526860965,30.812873940745277
1660,XS2526882001,12.670286582104884
1661,XS2527319979,39.62430223924814
1662,XS2527786755,10.353194791051317
1663,XS2528155893,68.41714721713481
1664,XS2528170777,6.7710546769811515
1665,XS2528311348,47.124770816611544
1666,XS2528323780,50.26651317082644
1667,XS2528341766,57.4083605555056
1668,XS2528858033,68.35887862835321
1669,XS2530034649,83.9195973508868
1670,XS2530443659,54.29185627021927
1671,XS2530444624,94.63073556426241
1672,XS2530506752,30.00185588190533
1673,XS2531420656,63.10992188623134
1674,XS2531420730,-13.178330442393861
1675,XS2531438351,12.922140241851208
1676,XS2531479462,56.29564947426268
1677,XS2531567753,5.752191535108964
1678,XS2531803828,21.55921785527436
1679,XS2531929094,-5.4859052992065624
1680,XS2532312548,-2.622631696839373
1681,XS2532376949,-1.2961764830825246
1682,XS2533012790,57.86317837436625
1683,XS2534276717,5.823397973042148
1684,XS2534785865,45.06871155882379
1685,XS2534891978,-29.041613695196453
1686,XS2534984716,19.71435464584987
1687,XS2535484526,52.579342482449064
1688,XS2536375368,-2.744803929609172
1689,XS2536376416,1.1730823046764738
1690,XS2536431617,20.413708151763558
1691,XS2536730448,23.131221131049415
1692,XS2536806289,-0.877958653600034
1693,XS2536938439,-3.57707855945067
1694,XS2537097409,19.0135175047489
1695,XS2538366878,20.501286763998813
1696,XS2540585564,50.609139413425424
1697,XS2540993172,32.287454798024235
1698,XS2541314584,45.965959201061516
1699,XS2541853532,8.627747476671608
1700,XS2542914986,70.07090438702264
1701,XS2544400786,71.11324453810654
1702,XS2544624112,3.046316269740575
1703,XS2544645117,8.349682255586819
1704,XS2545206166,68.18848624873439
1705,XS2545247863,29.45927376514344
1706,XS2545248242,9.508131029793999
1707,XS2545259876,48.76331386751113
1708,XS2545263399,36.020053541298964
1709,XS2545425980,68.9189558841183
1710,XS2546781555,20.687266758346606
1711,XS2547609433,21.59614670325083
1712,XS2547936984,28.462767739131607
1713,XS2549702475,5.896962958630046
1714,XS2550081454,5.9307793768362895
1715,XS2550557800,2.7451463620976733
1716,XS2550909415,0.9571686579080904
1717,XS2551280436,8.919031334940213
1718,XS2552362704,60.41198335471029
1719,XS2553798443,13.675441067713209
1720,XS2554488978,60.593090984253095
1721,XS2555178644,37.63288002659888
1722,XS2555179378,37.58563119252802
1723,XS2555192710,16.38385948133165
1724,XS2555196463,44.395592652859875
1725,XS2555198089,35.30424145627924
1726,XS2555198162,37.91929048907846
1727,XS2555209381,2.8053324776162505
1728,XS2555218291,11.25969260611501
1729,XS2555925218,76.98193839818595
1730,XS2556223233,15.256810066575156
1731,XS2557551889,-0.20482308336907076
1732,XS2558395278,71.01809309700117
1733,XS2558395351,78.17473636584417
1734,XS2558574104,17.065245931214974
1735,XS2558916693,-5.294407611611258
1736,XS2558953621,1.11769255807888
1737,XS2558966953,-5.023991355739551
1738,XS2558972415,15.664440750341598
1739,XS2559453431,13.442629344409708
1740,XS2560411543,9.715615806239953
1741,XS2560673662,6.177517749519242
1742,XS2560753936,32.727718166611325
1743,XS2563002653,31.5050420297614
1744,XS2563348361,69.06544686913887
1745,XS2565831943,17.726335498381637
1746,XS2570759154,8.779855132242119
1747,XS2572298409,17.22243475443112
1748,XS2572496623,47.04482067830725
1749,XS2572989650,3.6095215222375834
1750,XS2572989817,39.5109475965553
1751,XS2572996606,-7.81256144568684
1752,XS2573569220,30.27076094966804
1753,XS2573569576,-54.18028836829157
1754,XS2573712044,49.65485502729931
1755,XS2574873183,54.165097532923184
1756,XS2574873266,46.16340750359534
1757,XS2575555938,-57.60697482853416
1758,XS2575556589,2.4025856455280206
1759,XS2575952424,30.2755580339672
1760,XS2575952697,35.33904010251745
1761,XS2575952853,-22.344736100350143
1762,XS2575952937,-51.905499362919294
1763,XS2575971994,15.824894042317702
1764,XS2575973776,34.49875869784687
1765,XS2576067081,59.906220869350456
1766,XS2576255249,41.3241953943579
1767,XS2576362839,92.31964151646758
1768,XS2577053825,50.54583038570313
1769,XS2577054716,51.0708411661635
1770,XS2577127884,-25.690361600713988
1771,XS2577384691,71.20564195517564
1772,XS2577396430,101.29178763871505
1773,XS2577572188,74.32265549849521
1774,XS2579199865,9.83025567825864
1775,XS2579324869,35.28769527895243
1776,XS2579606927,78.11843105849012
1777,XS2580224082,-10.328673680602243
1778,XS2582112947,11.085530834747003
1779,XS2582195207,6.363438539128432
1780,XS2582814039,38.125990912891425
1781,XS2582860909,55.40018213994697
1782,XS2583205906,93.7858220447801
1783,XS2583352443,34.08451503600274
1784,XS2583600791,4.314930369066673
1785,XS2583741934,18.702761060120636
1786,XS2583742239,34.505056159233106
1787,XS2584643113,-9.563833315888628
1788,XS2584685031,40.88966142285441
1789,XS2584685387,43.18165212294105
1790,XS2585239200,87.33306494075232
1791,XS2585977882,53.29488450841557
1792,XS2586128170,23.52973820383931
1793,XS2586739729,96.3665279904633
1794,XS2587352340,37.79725808915565
1795,XS2588099478,7.692183941185112
1796,XS2589260723,49.35847060184836
1797,XS2589260996,75.9345345614793
1798,XS2589317697,-14.309119618361436
1799,XS2589367528,74.8733426845426
1800,XS2589712996,19.119520270190154
1801,XS2589713614,7.6088243486389855
1802,XS2589828941,-0.15131885526273692
1803,XS2589907653,34.242559863904745
1804,XS2591026856,18.51148416831763
1805,XS2591029876,25.123906985139655
1806,XS2591032235,11.402651654438044
1807,XS2592240712,29.599754805308855
1808,XS2593105393,10.443361283540945
1809,XS2593105476,20.96687936175454
1810,XS2595029344,11.168739238435673
1811,XS2595410775,35.63247200476049
1812,XS2595412631,28.202829399999985
1813,XS2595418166,8.329559393516812
1814,XS2595418596,34.69341277690298
1815,XS2595418679,59.61474348196785
1816,XS2596528716,30.01574388473975
1817,XS2597408272,13.287212187287071
1818,XS2597408439,5.036214152354787
1819,XS2597740476,24.029460005629602
1820,XS2597905905,24.12581834959125
1821,XS2597919013,-4.556137195897281
1822,XS2597991988,38.6334968824995
1823,XS2598332133,47.94020829404862
1824,XS2598649254,13.68700714764899
1825,XS2599169922,42.55805492812947
1826,XS2599730822,33.47455278846353
1827,XS2599731473,44.91261537747237
1828,XS2599779597,52.979595407126865
