date,zSpread
2017-01-02,0.2574981349
2017-01-03,0.2938478827
2017-01-04,0.3037486565
2017-01-05,0.3175745525
2017-01-06,0.3185065307
2017-01-09,0.3200675481
2017-01-10,0.3189457749
2017-01-11,0.3177950522
2017-01-12,0.32338559009999995
2017-01-13,0.32633512179999996
2017-01-16,0.3310205333
2017-01-17,0.3142964749
2017-01-18,0.3199041719
2017-01-19,0.32631345009999996
2017-01-20,0.3361647929
2017-01-23,0.3326401021
2017-01-24,0.3275395184
2017-01-25,0.3305376091
2017-01-26,0.3545091535
2017-01-27,0.3607880104
2017-01-30,0.3869158239
2017-01-31,0.3725368751
2017-02-01,0.3903526558
2017-02-02,0.3766163795
2017-02-03,0.3887971868
2017-02-06,0.4197134655
2017-02-07,0.4100652309
2017-02-08,0.399999916
2017-02-09,0.37630484099999995
2017-02-10,0.3896976657
2017-02-13,0.3683641726
2017-02-14,0.3574542996
2017-02-15,0.37660902380000005
2017-02-16,0.3665426739
2017-02-17,0.37651279029999996
2017-02-20,0.3764512464
2017-02-21,0.38162126129999996
2017-02-22,0.3760004261
2017-02-23,0.3728116214
2017-02-24,0.3568645463
2017-02-27,0.35093537140000003
2017-02-28,0.3567235392
2017-03-01,0.36349075589999996
2017-03-02,0.3430994502
2017-03-03,0.3182291824
2017-03-06,0.3327426183
2017-03-07,0.3449970545
2017-03-08,0.3723826447
2017-03-09,0.3466808521
2017-03-10,0.35750084190000003
2017-03-13,0.3642534656
2017-03-14,0.3664294066
2017-03-15,0.3517627926
2017-03-16,0.36984678270000004
2017-03-17,0.3873070869
2017-03-20,0.3817212584
2017-03-21,0.3696336359
2017-03-22,0.35819518889999996
2017-03-23,0.3503758879
2017-03-24,0.3319660666
2017-03-27,0.34477002030000004
2017-03-28,0.351492505
2017-03-29,0.3367598264
2017-03-30,0.3457881948
2017-03-31,0.355597883
2017-04-03,0.3615762565
2017-04-04,0.34354447309999997
2017-04-05,0.3373097067
2017-04-06,0.33750558810000003
2017-04-07,0.3319668018
2017-04-10,0.33968729179999996
2017-04-11,0.3558119978
2017-04-12,0.35315751409999996
2017-04-13,0.3572825543
2017-04-18,0.3637003502
2017-04-19,0.3615171933
2017-04-20,0.3458769169
2017-04-21,0.34621973699999997
2017-04-24,0.29194596619999996
2017-04-25,0.2881752218
2017-04-26,0.30100587
2017-04-27,0.2951415899
2017-04-28,0.2900140496
2017-04-30,0.28911363959999997
2017-05-02,0.2893489955
2017-05-03,0.2884963565
2017-05-04,0.2665476746
2017-05-05,0.256952187
2017-05-08,0.26488942130000004
2017-05-09,0.2801355775
2017-05-10,0.2858785529
2017-05-11,0.3073706528
2017-05-12,0.2957295995
2017-05-15,0.3009225259
2017-05-16,0.2943734254
2017-05-17,0.2850048222
2017-05-18,0.2783710784
2017-05-19,0.27100211609999997
2017-05-22,0.2671155787
2017-05-23,0.2598517293
2017-05-24,0.2561544725
2017-05-25,0.2491443746
2017-05-26,0.2441284413
2017-05-29,0.24938534610000002
2017-05-30,0.2540447766
2017-05-31,0.2509272766
2017-06-01,0.2561129049
2017-06-02,0.2515893273
2017-06-05,0.2592066
2017-06-06,0.2479286482
2017-06-07,0.2593828344
2017-06-08,0.23737530280000002
2017-06-09,0.23048392490000003
2017-06-12,0.21320250059999998
2017-06-13,0.203664579
2017-06-14,0.20518702300000002
2017-06-15,0.2202206872
2017-06-16,0.2258327775
2017-06-19,0.21640194050000003
2017-06-20,0.20853218040000002
2017-06-21,0.21194394719999998
2017-06-22,0.2230949407
2017-06-23,0.2216746182
2017-06-26,0.2104790081
2017-06-27,0.2365967866
2017-06-28,0.2273643062
2017-06-29,0.252078441
2017-06-30,0.24670670090000002
2017-07-03,0.2434747963
2017-07-04,0.2323977828
2017-07-05,0.22923445999999997
2017-07-06,0.25216553399999997
2017-07-07,0.2603271351
2017-07-10,0.2490323732
2017-07-11,0.26219941739999997
2017-07-12,0.2486608949
2017-07-13,0.2552550046
2017-07-14,0.248539658
2017-07-17,0.2333491019
2017-07-18,0.2270026583
2017-07-19,0.23109939740000002
2017-07-20,0.20477297690000001
2017-07-21,0.20793738350000002
2017-07-24,0.20551918570000002
2017-07-25,0.2152179075
2017-07-26,0.21629862670000002
2017-07-27,0.2039371834
2017-07-28,0.19852873249999997
2017-07-31,0.1925169511
2017-08-01,0.19240650380000002
2017-08-02,0.189732905
2017-08-03,0.18358912419999998
2017-08-04,0.18884943620000003
2017-08-07,0.1846158821
2017-08-08,0.1885093824
2017-08-09,0.190553089
2017-08-10,0.2047922158
2017-08-11,0.201814073
2017-08-14,0.1992025945
2017-08-15,0.2054111959
2017-08-16,0.2031663641
2017-08-17,0.2093657258
2017-08-18,0.2125353812
2017-08-21,0.2135299392
2017-08-22,0.2233948026
2017-08-23,0.2268755625
2017-08-24,0.2254044
2017-08-25,0.2216624989
2017-08-28,0.2205571932
2017-08-29,0.222565442
2017-08-30,0.22616505060000003
2017-08-31,0.22346823010000003
2017-09-01,0.2238767789
2017-09-04,0.22650217990000002
2017-09-05,0.23116850370000003
2017-09-06,0.22648980049999998
2017-09-07,0.19729095300000002
2017-09-08,0.20492959630000002
2017-09-11,0.2022806585
2017-09-12,0.214437269
2017-09-13,0.21673387340000003
2017-09-14,0.2196223045
2017-09-15,0.2039367478
2017-09-18,0.19836780369999998
2017-09-19,0.2013537089
2017-09-20,0.2067232044
2017-09-21,0.2045842943
2017-09-22,0.2092604976
2017-09-25,0.2022943303
2017-09-26,0.2050364478
2017-09-27,0.2067749051
2017-09-28,0.19393687169999999
2017-09-29,0.1969606469
2017-09-30,0.196557587
2017-10-02,0.2009522481
2017-10-03,0.19932765360000002
2017-10-04,0.2144947035
2017-10-05,0.2042879004
2017-10-06,0.20685015069999999
2017-10-09,0.2033878972
2017-10-10,0.20953693040000002
2017-10-11,0.19663669920000001
2017-10-12,0.1948103051
2017-10-13,0.17985999960000001
2017-10-16,0.1798299014
2017-10-17,0.1778257716
2017-10-18,0.189489595
2017-10-19,0.1822384755
2017-10-20,0.1778113776
2017-10-23,0.176083516
2017-10-24,0.1813677428
2017-10-25,0.17162839800000002
2017-10-26,0.1589382929
2017-10-27,0.15020833749999998
2017-10-30,0.1358589673
2017-10-31,0.1300271572
2017-11-01,0.1237693672
2017-11-02,0.1299804947
2017-11-03,0.1263499318
2017-11-06,0.1262110467
2017-11-07,0.1039079895
2017-11-08,0.1178462629
2017-11-09,0.1319763424
2017-11-10,0.13912075529999998
2017-11-13,0.1324272732
2017-11-14,0.1328408454
2017-11-15,0.1347221425
2017-11-16,0.14095080429999998
2017-11-17,0.1415788246
2017-11-20,0.1335333776
2017-11-21,0.1252006439
2017-11-22,0.1226486377
2017-11-23,0.1335004336
2017-11-24,0.1384595936
2017-11-27,0.1313899515
2017-11-28,0.1275323734
2017-11-29,0.1298622858
2017-11-30,0.12293868209999999
2017-12-01,0.09318388372
2017-12-04,0.1184434469
2017-12-05,0.11429840620000001
2017-12-06,0.11979749869999999
2017-12-07,0.1001955513
2017-12-08,0.09353405986
2017-12-11,0.10592099149999999
2017-12-12,0.1104072265
2017-12-13,0.1295880118
2017-12-14,0.1371862271
2017-12-15,0.1408646452
2017-12-18,0.1356638741
2017-12-19,0.1453564473
2017-12-20,0.1441667639
2017-12-21,0.1445429002
2017-12-22,0.13515300019999998
2017-12-27,0.1457926466
2017-12-28,0.1698939365
2017-12-29,0.18553381730000001
2017-12-31,0.184493714
2018-01-02,0.2099365103
2018-01-03,0.1985639884
2018-01-04,0.1954762961
2018-01-05,0.18545289709999999
2018-01-08,0.1910660454
2018-01-09,0.19724361810000002
2018-01-10,0.1848951431
2018-01-11,0.1894577473
2018-01-12,0.1714885234
2018-01-15,0.17877157619999998
2018-01-16,0.17350691099999999
2018-01-17,0.17933896959999998
2018-01-18,0.1711978797
2018-01-19,0.1596210201
2018-01-22,0.1410789835
2018-01-23,0.1425772804
2018-01-24,0.1396335391
2018-01-25,0.15158343970000002
2018-01-26,0.1567523171
2018-01-29,0.1568586552
2018-01-30,0.1514007018
2018-01-31,0.1545510758
2018-02-01,0.14288175
2018-02-02,0.1446145109
2018-02-05,0.1433604452
2018-02-06,0.144035419
2018-02-07,0.1373844233
2018-02-08,0.133177317
2018-02-09,0.1426979679
2018-02-12,0.1226678564
2018-02-13,0.13924356429999998
2018-02-14,0.1311657504
2018-02-15,0.1344484081
2018-02-16,0.1318882954
2018-02-19,0.1362125102
2018-02-20,0.13413925799999998
2018-02-21,0.1429181018
2018-02-22,0.1435379447
2018-02-23,0.1387158593
2018-02-26,0.1350069058
2018-02-27,0.1276282577
2018-02-28,0.1303755414
2018-03-01,0.1325361994
2018-03-02,0.133270113
2018-03-05,0.1429096446
2018-03-06,0.1324061854
2018-03-07,0.1309981369
2018-03-08,0.11594591850000001
2018-03-09,0.1239910417
2018-03-12,0.1238516573
2018-03-13,0.1188461384
2018-03-14,0.13267963500000002
2018-03-15,0.1401084928
2018-03-16,0.1366989242
2018-03-19,0.1332537795
2018-03-20,0.1192622285
2018-03-21,0.1236574084
2018-03-22,0.1162768313
2018-03-23,0.1138262059
2018-03-26,0.1145010524
2018-03-27,0.1081860041
2018-03-28,0.1168969404
2018-03-29,0.09937716597
2018-03-31,0.09834602375
2018-04-03,0.11054785710000001
2018-04-04,0.1037571826
2018-04-05,0.1141718483
2018-04-06,0.11486710289999999
2018-04-09,0.11830214720000001
2018-04-10,0.1354302171
2018-04-11,0.1328060717
2018-04-12,0.13115827700000002
2018-04-13,0.1244115056
2018-04-16,0.1237624027
2018-04-17,0.1158343602
2018-04-18,0.1204579135
2018-04-19,0.12393478520000001
2018-04-20,0.1167263693
2018-04-23,0.1224638999
2018-04-24,0.11340933160000001
2018-04-25,0.1167346788
2018-04-26,0.1148293407
2018-04-27,0.11549748060000001
2018-04-30,0.1180595981
2018-05-02,0.1238699989
2018-05-03,0.1282615128
2018-05-04,0.1438043598
2018-05-07,0.1385272196
2018-05-08,0.1513990226
2018-05-09,0.1439273097
2018-05-10,0.1532929066
2018-05-11,0.1373512027
2018-05-14,0.14293775220000002
2018-05-15,0.1438565073
2018-05-16,0.16171510779999998
2018-05-17,0.1701112193
2018-05-18,0.17723332670000003
2018-05-21,0.21464373139999998
2018-05-22,0.2080336933
2018-05-23,0.2256338119
2018-05-24,0.2226683928
2018-05-25,0.255731698
2018-05-28,0.287430123
2018-05-29,0.3695230632
2018-05-30,0.33744121190000004
2018-05-31,0.2944926022
2018-06-01,0.2881128242
2018-06-04,0.2493435615
2018-06-05,0.2681787328
2018-06-06,0.3023011116
2018-06-07,0.29971720279999997
2018-06-08,0.3300770018
2018-06-11,0.3034353761
2018-06-12,0.3062272594
2018-06-13,0.2974533903
2018-06-14,0.2796160499
2018-06-15,0.2668257494
2018-06-18,0.2641286096
2018-06-19,0.2702470339
2018-06-20,0.26587440749999997
2018-06-21,0.29082598319999997
2018-06-22,0.2897643502
2018-06-25,0.30396601759999997
2018-06-26,0.3185465577
2018-06-27,0.2964615445
2018-06-28,0.2982926709
2018-06-29,0.2688334813
2018-06-30,0.26850045300000003
2018-07-02,0.2581203581
2018-07-03,0.2602642595
2018-07-04,0.2629092802
2018-07-05,0.2725496533
2018-07-06,0.2749924035
2018-07-09,0.27036233849999997
2018-07-10,0.2651334418
2018-07-11,0.2667761149
2018-07-12,0.26207712780000003
2018-07-13,0.24708246209999998
2018-07-16,0.2512025813
2018-07-17,0.2344727709
2018-07-18,0.24498751500000002
2018-07-19,0.24563832649999998
2018-07-20,0.2585500121
2018-07-23,0.2675238071
2018-07-24,0.2631370483
2018-07-25,0.26255668249999997
2018-07-26,0.2622893894
2018-07-27,0.2596634508
2018-07-30,0.26806633869999996
2018-07-31,0.2587247278
2018-08-01,0.2746160594
2018-08-02,0.2871699545
2018-08-03,0.2926162976
2018-08-06,0.28102016479999997
2018-08-07,0.2768332816
2018-08-08,0.2728790201
2018-08-09,0.2780225303
2018-08-10,0.29094913699999997
2018-08-13,0.3111746203
2018-08-14,0.3115238659
2018-08-15,0.3287582817
2018-08-16,0.32599460989999995
2018-08-17,0.32290808179999997
2018-08-20,0.3125751167
2018-08-21,0.3005841313
2018-08-22,0.3163627725
2018-08-23,0.3210887385
2018-08-24,0.32680031460000003
2018-08-27,0.3338069849
2018-08-28,0.34552343469999997
2018-08-29,0.34252247480000003
2018-08-30,0.348681286
2018-08-31,0.3585487852
2018-09-03,0.3584807222
2018-09-04,0.34434482580000003
2018-09-05,0.3332499652
2018-09-06,0.32462908640000004
2018-09-10,0.307365407
2018-09-11,0.30777460430000003
2018-09-12,0.3109021295
2018-09-13,0.3099392881
2018-09-14,0.31221462850000004
2018-09-17,0.3035478082
2018-09-18,0.29062513630000003
2018-09-19,0.2934830002
2018-09-20,0.29759591539999997
2018-09-21,0.28974894689999997
2018-09-24,0.3041694606
2018-09-25,0.29041262079999997
2018-09-26,0.28447060690000003
2018-09-27,0.3010381822
2018-09-28,0.325181149
2018-09-30,0.3246446511
2018-10-01,0.33883926690000005
2018-10-02,0.3500504992
2018-10-03,0.33667781210000003
2018-10-04,0.33659364770000005
2018-10-05,0.34553687429999996
2018-10-08,0.36390551709999996
2018-10-09,0.35715656170000004
2018-10-10,0.3545584069
2018-10-11,0.37134961910000003
2018-10-12,0.3729485536
2018-10-15,0.3766400108
2018-10-16,0.36374118699999997
2018-10-17,0.3765290862
2018-10-18,0.39370478589999996
2018-10-19,0.3940075315
2018-10-22,0.37333126149999996
2018-10-23,0.3891999824
2018-10-24,0.38876676920000003
2018-10-25,0.3744070055
2018-10-26,0.37849640970000004
2018-10-29,0.3576400002
2018-10-30,0.37638007539999996
2018-10-31,0.36732433049999996
2018-11-01,0.3697409984
2018-11-02,0.3630086208
2018-11-05,0.3662261642
2018-11-06,0.37616264800000004
2018-11-07,0.3720593169
2018-11-08,0.37867270750000004
2018-11-09,0.37966715489999997
2018-11-12,0.3921147054
2018-11-13,0.3969617413
2018-11-14,0.40774447090000004
2018-11-15,0.4201076965
2018-11-16,0.42511873829999997
2018-11-19,0.44254212709999996
2018-11-20,0.4557568468
2018-11-21,0.4486019556
2018-11-22,0.4405452313
2018-11-23,0.4413629215
2018-11-26,0.42177253569999995
2018-11-27,0.42236003910000003
2018-11-28,0.4237501367
2018-11-29,0.4162549496
2018-11-30,0.41510258299999997
2018-12-03,0.4091333563
2018-12-04,0.4073409076
2018-12-05,0.3977469887
2018-12-06,0.4097956276
2018-12-07,0.40787256470000005
2018-12-10,0.4092893515
2018-12-11,0.4047338655
2018-12-12,0.3936996654
2018-12-13,0.3786700886
2018-12-14,0.3858781732
2018-12-17,0.38708079949999996
2018-12-18,0.38992815319999996
2018-12-19,0.38615143279999997
2018-12-20,0.3831236201
2018-12-21,0.39786271640000004
2018-12-24,0.40001671899999997
2018-12-27,0.3973891668
2018-12-28,0.4098197067
2018-12-31,0.41170477669999994
2019-01-02,0.42158618400000003
2019-01-03,0.443644879
2019-01-04,0.44524092090000006
2019-01-07,0.4591043697
2019-01-08,0.45758574430000004
2019-01-09,0.437400022
2019-01-10,0.42567171020000005
2019-01-11,0.41875871259999997
2019-01-14,0.4153444377
2019-01-15,0.4114304105
2019-01-16,0.4018496402
2019-01-17,0.408060307
2019-01-18,0.3908239127
2019-01-21,0.395448442
2019-01-22,0.39261751570000003
2019-01-23,0.4007889129
2019-01-24,0.3866691781
2019-01-25,0.3818507718
2019-01-28,0.3872624779
2019-01-29,0.391932241
2019-01-30,0.4005736337
2019-01-31,0.40131681030000005
2019-02-01,0.40617230460000003
2019-02-04,0.4027377112
2019-02-05,0.4045257287
2019-02-06,0.41444220989999997
2019-02-07,0.42763762839999997
2019-02-08,0.4570587976
2019-02-11,0.4387421905
2019-02-12,0.42895808420000003
2019-02-13,0.4149787439
2019-02-14,0.4156944626
2019-02-15,0.41560093979999996
2019-02-18,0.40748730289999996
2019-02-19,0.4079962008
2019-02-20,0.42081773089999996
2019-02-21,0.4126874103
2019-02-22,0.4171956839
2019-02-25,0.4083956133
2019-02-26,0.4007457153
2019-02-27,0.39929719259999996
2019-02-28,0.3884161169
2019-03-01,0.39010002790000003
2019-03-04,0.39392473529999994
2019-03-05,0.39319603000000003
2019-03-06,0.3848234284
2019-03-07,0.3822955779
2019-03-08,0.40385014939999997
2019-03-11,0.403653553
2019-03-12,0.3965087976
2019-03-13,0.3967243409
2019-03-14,0.3853300438
2019-03-15,0.37995898699999997
2019-03-18,0.3709566822
2019-03-19,0.3700127935
2019-03-20,0.3768637427
2019-03-21,0.3662881892
2019-03-22,0.3777156617
2019-03-25,0.3822997495
2019-03-26,0.37959898940000003
2019-03-27,0.38816246499999996
2019-03-28,0.380186912
2019-03-29,0.373210317
2019-03-31,0.3722495328
2019-04-01,0.38524045970000004
2019-04-02,0.3835084955
2019-04-03,0.3774969892
2019-04-04,0.372157523
2019-04-05,0.3701302741
2019-04-08,0.3675822323
2019-04-09,0.3599614108
2019-04-10,0.3644888012
2019-04-11,0.3567511596
2019-04-12,0.3519204098
2019-04-15,0.35513737659999994
2019-04-16,0.3573231857
2019-04-17,0.3608887556
2019-04-18,0.3602210607
2019-04-23,0.3732818717
2019-04-24,0.3708489963
2019-04-25,0.3713122945
2019-04-26,0.3541142568
2019-04-29,0.35216714250000003
2019-04-30,0.3406365908
2019-05-02,0.34725413320000004
2019-05-03,0.342109495
2019-05-06,0.34816288380000004
2019-05-07,0.3532175549
2019-05-08,0.35518223730000004
2019-05-09,0.37439985319999997
2019-05-10,0.37696687939999995
2019-05-13,0.38868145730000003
2019-05-14,0.4004203784
2019-05-15,0.398172231
2019-05-16,0.3810733759
2019-05-17,0.381265848
2019-05-20,0.3869459483
2019-05-21,0.3833263993
2019-05-22,0.3876401334
2019-05-23,0.3985391842
2019-05-24,0.3837518498
2019-05-27,0.39528008309999996
2019-05-28,0.4024085224
2019-05-29,0.3953272125
2019-05-30,0.3965611132
2019-05-31,0.3971743739
2019-06-03,0.3947407944
2019-06-04,0.3940995483
2019-06-05,0.39173948109999995
2019-06-06,0.3803315766
2019-06-07,0.365970382
2019-06-10,0.35585589310000004
2019-06-11,0.3543526928
2019-06-12,0.36500339789999997
2019-06-13,0.36446663030000004
2019-06-14,0.35943094600000003
2019-06-17,0.3557438292
2019-06-18,0.32787231980000003
2019-06-19,0.3206877841
2019-06-20,0.3128819867
2019-06-21,0.3125376962
2019-06-24,0.3139606446
2019-06-25,0.3132315014
2019-06-26,0.3100038363
2019-06-27,0.3188931946
2019-06-28,0.3200530044
2019-06-30,0.3190869169
2019-07-01,0.2961031882
2019-07-02,0.2845706207
2019-07-03,0.2634196546
2019-07-04,0.2809371971
2019-07-05,0.2925316794
2019-07-08,0.3112621773
2019-07-09,0.29467982800000003
2019-07-10,0.2865040097
2019-07-11,0.2723093457
2019-07-12,0.294745547
2019-07-15,0.2847799666
2019-07-16,0.2853044869
2019-07-17,0.29012573929999996
2019-07-18,0.28139257700000003
2019-07-19,0.2895921404
2019-07-22,0.29621883
2019-07-23,0.29001268929999996
2019-07-24,0.2859569603
2019-07-25,0.2820378844
2019-07-26,0.28994540480000003
2019-07-29,0.2874190115
2019-07-30,0.2913498737
2019-07-31,0.2813321784
2019-08-01,0.3019610192
2019-08-02,0.3264639204
2019-08-05,0.3311309008
2019-08-06,0.3174403811
2019-08-07,0.3188968265
2019-08-08,0.32818015529999994
2019-08-09,0.36584095650000004
2019-08-12,0.35712737590000004
2019-08-13,0.3463546381
2019-08-14,0.36600474740000005
2019-08-15,0.3809408593
2019-08-16,0.4023160851
2019-08-19,0.3894918917
2019-08-20,0.37634541159999996
2019-08-21,0.36277438869999995
2019-08-22,0.34593382380000004
2019-08-23,0.33441305120000003
2019-08-26,0.34020475429999997
2019-08-27,0.3418400561
2019-08-28,0.3477152934
2019-08-29,0.3438599744
2019-08-30,0.3564545698
2019-08-31,0.35577895849999996
2019-09-02,0.3406889831
2019-09-03,0.3370811561
2019-09-04,0.3173066115
2019-09-05,0.3196615301
2019-09-06,0.3102380161
2019-09-09,0.3282065092
2019-09-10,0.3451527816
2019-09-11,0.3324931937
2019-09-12,0.2979099103
2019-09-13,0.2579847912
2019-09-16,0.27360840270000003
2019-09-17,0.30364661730000003
2019-09-18,0.3096395553
2019-09-19,0.3117974675
2019-09-20,0.318515745
2019-09-23,0.3196473775
2019-09-24,0.3187339605
2019-09-25,0.32211306030000003
2019-09-26,0.3081556423
2019-09-27,0.3063145484
2019-09-30,0.2955815552
2019-10-01,0.3050250476
2019-10-02,0.32240551580000004
2019-10-03,0.3168849351
2019-10-04,0.31688031899999997
2019-10-07,0.3175513791
2019-10-08,0.3138235968
2019-10-09,0.3039277117
2019-10-10,0.3126396686
2019-10-11,0.2900987875
2019-10-14,0.2880439911
2019-10-15,0.2812353358
2019-10-16,0.2678583148
2019-10-17,0.2699807266
2019-10-18,0.2688017328
2019-10-21,0.27023031410000004
2019-10-22,0.2709197112
2019-10-23,0.2865276365
2019-10-24,0.2735212352
2019-10-25,0.2662308348
2019-10-28,0.2615810642
2019-10-29,0.2638632086
2019-10-30,0.26221612969999997
2019-10-31,0.2515417337
2019-11-01,0.2692376141
2019-11-04,0.2577534565
2019-11-05,0.2539100586
2019-11-06,0.2626634993
2019-11-07,0.2681364765
2019-11-08,0.2693820428
2019-11-11,0.2858961157
2019-11-12,0.2868372451
2019-11-13,0.30285205449999997
2019-11-14,0.3157804392
2019-11-15,0.3115047314
2019-11-18,0.3018433848
2019-11-19,0.3044463081
2019-11-20,0.3094895031
2019-11-21,0.3128725283
2019-11-22,0.3102744712
2019-11-25,0.30332743619999997
2019-11-26,0.3005025785
2019-11-27,0.3144522549
2019-11-28,0.3181987438
2019-11-29,0.3118423923
2019-11-30,0.3113471987
2019-12-02,0.3290625998
2019-12-03,0.32221431359999997
2019-12-04,0.317472503
2019-12-05,0.32224273410000004
2019-12-06,0.3291487739
2019-12-09,0.31552525540000004
2019-12-10,0.3105282884
2019-12-11,0.3047429612
2019-12-12,0.3110601034
2019-12-13,0.2921215069
2019-12-16,0.30353141969999997
2019-12-17,0.2859491538
2019-12-18,0.2830283873
2019-12-19,0.28940187959999997
2019-12-20,0.2947411995
2019-12-23,0.2914514496
2019-12-27,0.2797459214
2019-12-30,0.2851541978
2019-12-31,0.3056397735
2020-01-02,0.3024700666
2020-01-03,0.2938776969
2020-01-06,0.2985871938
2020-01-07,0.3110111032
2020-01-08,0.3109377395
2020-01-09,0.30143952630000004
2020-01-10,0.2920998084
2020-01-13,0.2943928263
2020-01-14,0.2917200297
2020-01-15,0.29373519179999996
2020-01-16,0.3127365783
2020-01-17,0.3005709195
2020-01-20,0.29609044619999997
2020-01-21,0.2997806859
2020-01-22,0.3010222841
2020-01-23,0.287836429
2020-01-24,0.2932750108
2020-01-27,0.2864641081
2020-01-28,0.2690840168
2020-01-29,0.2636950011
2020-01-30,0.2650542264
2020-01-31,0.2639018616
2020-02-03,0.27756737000000004
2020-02-04,0.2730784887
2020-02-05,0.2701149461
2020-02-06,0.2665026546
2020-02-07,0.2709620377
2020-02-10,0.27702394680000003
2020-02-11,0.27878623869999997
2020-02-12,0.2721367111
2020-02-13,0.27477007929999997
2020-02-14,0.27787291270000003
2020-02-17,0.2738653545
2020-02-18,0.2853348734
2020-02-19,0.2838056342
2020-02-20,0.28493580139999997
2020-02-21,0.2920650836
2020-02-24,0.2975985081
2020-02-25,0.3103331035
2020-02-26,0.3046416808
2020-02-27,0.3471940086
2020-02-28,0.3557709542
2020-02-29,0.3551849052
2020-03-02,0.37915194329999996
2020-03-03,0.3350951071
2020-03-04,0.3469556445
2020-03-05,0.3618990364
2020-03-06,0.37693723339999996
2020-03-09,0.4668327945
2020-03-10,0.4929009807
2020-03-11,0.469519879
2020-03-12,0.608324431
2020-03-13,0.6250119572
2020-03-16,0.7457365672
2020-03-17,0.8294314303
2020-03-18,0.8244049429
2020-03-19,0.6961984066
2020-03-20,0.6430768476000001
2020-03-23,0.6927706374
2020-03-24,0.7063174782
2020-03-25,0.7234362899
2020-03-26,0.6112773191
2020-03-27,0.6229853972
2020-03-30,0.6508877466
2020-03-31,0.6706773267
2020-04-01,0.7004517301
2020-04-02,0.7198454148000001
2020-04-03,0.729456878
2020-04-06,0.7020392149
2020-04-07,0.719560034
2020-04-08,0.7276180335
2020-04-09,0.6981570288000001
2020-04-14,0.7093862621
2020-04-15,0.7312143177
2020-04-16,0.7338421526000001
2020-04-17,0.7165878571000001
2020-04-20,0.7350542084999999
2020-04-21,0.7582199516999999
2020-04-22,0.7691494532
2020-04-23,0.7411983827999999
2020-04-24,0.7156302515
2020-04-27,0.6873034988000001
2020-04-28,0.6834131964
2020-04-29,0.6786322201999999
2020-04-30,0.6654753801
2020-05-04,0.6650736858999999
2020-05-05,0.6853536124
2020-05-06,0.7114404125999999
2020-05-07,0.7116221333999999
2020-05-08,0.6805739131
2020-05-11,0.7051290326
2020-05-12,0.7179391771
2020-05-13,0.6987722707999999
2020-05-14,0.7103214242999999
2020-05-15,0.718645244
2020-05-18,0.7121331497
2020-05-19,0.6780065042
2020-05-20,0.6679105660000001
2020-05-21,0.664644439
2020-05-22,0.6580816883
2020-05-25,0.6603985296
2020-05-26,0.6477232666
2020-05-27,0.6261649033
2020-05-28,0.5996198341
2020-05-29,0.5990795984999999
2020-05-31,0.5981592141000001
2020-06-01,0.5920250214
2020-06-02,0.5886838248
2020-06-03,0.58554423
2020-06-04,0.5360675756
2020-06-05,0.5233139913
2020-06-08,0.5202239064999999
2020-06-09,0.5340296357
2020-06-10,0.5474636958
2020-06-11,0.5592508672000001
2020-06-12,0.5470577376
2020-06-15,0.5496967559
2020-06-16,0.5292965874
2020-06-17,0.5282432035
2020-06-18,0.5249419982
2020-06-19,0.5201193566
2020-06-22,0.5138662281999999
2020-06-23,0.5189299535
2020-06-24,0.5091171237
2020-06-25,0.5147121496
2020-06-26,0.5229470417000001
2020-06-29,0.5244623326
2020-06-30,0.5330284957
2020-07-01,0.5361881537
2020-07-02,0.5132883234
2020-07-03,0.5113930184000001
2020-07-06,0.4966433207
2020-07-07,0.493475125
2020-07-08,0.4932047248
2020-07-09,0.498520592
2020-07-10,0.5039411354
2020-07-13,0.5014704357
2020-07-14,0.4946288646
2020-07-15,0.493640709
2020-07-16,0.49203035900000003
2020-07-17,0.48979770860000005
2020-07-20,0.47095436640000005
2020-07-21,0.47004377849999995
2020-07-22,0.4654465878
2020-07-23,0.4579145397
2020-07-24,0.4575267151
2020-07-27,0.4587038085
2020-07-28,0.4666932256
2020-07-29,0.4552554349
2020-07-30,0.45781810040000004
2020-07-31,0.4561125399
2020-08-03,0.4592701005
2020-08-04,0.4488372208
2020-08-05,0.4438391105
2020-08-06,0.43735565309999996
2020-08-07,0.42839872
2020-08-10,0.424172207
2020-08-11,0.4163065023
2020-08-12,0.4137812254
2020-08-13,0.43476182010000003
2020-08-14,0.4247723807
2020-08-17,0.4164113939
2020-08-18,0.4175670948
2020-08-19,0.419076991
2020-08-20,0.4225235285
2020-08-21,0.4244416641
2020-08-24,0.4266702752
2020-08-25,0.4341278883
2020-08-26,0.4272389622
2020-08-27,0.4211491706
2020-08-28,0.4305984808
2020-08-31,0.4318390986
2020-09-01,0.4345795851
2020-09-02,0.4218766753
2020-09-03,0.42206835140000004
2020-09-04,0.43257698040000003
2020-09-07,0.4395295362
2020-09-08,0.43839301140000003
2020-09-09,0.42396416449999996
2020-09-10,0.42918026189999997
2020-09-11,0.42777365570000003
2020-09-14,0.4231998817
2020-09-15,0.4220431495
2020-09-16,0.41551524430000003
2020-09-17,0.4124699072
2020-09-18,0.4111577115
2020-09-21,0.3781547909
2020-09-22,0.40154871309999995
2020-09-23,0.3974643105
2020-09-24,0.399897122
2020-09-25,0.407334697
2020-09-28,0.4014337254
2020-09-29,0.3949247676
2020-09-30,0.4010762638
2020-10-01,0.3932676801
2020-10-02,0.3835203689
2020-10-05,0.3784646515
2020-10-06,0.372363625
2020-10-07,0.3684548135
2020-10-08,0.35953859559999995
2020-10-09,0.3457773005
2020-10-12,0.3354637933
2020-10-13,0.3374060802
2020-10-14,0.3420165136
2020-10-15,0.36338836980000006
2020-10-16,0.3455817633
2020-10-19,0.3570467738
2020-10-20,0.34402485720000003
2020-10-21,0.3481200885
2020-10-22,0.3597309054
2020-10-23,0.3475681043
2020-10-26,0.3404221143
2020-10-27,0.3434884879
2020-10-28,0.3563604626
2020-10-29,0.341960509
2020-10-30,0.338103074
2020-10-31,0.3375325193
2020-11-02,0.3378378824
2020-11-03,0.3236813991
2020-11-04,0.3128369767
2020-11-05,0.3102826978
2020-11-06,0.3124339987
2020-11-09,0.3244407642
2020-11-10,0.3071449325
2020-11-11,0.3006264724
2020-11-12,0.2952461459
2020-11-13,0.291973178
2020-11-16,0.286286591
2020-11-17,0.2746413927
2020-11-18,0.2833354213
2020-11-19,0.2833948068
2020-11-20,0.2831418739
2020-11-23,0.2794236673
2020-11-24,0.2780469743
2020-11-25,0.2789602355
2020-11-26,0.2795287641
2020-11-27,0.2773954248
2020-11-30,0.2942879634
2020-12-01,0.3110767101
2020-12-02,0.3032619137
2020-12-03,0.2851139689
2020-12-04,0.28698576259999997
2020-12-07,0.2805380947
2020-12-08,0.2807759856
2020-12-09,0.2769351426
2020-12-10,0.2826103706
2020-12-11,0.2872500516
2020-12-14,0.2867649722
2020-12-15,0.28695625020000004
2020-12-16,0.2904144328
2020-12-17,0.2886758634
2020-12-18,0.28673008889999996
2020-12-21,0.2870304154
2020-12-22,0.2828752177
2020-12-23,0.2937393897
2020-12-28,0.2794179757
2020-12-29,0.2776588722
2020-12-30,0.2856622487
2020-12-31,0.2870410506
2021-01-04,0.29398905890000004
2021-01-05,0.2884971507
2021-01-06,0.2825867725
2021-01-07,0.2715677486
2021-01-08,0.2611169989
2021-01-11,0.2634299711
2021-01-12,0.2770684281
2021-01-13,0.2718805809
2021-01-14,0.2785795079
2021-01-15,0.2801669349
2021-01-18,0.28339452860000003
2021-01-19,0.2676414753
2021-01-20,0.2722631791
2021-01-21,0.28766481580000003
2021-01-22,0.2872822489
2021-01-25,0.27526033699999997
2021-01-26,0.2641102791
2021-01-27,0.2626710936
2021-01-28,0.2691991013
2021-01-29,0.2623790598
2021-01-31,0.2613220993
2021-02-01,0.2668424715
2021-02-02,0.2707291055
2021-02-03,0.2551265463
2021-02-04,0.24536553619999998
2021-02-05,0.2347897865
2021-02-08,0.2277471569
2021-02-09,0.2335488552
2021-02-10,0.22997183929999998
2021-02-11,0.2280141453
2021-02-12,0.22309405859999998
2021-02-15,0.2244518898
2021-02-16,0.22104307909999998
2021-02-17,0.22761461900000002
2021-02-18,0.25311636
2021-02-19,0.2404471322
2021-02-22,0.2449080587
2021-02-23,0.2520872304
2021-02-24,0.2688823708
2021-02-25,0.2745191185
2021-02-26,0.28284337449999997
2021-02-28,0.28201781579999996
2021-03-01,0.2598707139
2021-03-02,0.2624951137
2021-03-03,0.26491275210000004
2021-03-04,0.2691869939
2021-03-05,0.2666750944
2021-03-08,0.27316799799999997
2021-03-09,0.2429719297
2021-03-10,0.2556964884
2021-03-11,0.2371214154
2021-03-12,0.2316681152
2021-03-15,0.2343505514
2021-03-16,0.238738909
2021-03-17,0.2461535778
2021-03-18,0.23913480780000002
2021-03-19,0.2374161803
2021-03-22,0.2312880711
2021-03-23,0.2252426633
2021-03-24,0.22301254140000001
2021-03-25,0.2302134368
2021-03-26,0.2284605014
2021-03-29,0.23146404610000001
2021-03-30,0.2372206664
2021-03-31,0.2307061587
2021-04-01,0.2261724668
2021-04-02,0.22540223739999998
2021-04-05,0.22421855799999998
2021-04-06,0.2419233923
2021-04-07,0.2420519366
2021-04-08,0.24192488480000002
2021-04-09,0.2507554491
2021-04-12,0.2482898783
2021-04-13,0.2532978428
2021-04-14,0.2508106381
2021-04-15,0.24511898129999998
2021-04-16,0.2526156907
2021-04-19,0.2530742167
2021-04-20,0.2432017626
2021-04-21,0.2518797593
2021-04-22,0.2509920818
2021-04-23,0.2552351894
2021-04-26,0.253071116
2021-04-27,0.25182130350000004
2021-04-28,0.25140195320000003
2021-04-29,0.2568855472
2021-04-30,0.2630493867
2021-05-03,0.25825460889999996
2021-05-04,0.2647440074
2021-05-05,0.2698079645
2021-05-06,0.2738396463
2021-05-07,0.29041571909999997
2021-05-10,0.2825160385
2021-05-11,0.2942121765
2021-05-12,0.3128312109
2021-05-13,0.3321665773
2021-05-14,0.3381844011
2021-05-17,0.34157710010000003
2021-05-18,0.3315726995
2021-05-19,0.33729961129999997
2021-05-20,0.320675848
2021-05-21,0.3190698729
2021-05-24,0.3186702731
2021-05-25,0.3022671735
2021-05-26,0.3010409377
2021-05-27,0.2982772967
2021-05-28,0.3039953419
2021-05-31,0.3000783951
2021-06-01,0.2968875654
2021-06-02,0.29320722979999997
2021-06-03,0.2824003629
2021-06-04,0.2844035298
2021-06-07,0.2876661722
2021-06-08,0.2841457635
2021-06-09,0.2860744932
2021-06-10,0.27770944750000004
2021-06-11,0.2712152809
2021-06-14,0.2751713857
2021-06-15,0.2701714445
2021-06-16,0.2720437159
2021-06-17,0.2864353106
2021-06-18,0.308639236
2021-06-21,0.2943378532
2021-06-22,0.2962452317
2021-06-23,0.2928013369
2021-06-24,0.2867837197
2021-06-25,0.2997614385
2021-06-28,0.2873446286
2021-06-29,0.2771222348
2021-06-30,0.2758418285
2021-07-01,0.26349663710000004
2021-07-02,0.2627469548
2021-07-05,0.26205352260000003
2021-07-06,0.25937067890000004
2021-07-07,0.26775569
2021-07-08,0.28869911389999997
2021-07-09,0.2756439238
2021-07-12,0.2677404908
2021-07-13,0.258235279
2021-07-14,0.2551374228
2021-07-15,0.2528581847
2021-07-16,0.2540793723
2021-07-19,0.2686228126
2021-07-20,0.2593408572
2021-07-21,0.2549993888
2021-07-22,0.2523638319
2021-07-23,0.24176315339999999
2021-07-26,0.2397971047
2021-07-27,0.2393983223
2021-07-28,0.234934623
2021-07-29,0.23454922490000002
2021-07-30,0.23847351669999997
2021-07-31,0.23796719360000002
2021-08-02,0.2411064417
2021-08-03,0.2408936447
2021-08-04,0.2411490518
2021-08-05,0.2257502607
2021-08-06,0.2317598693
2021-08-09,0.2345669441
2021-08-10,0.2355592175
2021-08-11,0.2496615743
2021-08-12,0.2440112954
2021-08-13,0.2511505475
2021-08-16,0.24805128459999998
2021-08-17,0.2434873341
2021-08-18,0.2432591219
2021-08-19,0.24686533919999998
2021-08-20,0.2442431027
2021-08-23,0.2548671334
2021-08-24,0.24923203430000002
2021-08-25,0.2611623793
2021-08-26,0.2656060803
2021-08-27,0.2627923096
2021-08-30,0.2546212843
2021-08-31,0.26852342490000003
2021-09-01,0.2589460363
2021-09-02,0.2517285009
2021-09-03,0.2499997887
2021-09-06,0.24591179159999998
2021-09-07,0.2564280354
2021-09-08,0.2546209202
2021-09-09,0.24097848830000002
2021-09-10,0.2405036195
2021-09-13,0.23766338
2021-09-14,0.2407171205
2021-09-15,0.23744867039999998
2021-09-16,0.22785577440000002
2021-09-17,0.2260669816
2021-09-20,0.2248007716
2021-09-21,0.2293967479
2021-09-22,0.2275177601
2021-09-23,0.2343850737
2021-09-24,0.22734730460000002
2021-09-27,0.2252088827
2021-09-28,0.2308487654
2021-09-29,0.23326454630000001
2021-09-30,0.23627570080000002
2021-10-01,0.2322665817
2021-10-04,0.23279802870000002
2021-10-05,0.2288825387
2021-10-06,0.23361575040000002
2021-10-07,0.2152264075
2021-10-08,0.20689565510000002
2021-10-11,0.1962384251
2021-10-12,0.19241405790000002
2021-10-13,0.2109962809
2021-10-14,0.21321021810000002
2021-10-15,0.21263438229999998
2021-10-18,0.2132262842
2021-10-19,0.22177966940000002
2021-10-20,0.21716673220000002
2021-10-21,0.2183442508
2021-10-22,0.2270508083
2021-10-25,0.2148992028
2021-10-26,0.2099337099
2021-10-27,0.23087233669999999
2021-10-28,0.2495241278
2021-10-29,0.2788088058
2021-10-31,0.2781332457
2021-11-01,0.2753347536
2021-11-02,0.259357752
2021-11-03,0.2463923563
2021-11-04,0.24312362619999997
2021-11-05,0.2418395211
2021-11-08,0.2340018971
2021-11-09,0.23035751869999999
2021-11-10,0.2279631531
2021-11-11,0.2142365114
2021-11-12,0.2149324035
2021-11-15,0.2171629489
2021-11-16,0.21087182859999998
2021-11-17,0.2273954301
2021-11-18,0.2215688163
2021-11-19,0.2194060072
2021-11-22,0.22912553559999999
2021-11-23,0.2372975541
2021-11-24,0.2362543953
2021-11-25,0.2339538218
2021-11-26,0.24422413299999998
2021-11-29,0.2359086338
2021-11-30,0.2293815533
2021-12-01,0.2442812622
2021-12-02,0.2408566278
2021-12-03,0.2243593492
2021-12-06,0.21620602519999998
2021-12-07,0.2215198321
2021-12-08,0.24188745860000002
2021-12-09,0.23650297779999999
2021-12-10,0.2225560497
2021-12-13,0.2173683118
2021-12-14,0.2187350064
2021-12-15,0.212946734
2021-12-16,0.2290512748
2021-12-17,0.2224259206
2021-12-20,0.20767343749999997
2021-12-21,0.21040148930000002
2021-12-22,0.2125861695
2021-12-23,0.2108103883
2021-12-24,0.2205102166
2021-12-27,0.2141868827
2021-12-28,0.21504349869999997
2021-12-29,0.2150383441
2021-12-30,0.22492414400000002
2021-12-31,0.2227842147
2022-01-03,0.2340343623
2022-01-04,0.2297283281
2022-01-05,0.2361024397
2022-01-06,0.2389694464
2022-01-07,0.24438988169999998
2022-01-10,0.23871702320000002
2022-01-11,0.23519746130000002
2022-01-12,0.2335230396
2022-01-13,0.2336815621
2022-01-14,0.23390484109999998
2022-01-17,0.239195202
2022-01-18,0.2437103545
2022-01-19,0.2473446288
2022-01-20,0.2457664007
2022-01-21,0.2438127716
2022-01-24,0.2313289529
2022-01-25,0.2389141541
2022-01-26,0.2524501582
2022-01-27,0.24670457290000003
2022-01-28,0.241287346
2022-01-31,0.2512762342
2022-02-01,0.24607520189999998
2022-02-02,0.2405372331
2022-02-03,0.2726597544
2022-02-04,0.2854172466
2022-02-07,0.2856769019
2022-02-08,0.2604154096
2022-02-09,0.25253092120000004
2022-02-10,0.2554838801
2022-02-11,0.2480890166
2022-02-14,0.2245537729
2022-02-15,0.24439721160000002
2022-02-16,0.2531731701
2022-02-17,0.24535284310000002
2022-02-18,0.2200695367
2022-02-21,0.24778145129999998
2022-02-22,0.2485697502
2022-02-23,0.2371154775
2022-02-24,0.2346239411
2022-02-25,0.2179122301
2022-02-28,0.2089203771
2022-03-01,0.170121991
2022-03-02,0.2118274576
2022-03-03,0.1983916146
2022-03-04,0.1686254863
2022-03-07,0.19436956039999997
2022-03-08,0.21008629580000002
2022-03-09,0.20051616330000002
2022-03-10,0.2297311407
2022-03-11,0.1931898676
2022-03-14,0.20493884529999998
2022-03-15,0.1870827337
2022-03-16,0.20242446690000002
2022-03-17,0.22136461929999998
2022-03-18,0.2091563584
2022-03-21,0.21472267750000001
2022-03-22,0.21207929109999998
2022-03-23,0.2198346745
2022-03-24,0.2065358901
2022-03-25,0.2017100374
2022-03-28,0.19793925399999998
2022-03-29,0.18121070490000002
2022-03-30,0.1741345223
2022-03-31,0.1776153213
2022-04-01,0.1849304584
2022-04-04,0.18923024030000002
2022-04-05,0.1981796422
2022-04-06,0.2082903469
2022-04-07,0.2064301874
2022-04-08,0.2002318378
2022-04-11,0.17208441910000002
2022-04-12,0.1577178699
2022-04-13,0.1630739332
2022-04-14,0.139935732
2022-04-15,0.1400498919
2022-04-18,0.1366278602
2022-04-19,0.144558892
2022-04-20,0.1583138499
2022-04-21,0.1789862581
2022-04-22,0.18110214119999998
2022-04-25,0.1707677927
2022-04-26,0.1705931088
2022-04-27,0.16783087949999997
2022-04-28,0.1594993643
2022-04-29,0.1972575218
2022-04-30,0.1974157948
2022-05-02,0.1706293381
2022-05-03,0.182656528
2022-05-04,0.1985835557
2022-05-05,0.2175572948
2022-05-06,0.20295223669999998
2022-05-09,0.1856153675
2022-05-10,0.1808447796
2022-05-11,0.1543384993
2022-05-12,0.1930321947
2022-05-13,0.2175938859
2022-05-16,0.2334828627
2022-05-17,0.2431198053
2022-05-18,0.2509465509
2022-05-19,0.25306602829999997
2022-05-20,0.2716338542
2022-05-23,0.2861979335
2022-05-24,0.294363932
2022-05-25,0.2605188881
2022-05-26,0.238974398
2022-05-27,0.25377684219999996
2022-05-30,0.2632853342
2022-05-31,0.2734813066
2022-06-01,0.2789745091
2022-06-02,0.2735534824
2022-06-03,0.2975424295
2022-06-06,0.3131894746
2022-06-07,0.2816967113
2022-06-08,0.2814743155
2022-06-09,0.3140503971
2022-06-10,0.35666212010000004
2022-06-13,0.3722715014
2022-06-14,0.35258557850000005
2022-06-15,0.2819101002
2022-06-16,0.2974666963
2022-06-17,0.27743917679999996
2022-06-20,0.27466225390000004
2022-06-21,0.2845413725
2022-06-22,0.2675420552
2022-06-23,0.28969718440000003
2022-06-24,0.2852212772
2022-06-27,0.2929687483
2022-06-28,0.2844956359
2022-06-29,0.2669325657
2022-06-30,0.2984058229
2022-07-01,0.28903487240000003
2022-07-04,0.2907391065
2022-07-05,0.24513228860000003
2022-07-06,0.2750223993
2022-07-07,0.2781319884
2022-07-08,0.2660011014
2022-07-11,0.277056662
2022-07-12,0.24799413650000002
2022-07-13,0.2987442788
2022-07-14,0.2903247255
2022-07-15,0.2732021671
2022-07-18,0.2757227089
2022-07-19,0.2657159328
2022-07-20,0.29760000049999996
2022-07-21,0.318913775
2022-07-22,0.278926782
2022-07-25,0.28004570139999996
2022-07-26,0.2943949
2022-07-27,0.2953901887
2022-07-28,0.27646788910000003
2022-07-29,0.24920467680000002
2022-07-31,0.2494060559
2022-08-01,0.2100267583
2022-08-02,0.218425315
2022-08-03,0.23120510970000002
2022-08-04,0.2211423373
2022-08-05,0.1792278816
2022-08-08,0.184624963
2022-08-09,0.196146191
2022-08-10,0.1972611098
2022-08-11,0.1862393222
2022-08-12,0.20559359400000002
2022-08-15,0.20827249890000002
2022-08-16,0.2250420945
2022-08-17,0.2511108896
2022-08-18,0.2452152753
2022-08-19,0.2326923792
2022-08-22,0.23209160010000002
2022-08-23,0.22255860340000003
2022-08-24,0.20781771200000002
2022-08-25,0.1998647861
2022-08-26,0.21176652229999998
2022-08-29,0.1908517913
2022-08-30,0.20994595449999998
2022-08-31,0.24494693569999998
2022-09-01,0.252402947
2022-09-02,0.2281048552
2022-09-05,0.2162538459
2022-09-06,0.19940375870000002
2022-09-07,0.2186903461
2022-09-08,0.2832300559
2022-09-09,0.28054491680000004
2022-09-12,0.2569737015
2022-09-13,0.2460871879
2022-09-14,0.2396709173
2022-09-15,0.2671329632
2022-09-16,0.2845563597
2022-09-19,0.2794601346
2022-09-20,0.29458411630000003
2022-09-21,0.2840221738
2022-09-22,0.2755999646
2022-09-23,0.2794975581
2022-09-26,0.2721461301
2022-09-27,0.2774735093
2022-09-28,0.2119884638
2022-09-29,0.2436001428
2022-09-30,0.23578749559999998
2022-10-03,0.22325871519999999
2022-10-04,0.2612569428
2022-10-05,0.2498325168
2022-10-06,0.225737472
2022-10-07,0.2015251744
2022-10-10,0.2100396813
2022-10-11,0.1965314171
2022-10-12,0.2296130715
2022-10-13,0.2523393038
2022-10-14,0.2844381617
2022-10-17,0.27415431160000003
2022-10-18,0.3126872324
2022-10-19,0.3275898846
2022-10-20,0.3241766042
2022-10-21,0.34575947900000004
2022-10-24,0.3336990145
2022-10-25,0.3163554603
2022-10-26,0.29337795499999997
2022-10-27,0.2709998736
2022-10-28,0.26092958759999996
2022-10-31,0.2727228133
2022-11-01,0.2553144448
2022-11-02,0.2712035887
2022-11-03,0.2528506909
2022-11-04,0.2647981531
2022-11-07,0.2893126812
2022-11-08,0.31247072
2022-11-09,0.32673814120000005
2022-11-10,0.3048361724
2022-11-11,0.3251235804
2022-11-14,0.3399819549
2022-11-15,0.33236457979999995
2022-11-16,0.3186537444
2022-11-17,0.2958560243
2022-11-18,0.2838219284
2022-11-21,0.3081922736
2022-11-22,0.2976284034
2022-11-23,0.2798554434
2022-11-24,0.2754573276
2022-11-25,0.3005493603
2022-11-28,0.3105439012
2022-11-29,0.2788284645
2022-11-30,0.30132306799999997
2022-12-01,0.27571924200000003
2022-12-02,0.2840019818
2022-12-05,0.2694736788
2022-12-06,0.271611267
2022-12-07,0.2731443731
2022-12-08,0.28562870220000003
2022-12-09,0.331515198
2022-12-12,0.3312596244
2022-12-13,0.3030541378
2022-12-14,0.3345028799
2022-12-15,0.3739976646
2022-12-16,0.3816826815
2022-12-19,0.4031851795
2022-12-20,0.40176196140000003
2022-12-21,0.36992584800000006
2022-12-22,0.3548985845
2022-12-23,0.36533635750000004
2022-12-26,0.3586996617
2022-12-27,0.3732888424
2022-12-28,0.3858615009
2022-12-29,0.38425488950000003
2022-12-30,0.4241884195
2022-12-31,0.4249748084
2023-01-02,0.4218247223
2023-01-03,0.42715195180000004
2023-01-04,0.41107858020000004
2023-01-05,0.3849043681
2023-01-06,0.39402819790000004
2023-01-09,0.38018943909999997
2023-01-10,0.39991402800000003
2023-01-11,0.38285180879999997
2023-01-12,0.3879508904
2023-01-13,0.41161426830000003
2023-01-16,0.4171244089
2023-01-17,0.409001947
2023-01-18,0.37487601849999996
2023-01-19,0.3610979302
2023-01-20,0.37465664660000003
2023-01-23,0.35962730309999996
2023-01-24,0.34007519799999997
2023-01-25,0.3357896376
2023-01-26,0.35070386829999994
2023-01-27,0.35379220910000003
2023-01-30,0.3686242122
2023-01-31,0.35710983409999997
2023-02-01,0.37728852170000005
2023-02-02,0.32053471190000005
2023-02-03,0.3316608101
2023-02-06,0.3430386879
2023-02-07,0.3326029628
2023-02-08,0.3637216572
2023-02-09,0.3656514078
2023-02-10,0.3776581744
2023-02-13,0.3692853613
2023-02-14,0.36054010929999997
2023-02-15,0.37166502469999996
2023-02-16,0.370793535
2023-02-17,0.3720160212
2023-02-20,0.3767174038
2023-02-21,0.38677093640000004
2023-02-22,0.38404090510000005
2023-02-23,0.3620447089
2023-02-24,0.3585802258
2023-02-27,0.3418217534
2023-02-28,0.33597001169999996
2023-03-01,0.3682581153
2023-03-02,0.3747848954
2023-03-03,0.3785379572
2023-03-06,0.40266789459999996
2023-03-07,0.3903646884
2023-03-08,0.393282082
2023-03-09,0.3905355018
2023-03-10,0.3908024352
2023-03-13,0.3020274607
2023-03-14,0.38553339659999997
2023-03-15,0.3245246622
2023-03-16,0.3744700831
2023-03-17,0.37426143269999995
2023-03-20,0.3338359078
2023-03-21,0.3764437035
2023-03-22,0.34960540799999995
2023-05-01,0.33963301430000004
2023-05-08,0.35932561360000004
