,Instrument,Original Yield Maturity
0,DK0009412553,
1,XS2606261597,4.528
2,XS2606264005,4.071
3,XS2626288257,4.566
4,XS2626691906,
5,XS2626344266,3.758
6,XS2626343375,3.678
7,XS2625194811,4.677
8,FR001400I2W5,3.121
9,XS2626022656,3.437
10,DE000BHY0GT7,2.99
11,XS2625985945,4.553
12,XS2625968347,3.358
13,XS2625968776,3.633
14,XS2623956773,4.312
15,XS2625968693,3.255
16,XS2624977554,
17,XS2623957078,3.63
18,XS2624976077,
19,FR001400I3C5,3.47
20,XS2625136531,4.072
21,XS2590758822,4.311
22,XS2623868994,3.792
23,FR001400HX73,
24,FR001400HX81,
25,XS2621830848,3.137
26,FR001400I145,3.373
27,XS2624502105,3.088
28,AT0000A34D99,3.292
29,XS2590758665,3.968
30,XS2590758400,3.604
31,DE000A351TP5,3.188
32,ES0365936048,5.63
33,DE000A351NR4,3.179
34,DE000A351TJ8,3.138
35,XS2623820953,3.347
36,AT0000A34CR4,3.266
37,DE000A3LHK72,4.141
38,FR001400HZD5,
39,XS2621812192,3.443
40,XS2618731256,
41,FR001400HU68,3.807
42,XS2619751576,3.898
43,XS2618499177,3.849
44,XS2618690981,4.239
45,XS2599156192,5.561
46,XS2618704014,3.458
47,XS2613162424,3.769
48,FR001400HQM5,4.079
49,XS2618711068,
50,XS2617442525,4.28
51,XS2617457127,4.679
52,FR001400HOZ2,4.02
53,XS2617456582,4.48
54,XS2616008541,3.777
55,CH1251998238,4.846
56,XS2617508481,3.354
57,XS2616008970,3.841
58,DE000LB386A8,3.332
59,XS2617256149,3.286
60,XS2617256065,3.307
61,XS2613209670,4.443
62,XS2615940215,4.579
63,FR001400HMF8,4.468
64,XS2615271629,5.015
65,XS2611221032,
66,XS2614623978,4.225
67,XS2615559130,
68,XS2610209129,3.87
69,XS2610788569,3.939
70,DE000MHB34J3,3.169
71,FR001400HJE7,3.402
72,XS2615183501,3.722
73,FR001400HCM5,3.31
74,XS2607193435,3.761
75,DE000CZ43ZX7,3.132
76,XS2613658470,3.805
77,XS2613472963,4.31
78,XS2613838296,3.213
79,XS2613658710,4.391
80,AT0000A33N23,3.292
81,DE000BLB6JV5,3.025
82,FR001400HF42,3.23
83,FI4000466412,-0.274
84,PTBSPAOM0008,3.481
85,XS2613159719,3.346
86,FR001400H9H2,3.135
87,FR001400HAC0,3.754
88,AT0000A33MP9,3.154
89,DE000A3MQU11,3.113
90,FR001400H9B5,4.358
91,FR001400H8X1,3.282
92,FR001400H8D3,4.311
93,FR001400H5F4,3.441
94,XS2608828641,4.611
95,XS2606297864,4.011
96,XS2606993694,3.457
97,XS2607381436,4.273
98,XS2607040958,4.256
99,XS2603552014,3.629
100,XS2605914105,3.907
101,XS2607781882,3.192
102,XS2607350985,3.386
103,XS2607079493,3.437
104,XS2607344079,3.13
105,FR001400H2O3,4.55
106,XS2604699327,4.277
107,XS2604697891,3.963
108,XS2596458591,4.317
109,CH1255915014,
110,XS2599730822,3.94
111,XS2599731473,3.95
112,CH1255915006,
113,XS2599779597,4.258
114,FR001400GM85,3.514
115,XS2598649254,3.95
116,XS2599169922,4.194
117,XS2597768485,4.311
118,XS2597991988,4.613
119,XS2598332133,4.344
120,XS2597919013,3.651
121,XS2597973812,4.256
122,AT000B122155,4.859
123,XS2597905905,3.831
124,XS2597740476,4.109
125,FI4000549605,3.706
126,DE000HCB0BS6,4.903
127,XS2597110027,4.43
128,FI4000549548,3.882
129,XS2597677090,4.385
130,XS2596528716,3.985
131,XS2595410775,3.609
132,XS2595412631,3.819
133,XS2597408272,3.715
134,FR001400GI73,3.498
135,XS2597408439,3.879
136,XS2597093009,4.086
137,XS2596599147,4.623
138,BE0002925064,4.101
139,XS2592240712,4.933
140,XS2595029344,3.734
141,XS2595418596,4.276
142,XS2595417945,4.359
143,XS2595418679,4.515
144,DE000BHY0JY1,3.382
145,XS2595418166,4.103
146,XS2595418323,4.049
147,XS2595036554,4.098
148,DE000A162BJ7,4.511
149,XS2594025814,4.973
150,XS2593105393,3.627
151,XS2593105476,3.751
152,XS2591032235,4.198
153,XS2591026856,3.678
154,XS2591029876,3.872
155,NL0015001BV1,3.344
156,FR001400G6Y4,4.732
157,XS2592234749,
158,XS2591848275,3.39
159,XS2591848192,3.57
160,FR001400G412,3.461
161,FR001400G3Y1,3.332
162,XS2592301365,4.325
163,XS2589828941,3.779
164,XS2589713614,4.416
165,XS2588859376,4.11
166,XS2572499726,3.417
167,XS2589792220,3.638
168,XS2589790109,3.423
169,XS2589712996,4.16
170,XS2589907653,5.606
171,XS2589790018,3.756
172,BE0002924059,3.151
173,AT000B049945,3.208
174,DE000NLB4RJ4,3.205
175,FR001400FZ73,3.189
176,XS2589367528,5.401
177,FR001400FZ24,3.187
178,XS2589317697,
179,XS2589260723,4.168
180,XS2589260996,4.682
181,FR001400FZ32,3.21
182,FR001400FZ81,3.162
183,ES0280907033,5.147
184,FR001400FXU8,3.172
185,DK0030045703,
186,ES0422714172,3.415
187,XS2588099478,3.72
188,XS2586779782,3.26
189,XS2585977882,3.736
190,XS2587306403,3.82
191,XS2587352340,4.327
192,XS2583352443,3.524
193,DE000AAR0389,3.16
194,XS2585964476,
195,FI4000549035,3.252
196,XS2586739729,5.32
197,XS2586780012,3.542
198,DE000SLB4345,3.027
199,BE0002921022,3.101
200,XS2585239200,
201,ES0413900939,3.335
202,AT0000A32RP0,4.173
203,XS2586851300,4.08
204,XS2582814039,3.763
205,XS2584685387,4.148
206,XS2584685031,3.68
207,XS2586128170,3.82
208,XS2584643113,
209,DE000BLB6JU7,3.833
210,XS2582860909,4.259
211,DE000A30WF84,5.162
212,XS2583742239,3.708
213,DE000A30V8U9,3.051
214,XS2583742668,4.012
215,XS2583741934,3.437
216,XS2583600791,3.805
217,XS2583742585,3.862
218,XS2583205906,4.513
219,XS2583203950,5.292
220,XS2582195207,4.037
221,XS2582112947,3.038
222,FR001400FJM4,3.051
223,XS2582358789,
224,SK4000022430,3.467
225,XS2582501925,5.618
226,AT0000A326M6,3.22
227,FR001400FIG8,3.013
228,DE000CZ43ZS7,2.963
229,AT0000A326N4,3.129
230,AT0000A32HA3,4.063
231,DE000SCB0047,3.005
232,XS2581397986,3.262
233,FR001400FD12,3.058
234,SK4000022398,3.36
235,FR001400FFW1,2.956
236,FR001400FDC8,4.729
237,FR001400FDB0,4.26
238,BE0002913946,5.861
239,ES0415306101,3.041
240,XS2580224082,2.752
241,XS2579606927,
242,XS2579324869,3.858
243,DE000MHB33J5,2.817
244,XS2579319513,3.857
245,XS2579284469,3.925
246,XS2579199865,2.991
247,AT0000A32661,3.046
248,XS2579897633,4.843
249,DE000A30V8H6,2.877
250,AT000B067087,3.092
251,DE000LB384E5,2.895
252,XS2578472339,
253,FR001400FAZ5,3.703
254,FR001400FB06,3.666
255,XS2577874782,3.915
256,DE000A30WF68,2.916
257,AT000B049937,3.091
258,XS2577836187,2.913
259,AT000B093901,3.193
260,XS2575965327,3.858
261,ES0413211A75,
262,DE000CZ43ZN8,5.222
263,XS2577396430,4.317
264,XS2577384691,4.396
265,XS2577572188,4.984
266,XS2577054716,4.089
267,XS2577127884,3.652
268,BE6340849569,3.66
269,FR001400F703,3.261
270,FR001400F6E7,4.265
271,FR001400F6O6,4.24
272,DE000A30V5F6,3.048
273,FR001400F5R1,3.161
274,XS2575952937,3.799
275,FR001400F711,3.521
276,XS2577042893,3.636
277,XS2531479462,4.152
278,FR001400F5S9,3.244
279,DE000A30VG92,3.053
280,XS2576255249,4.259
281,XS2577053825,
282,FR001400F6V1,3.951
283,XS2575952853,3.703
284,AT0000A32562,
285,DE000A3MQUY1,3.062
286,XS2576067081,4.275
287,XS2575555938,3.353
288,DE000A3MQUZ8,3.016
289,XS2575556589,3.565
290,XS2575952697,3.991
291,XS2576362839,
292,XS2575971994,4.069
293,XS2575952424,3.864
294,XS2575973776,3.875
295,FR001400F5F6,4.441
296,XS2574873183,3.951
297,FR001400F091,3.193
298,XS2574873266,3.657
299,DE000AAR0371,3.09
300,SI0002103552,3.126
301,XS2570759154,3.14
302,FR001400F1G3,3.709
303,FR001400F1I9,4.106
304,FR001400F0H3,5.092
305,SI0002104303,3.654
306,FR001400F1M1,4.36
307,XS2572496623,4.267
308,XS2572476864,3.692
309,FR001400F281,3.113
310,CH1236363391,4.437
311,XS2572996606,4.071
312,XS2573569220,
313,FR001400F0U6,4.752
314,XS2573712044,
315,XS2573569576,
316,DE000BHY0SP0,3.109
317,DE000BHY0GM2,3.102
318,ES0413900913,3.447
319,XS2572298409,3.326
320,XS2573807778,3.734
321,XS2572989650,3.478
322,XS2573331324,3.726
323,ES0413900905,3.394
324,XS2572989817,3.595
325,FR001400F083,4.536
326,FR001400F075,4.428
327,FR001400EZL5,3.342
328,AT0000A324F5,3.266
329,XS2565831943,3.631
330,IT0005523896,6.174
331,FR001400EHH1,5.035
332,CH1230759495,
333,FR001400EEX5,2.87
334,FR001400EFP8,2.847
335,DE000CZ43ZJ6,2.769
336,XS2563348361,4.448
337,XS2560415965,4.907
338,XS2563002653,
339,XS2561746855,2.723
340,XS2558972415,3.625
341,FR001400EAY1,3.838
342,XS2560411543,3.681
343,ES0413679525,3.081
344,FR001400E946,4.352
345,BE6339428904,
346,XS2560753936,3.584
347,XS2559501429,5.113
348,XS2559580548,4.37
349,FR001400E904,4.216
350,XS2560673662,2.953
351,FR001400E797,4.07
352,XS2559453431,3.353
353,DE000A3LBMY2,3.064
354,XS2545425980,
355,XS2558966953,3.432
356,XS2558395278,4.049
357,XS2558574104,3.106
358,XS2558916693,3.151
359,XS2558953621,3.348
360,FR001400E3H8,4.789
361,XS2558395351,3.714
362,DE000HCB0BQ0,6.309
363,XS2557551889,2.837
364,XS2555179378,3.243
365,XS2558591967,6.112
366,XS2555178644,3.035
367,FR001400E1P5,2.914
368,XS2556232143,3.037
369,FI4000522974,
370,XS2556223233,3.204
371,XS2552362704,4.7
372,FR001400DZM5,4.04
373,CH1214797172,
374,DE000A30V3G9,3.007
375,FR001400DZO1,4.36
376,XS2555925218,
377,FR001400DZN3,4.018
378,XS2555220941,4.529
379,XS2555218291,4.002
380,FI4000541461,3.287
381,XS2555220867,4.304
382,ES0380907065,7.295
383,XS2554997937,4.906
384,DE000MHB32J7,
385,FR001400DXR9,3.164
386,XS2555420103,5.865
387,XS2555221246,4.781
388,XS2554488978,4.297
389,FR001400DXH0,3.185
390,FR001400DAO4,5.461
391,XS2555192710,3.758
392,XS2555198089,3.344
393,XS2555196463,3.087
394,XS2555198162,3.463
395,XS2555209381,3.142
396,XS2554487905,4.141
397,XS2554489513,4.467
398,XS2555187801,
399,DE000A30V2V0,3.113
400,FR001400DTA3,3.581
401,FR001400DT99,3.263
402,XS2553798443,4.084
403,XS2551903425,4.242
404,FR001400DQ84,4.666
405,FR001400DQ92,5.075
406,XS2550909415,4.08
407,FR001400DNT6,3.12
408,FR001400DOV0,3.478
409,FR001400DP44,3.931
410,XS2551280436,3.79
411,PTCGDDOM0036,
412,CH1224575899,5.23
413,XS2550898204,4.762
414,XS2550557800,3.225
415,FR001400DNF5,5.479
416,XS2550881143,4.321
417,FR001400DNG3,4.733
418,FR001400DKT2,3.315
419,XS2550081454,
420,DE000HCB0BP2,3.203
421,XS2549543226,4.32
422,XS2547936984,5.847
423,XS2549702475,3.272
424,XS2549543499,4.556
425,XS2549715618,4.817
426,XS2549543143,3.92
427,FR001400DHZ5,3.044
428,DE000BHY0JW5,3.098
429,XS2547609433,4.055
430,DE000A30WF27,3.083
431,FR001400DGZ7,3.219
432,XS2544645117,3.246
433,DE000BLB6JT9,3.144
434,AT0000A30ZH4,3.293
435,BE6338543786,3.284
436,XS2545247863,3.369
437,XS2544400786,
438,FR001400DC98,3.375
439,DE000LB381U7,2.874
440,XS2545248242,3.755
441,XS2546781555,4.208
442,FR001400DAI6,3.26
443,BE6338167909,3.648
444,DE000CZ43ZF4,2.978
445,XS2545259876,4.581
446,FR001400D8K2,3.641
447,XS2545263399,3.308
448,FR001400D6N0,4.48
449,FR001400D6M2,3.934
450,FR001400D6O8,4.89
451,XS2537251170,3.78
452,XS2545206166,4.45
453,XS2495084621,5.779
454,FR001400D5T9,2.889
455,FR001400D0F9,4.323
456,FR001400D7M0,4.765
457,XS2541314584,3.208
458,XS2542914986,3.929
459,XS2532473555,4.565
460,XS2541853532,2.812
461,XS2544624112,2.822
462,SK4000021820,3.507
463,XS2540993172,3.371
464,XS2540585564,4.266
465,XS2537097409,2.898
466,XS2538368221,3.9
467,XS2536938439,2.75
468,XS2538366878,
469,FR001400A1H6,3.661
470,XS2537060746,4.975
471,FI4000530977,
472,DE000LB38077,2.47
473,XS2533012790,2.945
474,XS2535724772,4.128
475,XS2536730448,3.221
476,FR001400CSG4,4.055
477,XS2536806289,2.579
478,XS2535725159,4.675
479,XS2534891978,3.311
480,DE000CZ43ZB3,
481,DE000A30VPM1,3.971
482,XS2536375368,2.461
483,XS2536431617,4.756
484,XS2534912485,2.595
485,DE000A30VPL3,3.45
486,XS2536376416,2.575
487,XS2535484526,3.094
488,BE0002872530,5.485
489,DE000A3MQUX3,2.579
490,AT000B049929,2.464
491,XS2534984716,2.669
492,XS2534985523,
493,FR001400CRG6,4.946
494,XS2530444624,3.957
495,AT0000A306J4,2.555
496,XS2534276717,2.726
497,DE000NLB3Z75,2.33
498,DE000A30VPD0,2.585
499,XS2530443659,3.014
500,XS2528341501,3.53
501,DE000A30VPC2,2.359
502,XS2534276808,2.975
503,XS2534976886,4.549
504,XS2534785865,3.47
505,XS2528341766,3.949
506,FR001400CQ85,3.396
507,FR001400CND2,2.982
508,XS2531438351,2.527
509,XS2532376949,2.575
510,FR001400CN54,3.232
511,ES0265936031,5.315
512,XS2531803828,2.574
513,FR001400CN47,2.749
514,XS2531420656,3.944
515,XS2530219349,2.701
516,XS2530506752,2.892
517,FR001400CMY0,3.19
518,DE000A2YNWB9,
519,XS2532312548,3.03
520,XS2531567753,2.407
521,FR001400CMZ7,3.7
522,XS2531929094,2.202
523,FR001400CM22,2.498
524,XS2531420730,2.705
525,FR001400CFW8,3.662
526,XS2526860965,2.614
527,AT0000A305R9,2.539
528,XS2528170777,3.245
529,XS2529520715,3.738
530,XS2528582377,3.116
531,XS2521013909,3.733
532,XS2528155893,
533,ES0413900855,2.843
534,FR001400CK81,2.665
535,XS2526835694,4.192
536,XS2530034649,3.86
537,ES0413900848,2.478
538,XS2526839258,2.519
539,XS2528311348,4.029
540,XS2526839175,2.311
541,XS2526839761,2.811
542,XS2528323780,3.49
543,XS2528858033,
544,BE0002876572,3.232
545,XS2526839506,3.011
546,XS2525246901,3.359
547,XS2527451905,2.727
548,DE000CZ45W99,2.305
549,XS2527786755,1.227
550,FR001400CH94,2.876
551,XS2527319979,3.279
552,XS2526882001,2.347
553,CH1210198136,3.374
554,FR001400CGA2,2.221
555,XS2526828996,3.026
556,XS2496028924,3.426
557,XS2496028502,2.844
558,DE000A30WFV1,4.397
559,XS2526825463,2.047
560,XS2525226622,3.53
561,XS2525255647,1.762
562,DK0009410185,1.921
563,DE000MHB31J9,1.942
564,XS2521027446,3.238
565,XS2524740649,2.984
566,XS2523326853,2.089
567,XS2525157470,2.67
568,DE000A162BF5,1.589
569,XS2523390271,2.579
570,DE000BHY0GK6,1.359
571,XS2524675050,1.675
572,XS2521820048,2.035
573,XS2511906310,3.784
574,XS2517103417,2.205
575,XS2517103334,2.737
576,XS2517103250,1.709
577,XS2510903862,2.889
578,DE000NLB3ZZ5,1.399
579,DE000AAR0355,4.567
580,DE000A30WFU3,1.78
581,DE000LB2ZV93,1.81
582,XS2502844116,1.963
583,XS2500847657,1.777
584,BE0002871524,4.082
585,XS2498470116,2.102
586,XS2498554992,4.092
587,XS2495085784,2.132
588,XS2491963638,
589,FR001400B1L7,4.805
590,XS2498042584,3.497
591,XS2496288593,3.104
592,XS2496289138,3.859
593,IT0005499543,2.411
594,DE000A3K5HW7,4.751
595,ES0380907057,4.524
596,FR001400BDD5,3.41
597,DE000HCB0BN7,2.112
598,XS2491542457,3.812
599,BE0974423569,2.977
600,XS2491542374,3.23
601,XS2491738949,3.85
602,XS2493830827,2.517
603,XS2491074923,2.552
604,XS2491664137,4.244
605,XS2491738352,3.152
606,FR001400AEA1,2.564
607,XS2488807244,2.405
608,FR001400B9U1,2.417
609,DE000BLB6JP7,2.544
610,XS2495521515,
611,FR001400ASK0,3.925
612,DE000AAR0348,2.276
613,AT0000A2YBY4,2.238
614,XS2489982293,
615,XS2488626883,3.892
616,XS2491189408,2.612
617,ES0244251031,
618,XS2488626610,3.127
619,XS2473715675,2.75
620,CH1194000340,2.764
621,CH1194000357,3.168
622,XS2486589596,
623,XS2489775580,3.55
624,XS2490471807,2.329
625,PTCGDNOM0026,2.9
626,XS2490472102,2.883
627,XS2489138789,3.275
628,DE000A30VGD9,2.684
629,XS2481287634,2.813
630,XS2489627047,1.9
631,XS2489287354,2.259
632,XS2487770104,1.833
633,XS2488800405,1.836
634,XS2484502823,5.056
635,XS2486282358,3.094
636,XS2479941572,2.05
637,XS2479942034,2.469
638,XS2487016250,2.47
639,XS2486839298,2.47
640,XS2446008083,1.636
641,XS2479941499,1.618
642,IT0005495889,1.759
643,DE000SLB4SA6,1.833
644,FR001400AOL7,2.079
645,XS2480543102,2.155
646,FR001400AO14,2.63
647,XS2486449072,1.466
648,XS2486461010,2.179
649,XS2486461523,3.246
650,XS2486461283,2.95
651,FI4000523287,
652,XS2485553866,2.091
653,ES0413860802,1.771
654,FR001400AJT0,1.993
655,XS2484339499,1.964
656,XS2485265214,3.155
657,XS2485537828,
658,DE000HCB0BL1,1.472
659,XS2484340075,2.792
660,XS2485162163,2.375
661,XS2485152362,2.141
662,FR001400AKP6,2.805
663,XS2484586669,0.522
664,FR001400AJW4,1.861
665,XS2482936247,2.217
666,AT000B049911,1.528
667,XS2484327999,1.992
668,FR001400AJY0,3.344
669,XS2484111047,2.207
670,XS2482887879,2.851
671,FR001400AJX2,2.328
672,XS2481285349,1.569
673,FR001400AFN1,2.448
674,XS2478685931,2.362
675,FR001400AFL5,1.959
676,XS2480515662,2.174
677,FR001400AFO9,2.962
678,XS2482618464,2.53
679,BE0002859404,1.52
680,XS2482628851,1.691
681,FI4000522974,
682,XS2475919663,2.59
683,XS2480961015,
684,XS2480958904,1.723
685,FR001400AF72,2.471
686,DE000A30VH59,2.04
687,XS2473687106,
688,NL0015000WP1,1.945
689,XS2480519656,2.328
690,FR001400ABK6,1.797
691,AT0000A2VXQ0,1.652
692,FR001400A9N7,1.702
693,XS2478521151,1.673
694,XS2478690931,1.876
695,XS2478299204,2.211
696,XS2478272938,1.829
697,XS2477935345,1.748
698,XS2478299386,2.478
699,XS2478299469,2.866
700,DE000BHY0SB0,1.769
701,XS2477154871,2.147
702,DE000SCB0039,1.651
703,FR001400A5N5,1.302
704,FR001400A5M7,1.939
705,AT0000A2XLB3,1.372
706,FR0014009YC1,2.455
707,XS2475502832,2.419
708,FR0014009YD9,1.882
709,FR001400A2T9,1.774
710,FR001400A2U7,1.399
711,FR001400A3G4,2.629
712,XS2471770862,3.721
713,XS2473346299,2.038
714,AT0000A2XLD9,1.416
715,XS2472651632,1.052
716,XS2472845911,1.832
717,AT0000A2XLA5,1.334
718,XS2472603740,2.223
719,XS2469466390,1.373
720,DE000A3T0X22,0.312
721,AT0000A2XG57,1.482
722,DE000MHB30J1,1.292
723,DE000A11QJM4,1.345
724,DE000A3T0YH5,1.07
725,XS2468221747,1.18
726,SK4000020673,1.208
727,XS2468129429,1.241
728,FR0014009OM1,1.152
729,BE0002850312,3.072
730,FR0014009O88,1.178
731,FR0014009L57,1.563
732,FR0014009LQ8,2.118
733,XS2466426215,1.172
734,XS2466350993,1.952
735,XS2465792294,2.534
736,XS2466172363,1.717
737,XS2466172280,1.33
738,FR0014009KQ0,1.302
739,FR0014009KS6,0.903
740,AT0000A2WVQ2,
741,XS2465609191,1.021
742,XS2465142755,1.049
743,DE000A3MQXZ2,1.646
744,XS2464732770,2.762
745,XS2463967286,1.079
746,XS2464405229,
747,XS2448335351,2.624
748,XS2463711643,2.156
749,XS2464091029,1.086
750,XS2463934864,2.731
751,XS2441247041,1.397
752,XS2441244535,0.802
753,XS2449330179,1.164
754,XS2463702907,1.021
755,XS2463974571,0.641
756,XS2463518998,1.646
757,FR0014009E07,2.471
758,XS2463505581,0.919
759,FR0014009DZ6,1.89
760,FR0014009EI0,0.454
761,FR0014009EJ8,0.901
762,BE0002846278,1.527
763,XS2462455689,0.825
764,XS2462321303,1.298
765,XS2462321485,1.606
766,DE000A3MQS72,2.489
767,XS2462321212,0.903
768,XS2462466611,1.539
769,DE000A3MQS56,1.523
770,DK0030506886,3.122767
771,DE000A3MQS64,2.029
772,XS2462468740,2.072
773,CH1174335732,2.177
774,XS2461741212,0.864
775,CH1174335740,2.916
776,XS2455392584,
777,DE000A14J0N7,0.559
778,XS2460043743,0.727
779,FR0014009A50,1.022
780,CH1168499791,1.109
781,XS2442748385,0.723
782,FR00140098T5,0.753
783,XS2459163619,1.813
784,SK4000020491,0.938
785,XS2459544339,1.897
786,XS2450391581,0.644
787,XS2457496359,1.622
788,IT0005489932,0.777
789,XS2458285355,1.548
790,XS2457002538,0.495
791,DE000CZ45W16,0.508
792,XS2456253082,0.338
793,FR00140095D5,0.625
794,XS2454011839,0.43
795,FR0014008RV7,0.935
796,AT0000A2VL52,0.814
797,XS2451372499,1.29
798,XS2449911143,1.419
799,BE6333477568,0.808
800,FR0014008RP9,0.644
801,FR0014008PK4,1.698
802,DE000A2YNWA1,0.676
803,FR0014008JQ4,2.595
804,XS2447539060,1.694
805,FR0014008MT2,1.245
806,XS2448001813,1.099
807,XS2444424639,1.023
808,XS2447983813,1.394
809,XS2446284783,0.761
810,XS2448014808,1.041
811,XS2447561403,0.599
812,FR0014008JP6,0.805
813,DE000A3MP619,0.775
814,XS2447564332,1.051
815,XS2443485565,1.345
816,FR0014008FH1,0.92
817,FR0014008E08,0.637
818,XS2443893255,1.15
819,XS2444281260,0.969
820,XS2444286145,1.388
821,XS2440678915,0.748
822,FR00140087C4,1.055
823,XS2441296923,0.555
824,XS2442765124,1.326
825,XS2442764747,0.979
826,XS2442768227,0.834
827,XS2441574089,1.235
828,DE000SLB4253,0.345
829,FR00140082Z6,1.728
830,XS2441055998,0.558
831,XS2439004685,1.571
832,XS2439004412,1.092
833,XS2440690456,0.852
834,XS2437455277,0.368
835,FR0014008066,0.215
836,XS2438615606,0.297
837,XS2438616240,0.945
838,XS2413672234,2.582
839,XS2430442868,1.916
840,XS2436160936,0.161
841,DE000MHB29J3,0.218
842,XS2436160779,
843,XS2430951744,0.184
844,XS2435783613,0.209
845,FR0014007VS7,0.489
846,XS2436159847,0.186
847,FR0014007VP3,1.048
848,DE000BHY0GN0,0.412
849,FR0014007VF4,0.467
850,DE000LB2ZSM3,0.209
851,BE0002838192,1.03
852,XS2435570895,0.634
853,XS2432361421,0.991
854,XS2435603571,0.695
855,XS2435611244,1.509
856,XS2435614693,0.398
857,BE0002839208,0.8082
858,XS2434702424,
859,XS2434763483,2.177
860,XS2434412859,0.411
861,XS2434787235,1.261
862,XS2434791690,0.942
863,XS2432544349,1.074
864,FR0014007QT5,0.388
865,XS2433206740,0.943
866,XS2430387875,
867,XS2430287529,1.207
868,XS2412556461,
869,XS2433361719,1.061
870,DE000A3T0X97,0.318
871,XS2433226854,1.271
872,FR0014007NF1,1.057
873,IT0005481046,0.466
874,FR0014007QS7,0.053
875,XS2430287362,2.085
876,DE000HCB0BH9,0.075
877,IT0005481038,0.783
878,XS2433211310,0.829
879,XS2433126807,0.086
880,XS2432567555,
881,XS2433141947,1.646
882,XS2433135543,1.589
883,XS2433240764,0.598
884,XS2431318802,1.742
885,XS2432565005,1.105
886,DE000AAR0322,0.874
887,XS2431318711,0.669
888,XS2431319107,2.137
889,FR0014007Q96,0.828
890,FR0014007PX9,0.392
891,FR0014007PY7,0.667
892,XS2432565187,2.041
893,XS2432293913,1.306
894,DE000A3MQNQ2,1.576
895,BE6332786449,1.686
896,FR0014007PV3,0.74
897,XS2432530637,0.586
898,FR0014007PW1,1.176
899,BE6332787454,2.322
900,DE000A3MQNP4,1.017
901,XS2431320378,1.0
902,XS2432293673,0.295
903,XS2432502008,0.514
904,XS2432293756,1.027
905,DE000A3MQNN9,0.518
906,XS2430285077,0.064
907,FR0014007MK3,1.146
908,FR0014007LP4,0.848
909,DE000CZ45WY7,0.315
910,XS2430284930,0.44
911,XS2430970884,0.832
912,XS2430998893,
913,FR0014007LL3,0.63
914,FR0014007LM1,1.116
915,AT0000A2UXN9,0.052
916,FR0014007LK5,0.998
917,AT0000A2UXM1,0.078
918,DE000AAR0314,0.195
919,XS2421195848,0.766
920,XS2421186268,-0.004
921,FR0014006ZC4,0.735
922,XS2421006201,0.427
923,XS2411311652,0.399
924,XS2411311579,0.082
925,XS2418730995,0.165
926,FR0014006WB3,0.243
927,FR0014006TQ7,1.802
928,FR0014006XE5,0.068
929,BE0002832138,0.349
930,XS2414830963,0.931
931,XS2416413339,0.452
932,ES0380907040,1.015
933,FR0014006NI7,0.619
934,XS2415386726,0.738
935,FR0014006UI2,-0.115
936,XS2416563901,0.212
937,FR0014006UO0,1.198
938,XS2410368042,0.875
939,XS2411720233,0.467
940,XS2412044641,1.077
941,XS2412732708,1.888
942,XS2412044567,0.528
943,XS2412105533,-0.087
944,XS2412258522,0.987
945,XS2411726438,0.851
946,XS2411166973,0.897
947,XS2411638575,0.237
948,BE0002831122,0.696
949,XS2407969885,
950,XS2409134371,0.316
951,DE000MHB27J7,0.033
952,BE0002830116,0.903
953,XS2407955827,0.501
954,XS2406578059,0.04
955,XS2407985220,0.067
956,FR0014006IV0,0.176
957,XS2406890066,0.984
958,XS2407357768,0.176
959,XS2407027031,1.845
960,FR0014006G24,1.109
961,XS2406913884,-0.117
962,XS2406915236,0.934
963,XS2406549464,
964,XS2406914346,0.318
965,XS2407010656,0.702
966,XS2405875480,0.338
967,XS2406010285,0.282
968,FR0014006FE2,0.52
969,XS2402009539,-0.089
970,FR0014006F01,
971,BE6331562817,0.992
972,XS2402178300,0.755
973,CH1142231690,0.882
974,FR0014006CS9,0.528
975,XS2404591161,0.095
976,XS2404629235,0.175
977,CH1142231682,0.358
978,XS2404651163,1.019
979,XS2402178565,1.092
980,DE000HCB0BC0,0.116
981,FR0014006C10,1.039
982,XS2404214020,0.927
983,XS2404213485,0.366
984,XS2404027935,0.253
985,XS2403444677,0.55
986,XS2403533263,1.071
987,DE000BLB6JL6,0.141
988,IT0005461626,0.676
989,XS2402064559,0.095
990,FR00140067I3,0.118
991,DE000A3T0X22,0.312
992,XS2388377827,0.258
993,FR0014005ZP8,0.552
994,DE000LB2V833,0.498
995,XS2400997131,0.096
996,XS2401439174,0.015
997,FR00140065E6,0.946
998,XS2398807383,
999,XS2395267052,0.277
1000,XS2400445289,0.541
1001,DK0004133139,
1002,DK0004132677,0.17481
1003,FR0014005ZQ6,1.124
1004,FR00140060E7,0.622
1005,XS2399154181,0.954
1006,FR0014006268,0.616
1007,XS2393768788,0.048
1008,FR0014006276,-0.023
1009,XS2399933386,1.077
1010,XS2398745849,0.163
1011,XS2398745922,1.007
1012,XS2398746144,1.659
1013,DE000BHY0H34,0.133
1014,XS2397372850,-0.142
1015,XS2397367421,
1016,DE000CZ45WU5,0.099
1017,XS2397252102,1.043
1018,ES0243307016,
1019,XS2397077426,0.159
1020,XS2397252011,1.641
1021,XS2397239000,0.254
1022,XS2396616455,0.051
1023,XS2397352233,-0.181
1024,XS2393539593,0.763
1025,DE000A1KRJV6,0.074
1026,XS2388941077,0.416
1027,FR0014005SR9,1.848
1028,XS2394063437,0.537
1029,XS2393701284,0.512
1030,FR0014005OK3,0.395
1031,XS2393661397,-0.158
1032,XS2393762070,0.334
1033,XS2393701953,1.036
1034,BE6331175826,0.572
1035,FR0014005SC1,0.343
1036,XS2391348740,0.095
1037,XS2393518910,0.027
1038,XS2393236000,0.405
1039,XS2391430837,0.893
1040,XS2393236695,0.948
1041,XS2393080077,0.319
1042,XS2391570418,0.048
1043,FR0014005OL1,0.083
1044,XS2390837495,-0.198
1045,AT0000A2T487,0.016
1046,FR0014005N34,0.084
1047,XS2392593161,0.365
1048,FR0014005MV4,0.521
1049,XS2390506546,
1050,AT0000A2T4M8,-0.082
1051,XS2390400633,0.064
1052,XS2391343196,-0.115
1053,XS2390400716,0.388
1054,XS2391406530,0.365
1055,XS2390400807,0.915
1056,XS2390530330,0.64
1057,XS2390546849,1.566
1058,XS2389362687,-0.069
1059,IT0005459067,
1060,XS2389757944,0.286
1061,XS2388084480,
1062,BE0002818996,1.117
1063,DE000A3E5VX4,0.735
1064,XS2388390689,0.44
1065,DE000NLB3UX1,-0.305
1066,XS2388876232,
1067,XS2388390507,-0.067
1068,XS2388182573,0.519
1069,XS2360041474,0.591
1070,XS2388183381,1.012
1071,PTCGDCOM0037,
1072,XS2386592567,0.509
1073,DE000HCB0A86,
1074,XS2386592484,0.22
1075,XS2388449758,0.529
1076,XS2387735470,0.955
1077,XS2384373341,1.841
1078,FR0014005H24,0.113
1079,XS2385390724,0.659
1080,XS2385389551,0.182
1081,XS2384274440,0.421
1082,XS2384734542,0.265
1083,XS2387052744,0.935
1084,XS2387060259,
1085,XS2386877133,0.33
1086,XS2386650274,0.901
1087,CH1130818847,0.553
1088,XS2386592138,-0.027
1089,XS2386592302,0.424
1090,AT0000A2SUL3,-0.132
1091,XS1419674525,1.554
1092,DE000AAR0306,-0.171
1093,XS2385790667,0.313
1094,XS2386287762,-0.233
1095,AT0000A2SUH1,0.351
1096,XS2386287689,0.75
1097,XS2385393587,2.106
1098,XS2385393405,1.192
1099,FR0014005E35,-0.174
1100,XS2383811424,1.847
1101,AT0000A2STT8,-0.188
1102,XS2384697830,0.57
1103,XS2384413311,0.366
1104,BE6330288687,0.763
1105,XS2383886947,0.107
1106,XS2381560411,0.294
1107,XS2384580218,
1108,XS2382953789,0.457
1109,ES0265936023,0.521
1110,XS2379637767,
1111,XS2384274366,0.682
1112,XS2384269366,0.887
1113,XS2384273715,0.604
1114,XS2384269101,0.316
1115,XS2382849888,
1116,DE000A3MP4S3,0.241
1117,DE000A3MP4U9,0.366
1118,DE000A3MP4V7,0.802
1119,XS2345317510,0.091
1120,DE000A3MP4T1,0.065
1121,DE000A3MP4W5,1.715
1122,XS2381873384,0.862
1123,XS2381362966,0.255
1124,XS2381853279,0.287
1125,XS2381599898,0.09
1126,XS2381853436,0.867
1127,DE000AAR0298,0.07
1128,DE000A3E5K73,-0.375
1129,DE000BHY0HZ2,-0.4
1130,XS2374595044,0.194
1131,XS2374594823,0.49
1132,XS2374595127,0.026
1133,XS2369906644,0.901
1134,FR0014004UE6,1.009
1135,DE000NWB0AN7,-0.052
1136,FR0014004R72,0.586
1137,FR0014004QX4,0.156
1138,FR0014004QI5,1.063
1139,XS2366741770,0.056
1140,DE000LB2V7C3,0.274
1141,XS2365097455,0.98
1142,FR0014004KP3,-0.16
1143,XS2364756036,0.023
1144,XS2363719050,
1145,XS2364001078,0.672
1146,XS2363203675,1.985
1147,DE000A3KPTG6,1.032
1148,DE000A289LU4,0.291
1149,XS2361047454,1.288
1150,XS2363117321,0.348
1151,EU000A1G0EL5,-0.317
1152,FR0014004I65,-0.23
1153,ES0239140033,0.916
1154,FR0014004EJ9,-0.107
1155,XS2291340433,0.822
1156,FR0014004GE5,0.266
1157,XS2360599281,0.03
1158,FR0014004FR9,0.587
1159,IT0005451759,0.039
1160,XS2360881549,0.831
1161,XS2361358539,
1162,XS2361358299,0.493
1163,XS2360589217,0.048
1164,XS2360310044,
1165,XS2358231798,0.758
1166,AT0000A2RZH2,0.174
1167,XS2354685575,0.361
1168,XS2357951164,1.144
1169,DE000A3E5VK1,0.802
1170,FR0014004A06,0.822
1171,FR00140049Z5,-0.004
1172,FR00140049N1,0.136
1173,XS2358287238,0.05
1174,FR00140049A8,0.994
1175,XS2358724123,0.207
1176,XS2358471246,0.524
1177,DE000A3E5QW6,0.303
1178,XS2357417257,
1179,FR0014004750,0.287
1180,XS2349343090,0.773
1181,XS2355632741,1.421
1182,XS2357205587,0.398
1183,FR00140044X1,0.792
1184,AT0000A2RY95,0.144
1185,XS2356076625,1.216
1186,ES0239140025,0.884
1187,XS2356029541,0.587
1188,XS2356030556,1.341
1189,XS2356049069,0.404
1190,XS2356040357,0.764
1191,XS2356041165,1.362
1192,XS2355599197,0.204
1193,XS2353478063,0.616
1194,XS2354444379,1.145
1195,XS2354569407,0.583
1196,XS2352405216,0.499
1197,XS2354444023,0.11
1198,XS2354246816,0.497
1199,XS2353366268,0.951
1200,XS2353182020,0.183
1201,XS2353182293,0.531
1202,XS2353182376,1.015
1203,FI4000466412,-0.274
1204,BE0002803840,0.345
1205,FR0014003Z81,0.107
1206,XS2344735811,0.396
1207,XS2353312254,0.161
1208,DE000A3KSGM5,-0.033
1209,XS2348408514,1.041
1210,XS2350632472,0.284
1211,XS2350621863,-0.054
1212,XS2350746215,0.668
1213,XS2350744434,0.992
1214,XS2351220814,0.766
1215,XS2351092478,0.655
1216,XS2351089508,0.056
1217,DE000A3E5L98,0.299
1218,BE6328785207,0.418
1219,XS2348030425,0.21
1220,XS2348030268,-0.222
1221,XS2348325650,1.151
1222,XS2348325494,0.584
1223,XS2348324414,0.007
1224,XS2348325221,0.147
1225,FR0014003S72,1.057
1226,XS2346124410,0.488
1227,FR0014003SA0,0.684
1228,XS2348638433,1.057
1229,FR0014003Q41,0.033
1230,XS2348237871,1.563
1231,AT0000A2RK00,0.575
1232,FR0014003RH7,0.152
1233,BE0002799808,0.792
1234,XS2347367018,1.471
1235,XS2344569038,0.951
1236,XS2346973741,1.593
1237,XS2346986990,0.19
1238,XS2340538680,0.919
1239,FR0014003N69,0.461
1240,XS2345996743,1.066
1241,XS2344385815,0.98
1242,XS2345845882,0.124
1243,XS2346253730,
1244,XS2346206902,0.489
1245,XS2346208197,1.307
1246,DE000SLB4238,0.215
1247,XS2346207892,0.885
1248,AT000B093547,0.614
1249,XS2345982362,0.296
1250,FR0014003MI6,1.442
1251,XS2345315142,1.452
1252,FR0014003MJ4,0.778
1253,XS2343850033,0.999
1254,XS2343563214,0.338
1255,XS2343822503,0.72
1256,XS2343510520,0.554
1257,XS2343821794,0.057
1258,XS2343822842,0.401
1259,XS2343540519,0.625
1260,XS2342706996,0.11
1261,AT0000A2RAA0,0.236
1262,DK0030485271,0.147
1263,FR0014003GX7,1.066
1264,XS2342589582,
1265,DK0030486592,1.6
1266,XS2342227837,1.045
1267,DK0030486402,0.755
1268,XS2342058117,0.809
1269,XS2341269970,1.21
1270,XS2341719503,-0.115
1271,XS2340854848,0.122
1272,FR0014003BW0,0.099
1273,DE000A14J0M9,0.133
1274,XS2338955805,0.195
1275,DE000LB2V5T1,0.469
1276,XS2338561348,0.572
1277,DE000MHB28J5,0.325
1278,EU000A1Z99P9,0.029
1279,DE000BLB6JK8,0.055
1280,XS2338355014,1.01
1281,XS2337335710,-0.033
1282,XS2332552541,1.652
1283,XS2332689764,0.773
1284,XS2332689418,0.146
1285,XS2332689681,0.49
1286,US31428XCB01,
1287,DE000A3E5S00,0.77
1288,US31428XCC83,
1289,FR00140033E4,-0.065
1290,XS2331921390,1.59
1291,XS2333391303,-0.04
1292,XS2333391485,0.859
1293,XS2333649759,0.152
1294,XS2333658073,-0.224
1295,XS2333297625,0.741
1296,FR0014003182,0.482
1297,DE000BHY0SL9,0.411
1298,DE000A3H2TQ6,-0.107
1299,XS2328980979,-0.01
1300,XS2328981431,0.336
1301,XS2332687040,1.854
1302,XS2332592760,0.147
1303,XS2332186001,0.505
1304,XS2332179725,0.08
1305,XS2331271242,0.736
1306,XS2331315635,0.509
1307,XS2329143510,0.184
1308,XS2331216577,0.199
1309,FR0014002X50,-0.102
1310,BE6327721237,1.564
1311,XS2328418186,0.756
1312,XS2329144591,0.843
1313,XS2328625723,-0.283
1314,XS2328823104,1.247
1315,FR0014002S57,0.062
1316,DE000A3H25Q2,1.425
1317,DE000A3H25P4,0.645
1318,XS2327299298,0.295
1319,XS2327298217,-0.021
1320,XS2327299884,0.842
1321,XS2324724645,1.925
1322,XS2327420977,0.656
1323,FR0014002QG3,1.698
1324,XS2326546350,0.538
1325,XS2326546434,0.029
1326,FR0014002O10,2.125
1327,XS2324722607,1.034
1328,XS2325743990,1.38
1329,XS2323295563,0.046
1330,FR0014002PC4,1.673
1331,XS2322438990,0.895
1332,FR0014002NR7,0.009
1333,XS2324836878,0.256
1334,XS2325733413,0.709
1335,FI4000496468,1.122
1336,XS2324772453,0.449
1337,AT0000A2QL75,1.052
1338,XS2324321285,
1339,XS2324321368,0.074
1340,XS2324405203,-0.093
1341,FI4000496286,0.9
1342,FR0014002KP7,1.534
1343,DE000A3E5FR9,0.65
1344,FI4000496344,0.097
1345,DE000A3KNP88,0.239
1346,SK4000018693,-0.225
1347,DE000A3KNP96,0.807
1348,DE000A3KNQA0,1.324
1349,DE000BHY0GE9,-0.252
1350,XS2320789014,0.149
1351,XS2320539765,0.416
1352,XS2320747285,0.302
1353,XS2322289385,
1354,XS2322253944,0.754
1355,XS2314267449,0.795
1356,DE000A3H3JU7,0.943
1357,XS2310797696,1.125
1358,XS2320453884,0.609
1359,XS2320459063,1.832
1360,XS2321526480,0.546
1361,AT000B122080,0.987
1362,XS2320438653,0.673
1363,FI4000490602,0.752
1364,XS2317288301,0.417
1365,FR0014002G36,0.818
1366,FR0014002G44,0.28
1367,XS2314657409,0.785
1368,FR0014002FB7,0.034
1369,IT0005437733,0.238
1370,FR0014002FC5,0.433
1371,DE000CB0HRY3,0.112
1372,DE000A3H3JM4,0.815
1373,XS2310411090,1.794
1374,AT0000A2QDQ2,0.045
1375,FR0014002BJ9,0.913
1376,XS2311407352,
1377,XS2312722916,0.309
1378,XS2312584779,0.048
1379,XS2312723138,0.831
1380,XS2308321962,0.106
1381,XS2308322002,0.512
1382,XS2312723302,1.425
1383,DE000MHB64E1,0.444
1384,DE000HCB0AZ3,0.391
1385,FR0014002C30,0.122
1386,XS2307864020,1.041
1387,XS2307863642,0.247
1388,XS2307863998,0.583
1389,XS2308586911,0.233
1390,XS2304340263,
1391,XS2308298962,0.473
1392,AT000B066907,0.282
1393,XS2304340693,
1394,XS2308616841,0.519
1395,XS2307853098,
1396,XS2307764311,1.364
1397,XS2307764238,0.822
1398,NL00150008B6,
1399,XS2306988564,0.544
1400,XS2307768734,0.628
1401,XS2306986782,0.135
1402,FR00140027U2,
1403,XS2307573993,-0.041
1404,XS2303070911,0.397
1405,XS2306851853,0.627
1406,XS2306220190,0.046
1407,XS2306517876,
1408,XS2305600723,0.087
1409,CH0595205524,0.328
1410,CH0595205532,0.741
1411,DK0030484548,0.445
1412,XS2305244241,0.328
1413,DE000A3H2457,-0.192
1414,DE000A3H2465,0.194
1415,XS2303927227,0.373
1416,FR00140022B3,0.202
1417,XS2303089697,0.098
1418,XS2303052695,0.813
1419,XS2300292963,1.441
1420,XS2301127119,0.868
1421,XS2300292617,0.887
1422,XS2301390089,2.009
1423,XS2300293003,2.183
1424,XS2190256706,0.765
1425,FR0014001ZD3,0.138
1426,DE000A289LU4,0.291
1427,XS2190256706,0.765
1428,PTBCPHOM0066,
1429,XS2299002423,0.587
1430,XS2299001888,0.163
1431,XS2297882644,0.155
1432,XS2298304499,0.221
1433,FR0014001YB0,1.9
1434,FR0014001YE4,0.803
1435,DE000BLB6JJ0,0.216
1436,XS2296206068,1.028
1437,BE6326767397,-0.135
1438,XS2297549391,
1439,XS2296204444,0.537
1440,XS2297177664,0.289
1441,XS2294495838,2.937
1442,DE000A3H2TK9,-0.25
1443,DE000NWB0AL1,-0.229
1444,FR0014001QL5,-0.215
1445,DE000A3H2ZX9,0.1
1446,XS2292547317,0.579
1447,XS2292487076,0.434
1448,BE0002767482,0.232
1449,XS2292486771,-0.038
1450,DE000A287179,1.092
1451,XS2289870938,1.6
1452,AT0000A2N7F1,0.67
1453,XS2282707178,-0.17
1454,XS2291340433,0.822
1455,XS2291901994,-0.29
1456,DE000BHY0C47,-0.217
1457,XS2291788656,-0.128
1458,XS2290544068,
1459,FR0014001MO8,-0.297
1460,AT0000A2N837,0.323
1461,DE000A162BC2,-0.215
1462,FR0014001MN0,0.026
1463,DE000MHB27J7,0.033
1464,XS2289797248,0.905
1465,XS2289593670,-0.19
1466,DK0009404618,
1467,XS2289408440,0.163
1468,XS2288925568,1.011
1469,XS2287624584,0.192
1470,XS2286441964,0.181
1471,XS2281473111,0.119
1472,XS2289133915,0.347
1473,XS2288948859,0.141
1474,XS2289133758,0.862
1475,XS2286442186,0.663
1476,XS2283188683,0.971
1477,FR0014001I68,0.289
1478,FR0014001GV5,-0.188
1479,FR0014001IP3,0.635
1480,XS2286044370,0.089
1481,DE000LB2CW16,0.426
1482,FR0014001I50,-0.021
1483,FR0014001IM0,0.639
1484,FR0014001IO6,0.118
1485,XS2281343686,1.065
1486,XS2281343256,0.455
1487,XS2281343413,0.722
1488,XS2281342878,0.013
1489,XS2282195176,0.689
1490,DE000AAR0280,-0.402
1491,XS2282101539,0.393
1492,XS2282094494,0.274
1493,FR0014001EW8,0.135
1494,XS2282095970,0.572
1495,FR0014001G37,0.325
1496,XS2282093769,0.015
1497,FR0014001G29,0.032
1498,XS2282210231,0.211
1499,XS2280845491,-0.11
1500,XS2280845145,0.246
1501,XS2281155254,
1502,XS2275029085,0.348
1503,FR00140010J1,1.779
1504,FR0014000Y93,0.238
1505,XS2270406452,0.633
1506,XS2264193819,0.872
1507,DE000DFK0GB1,
1508,XS2270142966,0.642
1509,XS2268340010,0.034
1510,FR0014000UL9,0.633
1511,XS2265990452,0.348
1512,BE0002755362,0.258
1513,FR0014000UD6,1.401
1514,ES0305523005,-0.009
1515,XS2265360359,0.707
1516,XS2265801238,
1517,XS2265371042,0.378
1518,FR0014000UC8,0.747
1519,XS2265968284,0.016
1520,BE6325493268,0.957
1521,XS2264978623,-0.21
1522,XS2264712436,-0.1
1523,FR0014000T33,1.696
1524,FR0014000S75,0.364
1525,FR0013537305,0.024
1526,XS2264087110,0.066
1527,FI4000466412,-0.274
1528,FR0014000O87,
1529,FR0014000PF1,-0.059
1530,XS2262802601,-0.277
1531,XS2261215011,0.556
1532,XS2262798494,0.653
1533,XS2262065159,0.189
1534,XS2262065233,0.53
1535,DK0030467105,0.276
1536,XS2260183285,-0.179
1537,XS2159795124,-0.095
1538,XS2259776230,0.041
1539,DE000HCB0AY6,
1540,XS2259865926,-0.025
1541,XS2259867039,0.503
1542,XS2257961818,0.242
1543,XS2259193998,0.174
1544,AT0000A2KW37,0.159
1545,XS2258389415,0.13
1546,FR0014000KT3,0.902
1547,XS2257857834,-0.362
1548,ES0205032040,
1549,XS2251233651,1.143
1550,XS2244415175,1.601
1551,DE000MHB26J9,0.02
1552,XS2251330184,0.185
1553,XS2251626896,0.407
1554,CH0576402181,
1555,FR0014000D56,0.654
1556,FR0014000D49,0.289
1557,FR0014000D31,0.014
1558,FR0014000C81,0.863
1559,FR0014000C73,0.084
1560,ES0205045026,0.955
1561,DE000AAR0272,-0.43
1562,XS2234579675,0.303
1563,XS2250024010,0.471
1564,XS2248827771,1.181
1565,XS2247718435,1.311
1566,FR00140009U0,-0.024
1567,DE000A3H24G6,-0.267
1568,DE000A3H2TW4,0.482
1569,XS2242747348,0.541
1570,XS2242747181,0.155
1571,XS2247549731,1.83
1572,XS2242728041,0.266
1573,XS2243666125,
1574,XS2243983520,0.39
1575,BE6324720299,0.045
1576,FR00140004Q9,-0.027
1577,FR00140005J1,0.412
1578,XS2240511076,-0.043
1579,XS2242921711,0.549
1580,FR00140005C6,1.551
1581,FR00140005T0,0.215
1582,ES0239140017,1.402
1583,XS2243314528,-0.13
1584,BE6324664703,
1585,XS2238292010,-0.291
1586,XS2240494471,1.739
1587,FR00140003P3,0.118
1588,XS2241387096,0.693
1589,XS2241387252,0.214
1590,FR00140003A5,1.713
1591,FR0014000394,0.895
1592,DE000AAR0264,0.57
1593,XS2236283383,0.568
1594,XS2240505268,0.074
1595,XS2239553048,1.286
1596,XS2240507801,2.218
1597,XS2239067379,0.866
1598,XS2238342484,2.179
1599,XS2240063730,0.189
1600,XS2237434472,0.488
1601,XS2237447961,1.148
1602,XS2237901355,0.426
1603,XS2237321190,-0.367
1604,FR0013536950,-0.162
1605,DE000SLB4204,-0.15
1606,XS2148051621,-0.341
1607,XS2236363573,1.985
1608,XS2235996217,0.081
1609,XS2234567233,0.944
1610,DE000CB0HRQ9,
1611,XS2234567662,1.366
1612,XS2234711294,-0.267
1613,NL0015614611,0.081
1614,XS2237434803,3.279
1615,XS2234573710,-0.161
1616,XS2235987224,0.439
1617,XS2235986929,0.116
1618,XS2234568983,-0.279
1619,AT000B049846,0.073
1620,FR0013535820,-0.289
1621,XS2231259305,0.553
1622,XS2231267829,0.717
1623,FR0013535101,
1624,XS2230884657,0.211
1625,FR0013534500,0.979
1626,FR0013535150,1.383
1627,XS2231792586,0.608
1628,XS2231588547,0.115
1629,AT0000A2JAF6,0.11
1630,FR0013534484,0.211
1631,FR0013534674,0.634
1632,XS2231183646,1.773
1633,XS2231165668,1.626
1634,XS2230266301,0.322
1635,XS2230845328,-0.36
1636,FR0013534278,0.201
1637,XS2229470146,0.995
1638,XS2229434852,0.616
1639,XS2227906034,0.068
1640,BE0002728096,0.192
1641,XS2228897158,1.016
1642,XS2227906208,
1643,FR0013533403,-0.262
1644,XS2227905903,
1645,XS2228245838,1.158
1646,FR0013533031,2.877
1647,XS2227050379,0.95
1648,XS2227050023,0.468
1649,XS2226280084,0.242
1650,XS2225890537,1.143
1651,XS2225207468,1.491
1652,XN0000000000,
1653,BE6324012978,0.422
1654,DE000CZ45V82,0.484
1655,FR0013532280,0.603
1656,DE0001789279,-0.465
1657,XS2209023402,0.783
1658,XS2207976783,2.226
1659,XS2207657417,0.251
1660,XS2207857264,0.521
1661,FR0013524865,3.344
1662,XS2199719233,0.155
1663,XS2193733503,1.102
1664,XS2205081966,
1665,XS2199348231,0.052
1666,XS2202744384,2.321
1667,XS2201946634,2.519
1668,DE000A28ZQP7,0.679
1669,DE000A28ZQQ5,1.086
1670,XS2200513070,0.823
1671,XS2199604096,1.436
1672,XS2200175839,1.529
1673,XS2199265617,0.489
1674,XS2199266003,0.865
1675,XS2199266698,1.384
1676,XS2199716304,2.587
1677,XS2199484929,-0.156
1678,XS2199266268,1.134
1679,FR0013522695,0.665
1680,NL0015436072,-0.054
1681,BE6322991462,0.223
1682,FR0013522703,1.16
1683,XS2191358824,0.003
1684,XS2198964178,0.964
1685,FR0013522141,1.649
1686,FR0013522133,1.266
1687,XS2197945251,-0.06
1688,FR0013521960,1.8
1689,XS2197342129,0.135
1690,XS2195096420,1.478
1691,XS2197356186,1.198
1692,XS2196317742,2.076
1693,FR0013521267,2.045
1694,XS2196308758,0.837
1695,XS2195092601,2.353
1696,XS2193956716,0.455
1697,XS2190979489,1.69
1698,XS2194370727,1.133
1699,XS2193857575,3.732
1700,XS2194373077,-0.144
1701,XS2193960668,
1702,FR0013520210,0.222
1703,XS2193734733,1.714
1704,XS2193979254,0.701
1705,XS2126084750,
1706,XS2194283839,1.737
1707,XS2193657561,1.225
1708,XS2194282948,0.807
1709,XS2192431380,0.411
1710,XS2193978363,0.294
1711,XS2194283672,1.224
1712,XS2194192527,2.152
1713,XS2193666042,0.38
1714,FR0013519071,1.176
1715,FR0013519279,1.681
1716,FR0013519568,-0.05
1717,XS2191438857,
1718,XS2193654386,1.397
1719,SK4000017455,-0.022
1720,XS2191013171,1.529
1721,XS2193666125,0.957
1722,XS2191509038,0.464
1723,FR0013519048,0.648
1724,XS2193658619,1.988
1725,XS2190256706,0.765
1726,FR0013518420,2.64
1727,FR0013518537,1.38
1728,XS2190255211,0.643
1729,XS2177443343,1.767
1730,FR0013518081,1.549
1731,BE0974365976,0.97
1732,PTGALCOM0013,2.048
1733,XS2190134184,
1734,XS2189964773,-0.015
1735,FR0013518057,1.306
1736,XS2189614014,0.139
1737,XS2189613982,0.803
1738,XS2189592616,1.386
1739,FR0013517059,0.8
1740,DE000LB2CTH0,-0.188
1741,XS2188805845,1.447
1742,XS2188805688,0.943
1743,FR0013517711,0.08
1744,FR0013517190,0.484
1745,FR0013517307,
1746,FR0013517026,0.395
1747,XS2187529180,1.659
1748,XS2186093410,0.074
1749,XS2187525949,0.397
1750,DK0009529901,0.623
1751,XS2132337697,0.978
1752,XS2185867913,1.7
1753,XS2185867830,1.402
1754,XS2185868051,2.426
1755,DE000A289DB1,0.101
1756,DE000A289DC9,0.283
1757,FR0013516176,0.334
1758,XS2182067350,2.344
1759,FR0013515871,1.564
1760,XS2182404298,0.855
1761,BE0002707884,-0.188
1762,BE0002699800,
1763,FR0013515715,0.049
1764,FR0013515749,1.323
1765,XS2180509999,1.732
1766,XS2180510732,1.279
1767,FR0013514502,0.053
1768,XS2180007549,1.61
1769,XS2180009081,2.604
1770,XS2178769159,1.528
1771,XS2180008513,2.069
1772,XS2178957077,1.981
1773,XS2179959817,2.001
1774,XS2178769076,1.103
1775,XS2170736263,1.149
1776,XS2170736180,0.765
1777,XS2175967343,1.607
1778,XS2178585423,2.259
1779,XS2178457425,1.721
1780,XS2178586157,2.714
1781,XS2178833427,0.849
1782,XS2178833690,1.445
1783,XS2177442295,1.807
1784,DE000A289XJ2,2.125
1785,XS2177122624,0.764
1786,DE000A289XG8,2.397
1787,XS2177555062,2.892
1788,XS2177122541,0.467
1789,DE000A289XH6,1.68
1790,XS2177552390,2.526
1791,XS2177122897,1.014
1792,XS2177441990,1.2
1793,FR0013513538,0.792
1794,XS2177013336,0.471
1795,XS2176562812,2.414
1796,XS2176710510,-0.038
1797,ES0205032032,
1798,XS2176534282,0.35
1799,XS2176686546,0.495
1800,XS2176715667,0.488
1801,XS2176715311,0.027
1802,XS2176715584,0.23
1803,XS2176558620,1.573
1804,XS2176569312,1.618
1805,DE000A289NX4,0.702
1806,XS2176534795,0.782
1807,XS2176605306,0.952
1808,FR0013512969,1.053
1809,FR0013512944,2.824
1810,DE000NWB2MC1,-0.009
1811,XS2170362326,-0.008
1812,XS2171875839,3.184
1813,XS2171872570,3.155
1814,XS2170362912,0.534
1815,XS2173114542,0.601
1816,XS2169243479,0.48
1817,XS2171759256,2.45
1818,XS2170362672,0.219
1819,XS2171713006,1.113
1820,FR0013512381,0.298
1821,FR0013512449,1.28
1822,XS2171253912,0.535
1823,FR0013512407,0.824
1824,XS2171210862,0.481
1825,FR0013512233,2.118
1826,XS2171316859,0.71
1827,XS2168625544,
1828,XS2168630205,1.761
1829,XS2168625460,
1830,XS2168647357,1.447
1831,XS2168629967,1.271
1832,XS2168285000,0.888
1833,FR0013511227,0.93
1834,XS2166122486,0.849
1835,XS2166754957,1.49
1836,FR0013511615,-0.036
1837,XS2166122304,0.548
1838,XS2168307333,0.825
1839,XS2166755509,2.049
1840,XS2166219720,0.637
1841,FR0013511151,0.76
1842,FR0013511169,1.065
1843,DE000A289NF1,1.696
1844,FR0013510823,2.636
1845,XS2167002521,0.757
1846,DE000A289NE4,1.226
1847,XS2164646304,2.075
1848,FR0013510476,0.169
1849,XS2166619663,1.398
1850,XS2166619820,1.821
1851,FR0013510179,3.042
1852,FR0013509627,2.115
1853,FR0013509726,0.723
1854,FR0013509643,2.625
1855,BE6321529396,1.009
1856,XS2160857798,1.077
1857,XS2159791990,1.982
1858,XS2126170161,1.648
1859,XS2123371887,1.606
1860,XS2126169742,
1861,XS2149270477,0.821
1862,FR0013508694,1.395
1863,FR0013508686,0.727
1864,FR0013508710,1.242
1865,XS2158559539,0.296
1866,DE000A28V301,2.616
1867,DE000A28V319,3.461
1868,BE6321076711,1.713
1869,XS2156607702,0.723
1870,PTEDPNOM0015,1.719
1871,XS2156787090,1.329
1872,XS2154325489,3.525
1873,XS2156598281,1.691
1874,XS2156236452,2.28
1875,XS2157121414,1.584
1876,FR0013507704,1.25
1877,XS2156787173,1.844
1878,XS2156236296,2.004
1879,FR0013507654,1.217
1880,FR0013507456,
1881,XS2156583259,2.637
1882,XS2156581394,2.007
1883,FR0013507449,
1884,XS2156244043,2.431
1885,XS2156506854,1.357
1886,XS2155365641,3.508
1887,XS2155486942,4.009
1888,XS2153597518,3.228
1889,XS2135797202,1.876
1890,XS2154347293,1.68
1891,XS2154347707,2.021
1892,XS2153593103,2.501
1893,XS2135801160,2.822
1894,FR0013506862,1.086
1895,FR0013506813,2.164
1896,FR0013506870,0.16
1897,XS2154348424,2.423
1898,XS2154336338,2.596
1899,FR0013506821,2.744
1900,XS2154325562,2.083
1901,XS2135799679,2.519
1902,XS2152883406,3.074
1903,FR0013506532,1.802
1904,FR0013506508,0.808
1905,XS2153409029,1.994
1906,XS2153410977,2.305
1907,XS2153406868,1.491
1908,FR0013506524,1.259
1909,FR0013506516,1.327
1910,XS2152329053,1.766
1911,FR0013506300,1.717
1912,DE000A289RN6,2.712
1913,XS2152795709,1.72
1914,XS2152796426,2.473
1915,XS2152796269,2.051
1916,FR0013506292,1.266
1917,DE000A28VQD2,2.374
1918,DE000A28VQC4,1.669
1919,BE6320934266,2.15
1920,BE6320936287,3.737
1921,XS2152062209,3.088
1922,BE6320935271,2.876
1923,XS2152058868,2.579
1924,XS2152061904,3.453
1925,XS2150158405,0.15
1926,FR0013505559,1.022
1927,XS2150054372,2.498
1928,XS2150053721,1.78
1929,FR0013505625,2.303
1930,XS2150015555,1.836
1931,FR0013505542,1.279
1932,FR0013505633,2.962
1933,XS2150006307,1.871
1934,FR0013505567,1.47
1935,XS2150006562,2.239
1936,XS2150006133,1.375
1937,XS2147995372,2.541
1938,XS2147977636,2.304
1939,FR0013505260,2.703
1940,XS2147977479,1.678
1941,XS2149280948,2.063
1942,XS2149368529,1.469
1943,XS2147994995,1.718
1944,XS2147995299,2.148
1945,XS2149379211,2.089
1946,FR0013505096,0.258
1947,XS2148390755,1.599
1948,XS2134245138,1.913
1949,XS2147889690,2.539
1950,FR0013505112,1.578
1951,FR0013505104,1.057
1952,XS2148372696,1.226
1953,FR0013504677,1.789
1954,FR0013504693,2.221
1955,FR0013504644,1.445
1956,XS2146198739,0.335
1957,XS2141192182,0.188
1958,FR0013499977,0.252
1959,XS2143036718,0.144
1960,FR0013495181,0.571
1961,XS2133386685,-0.237
1962,XS2133390521,0.039
1963,FR0013494168,0.329
1964,XS2133071774,0.682
1965,XS2133077383,-0.179
1966,XS2116701348,0.87
1967,XS2010032535,0.661
1968,XS2010032709,0.329
1969,XS2126094049,0.779
1970,XS2126093744,0.061
1971,DE000CZ45VS1,-0.105
1972,XS2126056204,-0.12
1973,XS2126058168,
1974,ES0413900590,-0.269
1975,FR0013487071,0.054
1976,ES0413900608,0.115
1977,XS2125123039,0.96
1978,XS2125145867,0.884
1979,XS2115092954,0.581
1980,DE000A2LQSP7,0.013
1981,XS2124046918,0.201
1982,XS2124046678,0.027
1983,FR0013486701,0.17
1984,XS2116728895,1.744
1985,XS2118213888,0.645
1986,FR0013484458,0.546
1987,XS2118273601,0.509
1988,XS2121207828,0.541
1989,XS2118276026,0.268
1990,XS2118280218,0.015
1991,XS2121417989,1.652
1992,XS2118276539,-0.145
1993,DE000BHY0B14,-0.201
1994,XS2117435904,1.666
1995,XS2118204200,0.688
1996,XS2117454871,0.908
1997,XS2116740676,0.032
1998,XS2117452156,0.281
1999,XS2117462627,-0.118
2000,XS2114807691,0.133
2001,XS2114852721,1.384
2002,FR0013482890,0.331
2003,FR0013482825,0.068
2004,FR0013482817,-0.069
2005,SW2114852218,
2006,FR0013482841,0.449
2007,XS2114852564,0.764
2008,FR0013482833,0.231
2009,XS2115094737,0.391
2010,XS2115085230,-0.021
2011,FR0013482189,0.381
2012,DE000A254YU1,-0.145
2013,XS2113889351,0.574
2014,XS2113885011,0.423
2015,XS2100269328,-0.019
2016,XS2113700921,0.59
2017,FR0013481207,0.023
2018,DE000A2YNZ16,0.078
2019,DE000MHB61N8,0.5
2020,FR0013479748,0.292
2021,CH0520042489,0.362
2022,BE6318702253,1.07
2023,XS2109806369,0.288
2024,BE0002682632,0.165
2025,BE0002681626,
2026,XS2109608724,1.31
2027,XS2079316753,
2028,FR0013479276,0.752
2029,XS2107315470,0.641
2030,XS2107332640,0.996
2031,XS2021173922,0.074
2032,XS2106563161,0.082
2033,DE000CZ45VM4,0.968
2034,XS2106056653,0.366
2035,FR0013477924,0.114
2036,DE000A2YNVY3,0.101
2037,FR0013477940,0.529
2038,XS2105779719,0.104
2039,AT000B049796,0.268
2040,XS2105772201,1.131
2041,FR0013478047,0.063
2042,XS2104915207,0.053
2043,XS2104915033,0.19
2044,XS2104967695,1.221
2045,ES0413860745,0.245
2046,XS2104968404,1.842
2047,FR0013477486,-0.077
2048,XS2102360315,0.866
2049,XS2102934697,1.19
2050,XS2103014457,0.919
2051,XS2102948994,0.286
2052,XS2103015009,0.14
2053,XS2102931594,0.434
2054,XS2103013210,0.5
2055,XS2102924383,0.616
2056,XS2103014291,0.519
2057,DK0009526998,0.766
2058,XS2102357014,0.441
2059,FR0013476595,0.664
2060,XS2102380776,0.797
2061,XS2102283814,0.144
2062,XS2102355588,0.008
2063,XS2100690036,0.415
2064,FR0013476553,0.859
2065,XS2100569552,0.449
2066,XS2058989489,0.06
2067,XS2102357105,0.915
2068,XS2101349723,0.615
2069,FR0013476199,0.308
2070,DE000CZ45VC5,0.548
2071,XS2101336316,0.403
2072,FR0013476090,1.216
2073,AT0000A2CDT6,0.135
2074,DE000LB2CQG8,-0.062
2075,CH0517825276,
2076,XS2098350965,0.797
2077,XS2100788780,0.457
2078,DE000A2SBDF7,2.332
2079,DE000A2SBDE0,1.129
2080,XS2090807293,1.065
2081,FR0013465424,2.182
2082,DE000CZ45VF8,0.085
2083,XS2090786943,0.831
2084,XS2084759757,0.971
2085,XS2088659789,0.164
2086,XS2089229806,1.939
2087,FR0013465358,0.536
2088,DE000CZ45VC5,0.548
2089,FR0013465010,0.083
2090,FR0013446930,
2091,XS2086868010,0.956
2092,DE000A254P51,0.959
2093,DE000A254P69,1.728
2094,XS2082472122,1.059
2095,DK0009525917,0.318
2096,XS2084050637,0.448
2097,XS2083301106,0.067
2098,DE000A162BA6,-0.25
2099,XS2081615473,0.586
2100,XS2082969655,
2101,XS2082323630,1.034
2102,XS2082345955,0.719
2103,DK0004132677,0.17481
2104,DE000DL19U15,0.107
2105,DE000A14J0L1,-0.15
2106,XS2081016763,1.104
2107,XS2080581189,0.193
2108,XS2075185228,0.915
2109,AT000B122049,0.212
2110,XS2080205367,0.822
2111,XS2079678400,0.639
2112,XS2079723552,0.102
2113,FR0013460417,0.182
2114,XS2079713322,0.456
2115,AT000B066840,0.461
2116,XS2078692105,0.572
2117,XS2078735433,0.971
2118,FR0013459757,0.112
2119,BE6317283610,0.497
2120,XS2078734626,0.194
2121,XS2078735276,0.545
2122,XS2078405722,-0.21
2123,XS2978498716,
2124,XS2077546682,0.741
2125,DE000SCB0021,0.094
2126,DE000A2R9ZU9,0.714
2127,DE000A2R9ZT1,0.322
2128,DE000A2YPFU9,1.231
2129,XS2076139166,0.167
2130,XS2076079594,
2131,DE000BHY0GA7,0.587
2132,XS2075811781,0.906
2133,FR0013457967,0.939
2134,XS2068969067,0.302
2135,FR0013456621,0.986
2136,FR0013456431,0.537
2137,FR0013456423,0.022
2138,FR0013456449,0.986
2139,XS2068978050,
2140,DE000A2YNX91,0.119
2141,XS2069407786,1.897
2142,XS2069304033,-0.055
2143,FR0013455813,0.582
2144,FR0013455821,1.25
2145,FR0013455540,0.63
2146,XS2066392452,0.632
2147,BE6316872389,
2148,XS2068065163,1.368
2149,XS2067135421,0.392
2150,FR0013454733,0.025
2151,XS2067213913,1.67
2152,XS2066706818,0.189
2153,XS2066706909,0.474
2154,FR0013453974,1.976
2155,XS2066706735,1.204
2156,XS2066058988,0.639
2157,FR0013449261,2.183
2158,DE000A2YNVM8,-0.317
2159,XS2063659945,0.254
2160,XS2065698834,0.046
2161,XS2056572154,0.441
2162,XS2057069093,0.788
2163,XS2057069762,1.176
2164,XS2064302735,
2165,FR0013453040,0.309
2166,XS2058731717,0.275
2167,XS2057070182,1.54
2168,XS2065601937,0.944
2169,FR0013452893,2.272
2170,XS2063496546,-0.269
2171,XS2063547041,0.515
2172,XS2062490649,2.045
2173,XS2063268754,1.281
2174,XS2063288190,-0.211
2175,FR0013451796,-0.053
2176,FR0013450822,0.473
2177,XS2060691040,0.458
2178,XS2058855441,-0.112
2179,DE000A2R8NC5,0.159
2180,DE000DL19UW8,
2181,DE000A2R8NE1,1.738
2182,DE000A2R8ND3,0.762
2183,SK4000016069,-0.096
2184,XS2057917366,-0.256
2185,XS2058729653,0.382
2186,XS2057872595,0.264
2187,XS2056484889,-0.068
2188,XS2056560571,
2189,XS2053346297,0.5
2190,DE000LB2CNE0,0.46
2191,XS2056430874,0.41
2192,XS2056491660,
2193,XS2055786763,-0.421
2194,XS2056399855,0.719
2195,XS2056376135,-0.123
2196,XS2056396919,0.374
2197,ES0343307015,
2198,XS2056400299,0.674
2199,XS2056395606,-0.015
2200,XS2055758804,0.765
2201,XS2055652056,1.882
2202,XS2055727916,0.068
2203,XS2055651918,1.237
2204,XS2055728054,0.486
2205,XS2049803575,0.025
2206,XS2055627538,0.477
2207,FR0013448859,0.875
2208,XS2055089960,-0.021
2209,XS2055190172,1.217
2210,FR0013448669,
2211,XS2055104785,0.607
2212,XS2042667944,0.73
2213,FR0013447638,1.028
2214,FR0013447604,0.381
2215,FR0013447232,
2216,XS2053052895,0.428
2217,DE000CZ45VB7,0.32
2218,FR0013444551,0.439
2219,FR0013444544,0.193
2220,XS2051655095,0.738
2221,FR0013444502,-0.119
2222,FR0013444536,0.014
2223,FR0013447166,1.241
2224,DE000LB2CMY0,-0.218
2225,FR0013447075,0.11
2226,XS2010045198,0.278
2227,XS2010044209,0.606
2228,XS2049419398,1.175
2229,XS2010045271,0.019
2230,XS2051494222,0.54
2231,XS2051667181,0.049
2232,XS2051777873,0.991
2233,XS2051660509,1.13
2234,XS2051660335,0.069
2235,XS2051659915,0.255
2236,XS2051914963,0.507
2237,XS2051494495,1.247
2238,XS2051362072,0.823
2239,XS2051362312,1.84
2240,AT0000A2A6W3,-0.16
2241,FR0013446598,-0.187
2242,XS2051361264,0.299
2243,XS2051032444,0.239
2244,XS2050404800,0.48
2245,XS2050406094,0.757
2246,XS2050406177,1.381
2247,XS2050404636,0.226
2248,XS2051149552,1.819
2249,FR0013445137,0.114
2250,XS2049630887,0.118
2251,FR0013445152,1.17
2252,FR0013445129,-0.326
2253,XS2049630028,0.402
2254,XS2050945984,0.151
2255,XS2049726990,0.315
2256,XS2050448336,1.148
2257,BE6315847804,0.536
2258,XS2049090595,0.216
2259,DE000A2NBKK3,
2260,XS2049146215,0.606
2261,DE000MHB24J4,-0.567
2262,FR0013444676,-0.024
2263,XS2049584084,0.48
2264,FR0013444775,-0.001
2265,XS2049419398,1.175
2266,XS2049707180,0.186
2267,DE000A2YN2U2,0.596
2268,FR0013444759,0.232
2269,DE000A2YN2V0,1.287
2270,XS2049769297,0.947
2271,FR0013444692,1.416
2272,FR0013444684,0.556
2273,XS2049616894,0.55
2274,DK0009525404,0.201
2275,XS2049154078,
2276,XS2049616894,0.55
2277,XS2049548444,0.206
2278,XS2049616464,-0.315
2279,XS2049582542,0.078
2280,XS2049616621,0.179
2281,XS2047500769,-0.149
2282,XS2047500926,0.373
2283,DE000BHY0BS0,-0.588
2284,XS2046595836,
2285,XS2043678841,0.228
2286,DE000A2YNZW8,0.39
2287,DE000A2YNZX6,0.765
2288,DE000A2YNZY4,1.126
2289,DE000A2YNZV0,0.026
2290,XS2035474126,0.916
2291,XS2035473748,0.303
2292,XS2035474555,1.54
2293,XS2035620710,0.29
2294,XS2034629134,1.345
2295,XS2034626460,0.471
2296,XS2033351995,0.252
2297,DE000LB2CLH7,0.421
2298,XS2028900087,0.848
2299,CH0485252834,0.821
2300,XS2028899727,0.339
2301,XS2031862076,0.182
2302,XS2029574634,0.462
2303,FR0013434776,0.518
2304,DE000BHY0GL4,0.0
2305,XS2028816028,0.905
2306,FR0013434321,0.133
2307,FR0013433281,0.171
2308,FR0013433604,-0.043
2309,ES0413900566,0.263
2310,XS2025468542,0.041
2311,XS2023872174,0.963
2312,XS2023873149,1.64
2313,XS2023631489,0.92
2314,XS2023644540,0.901
2315,XS2023376945,0.984
2316,XS2023643146,-0.042
2317,XS2023644201,0.44
2318,XS2023633931,
2319,FR0013432770,0.149
2320,ES0213679HN2,0.892
2321,FR0013432069,0.096
2322,XS2020608548,1.084
2323,XS2021471433,0.389
2324,XS2021993212,1.684
2325,XS2022037795,-0.227
2326,XS2022084367,1.743
2327,XS2022093517,1.091
2328,XS2022093434,0.142
2329,FR0013431715,1.83
2330,XS2021467753,0.939
2331,XS2021462440,0.933
2332,FR0013430535,1.158
2333,FR0013430733,0.908
2334,XS2019976070,0.788
2335,DK0009522062,0.72
2336,FR0013430741,0.737
2337,XS2018637913,0.459
2338,XS2018636600,0.373
2339,FR0013330099,1.785
2340,XS2016070430,0.316
2341,FR0013429073,0.659
2342,XS2014382845,0.988
2343,CH0483180946,1.053
2344,BE0002631126,1.156
2345,FR0013428943,0.746
2346,XS2016228087,0.99
2347,FR0013428414,1.369
2348,XS2016160777,2.633
2349,FR0013428513,1.493
2350,FR0013428489,0.449
2351,XS2008921947,0.729
2352,XS2015267953,0.742
2353,DE000CZ40N46,1.202
2354,XS2014373851,0.833
2355,SK4000015475,0.57
2356,XS2015314037,2.741
2357,XS2015329498,1.508
2358,XS2015240083,1.547
2359,XS2014373182,0.113
2360,XS2013520023,0.692
2361,XS2014287937,0.346
2362,XS2014370915,0.098
2363,XS2014291616,1.611
2364,XS2014288315,0.087
2365,XS2014288158,0.445
2366,XS2014292937,0.598
2367,XS2013745703,1.039
2368,AT0000A28HX3,0.761
2369,DE000AAR0256,0.091
2370,XS2013525410,0.143
2371,XS2013574384,2.387
2372,FR0013426368,1.231
2373,XS2013574202,1.515
2374,XS2013626010,1.628
2375,XS2013574038,1.464
2376,FR0013422623,2.274
2377,XS2010445026,0.191
2378,XS2010447238,0.805
2379,SK4000015400,0.221
2380,XS2004880832,0.523
2381,XS2009943379,1.219
2382,XS2009861480,1.212
2383,DE000MHB61E7,0.522
2384,XS2007244614,0.443
2385,AT000B049788,0.273
2386,XS2005607879,1.452
2387,XS2004795725,0.437
2388,DE000SYM7720,1.384
2389,XS2001737324,0.777
2390,XS2001737910,1.204
2391,FR0013422227,1.732
2392,FR0013422185,
2393,XS1998025008,0.465
2394,XS2004381674,0.696
2395,XS2004381245,1.535
2396,XS2004366287,0.06
2397,DE000BHY0BQ4,0.419
2398,XS2002017361,0.966
2399,FR0013422052,
2400,DE000CZ40N04,0.673
2401,XS2003499386,0.478
2402,XS2002018500,1.693
2403,FR0013422011,1.494
2404,FR0013422003,0.078
2405,XS2002019060,2.566
2406,XS2003442436,1.368
2407,XS2002491780,0.969
2408,XS2002504194,0.08
2409,XS2002491863,1.577
2410,FR0013421799,0.711
2411,XS1995748172,0.105
2412,DE000A1KRJT0,0.238
2413,XS2001278899,1.897
2414,FR0013421369,1.181
2415,ES0465936054,0.819
2416,DE000A1KRJU8,1.024
2417,DE000LB2CHW4,0.497
2418,XS2000538343,0.949
2419,XS1999728394,0.328
2420,XS1998797663,0.343
2421,XS1998798042,1.209
2422,XS1995781546,1.043
2423,XS1995662027,1.307
2424,XS1995795504,1.658
2425,XS1997077364,1.463
2426,XS1995645287,0.146
2427,FR0013419736,
2428,XS1995620967,0.227
2429,AT0000A286W1,0.904
2430,XS1992931508,0.831
2431,XS1992927902,1.231
2432,XS1991186500,0.199
2433,XS1991397545,1.796
2434,XS1991125896,0.448
2435,XS1991126431,1.244
2436,XS1989375412,0.356
2437,FR0013417334,0.951
2438,FR0013417128,1.399
2439,DE000MHB22J8,1.071
2440,XS1987142673,0.502
2441,XS1987097430,0.552
2442,XS1985806600,0.437
2443,FR0013416146,2.413
2444,XS1985004370,1.196
2445,FR0013415692,1.411
2446,XS1982725159,0.489
2447,DE000A2NB841,0.934
2448,XS1981054221,1.231
2449,XS1972559352,0.599
2450,XS1982107903,0.224
2451,XS1982037696,0.612
2452,XS1974922442,1.253
2453,XS1981060624,1.933
2454,XS1974922525,2.119
2455,FR0013414091,1.68
2456,XS1980189028,0.521
2457,XS1980270810,1.017
2458,XS1979446843,1.544
2459,AT0000A27LQ1,1.787
2460,DE000A2E4CQ2,0.477
2461,BE0002645266,0.783
2462,XS1980044728,
2463,XS1979262448,0.318
2464,XS1978200639,0.259
2465,XS1976945722,0.046
2466,XS1978200472,0.381
2467,XS1978200555,-0.069
2468,FR0013413382,0.379
2469,FR0013412947,0.757
2470,FR0013412699,0.807
2471,FI4000378674,0.184
2472,FR0013412707,1.763
2473,BE6312821612,1.146
2474,BE6312822628,1.698
2475,XS1972547696,2.256
2476,XS1972548231,1.589
2477,XS1972547183,0.734
2478,FR0013411600,0.676
2479,DK0009522732,
2480,DK0004132594,0.229837
2481,XS1969600748,1.941
2482,SK4120015108,0.381
2483,XS1968846532,1.195
2484,XS1967635621,1.517
2485,FR0013410818,1.775
2486,XS1967635977,2.415
2487,XS1966038249,1.382
2488,XS1967636199,3.073
2489,FR0013409851,1.335
2490,FR0013409836,-0.049
2491,AT000B049754,0.73
2492,FR0013409844,0.878
2493,DE000A2TSDE2,1.795
2494,FI4000375241,
2495,XS1963849440,1.738
2496,DE000A2TSDD4,0.916
2497,XS1963717704,0.315
2498,IT0005365710,1.186
2499,XS1963555617,1.228
2500,XS1963553919,0.774
2501,FI4000375092,
2502,FR0013408960,1.827
2503,DE000A2LQNQ6,
2504,XS1962513674,1.746
2505,XS1962595895,0.829
2506,XS1962571011,1.943
2507,XS1962554785,0.704
2508,XS1959288868,0.535
2509,XS1962535644,0.424
2510,XS1961772560,1.788
2511,XS1961126775,0.404
2512,XS1960685383,2.081
2513,XS1960260021,1.469
2514,XS1957425702,0.415
2515,ES0313679K13,0.9
2516,XS1959949196,0.378
2517,XS1958214964,0.189
2518,XS1958646082,0.585
2519,XS1958616176,0.411
2520,XS1958648292,
2521,XS1955024986,1.308
2522,AT000B122031,0.47
2523,XS1955024713,0.794
2524,DE000CZ40NS9,1.066
2525,XS1955024630,0.161
2526,XS1957541953,1.499
2527,XS1957532887,0.366
2528,XS1957442541,1.333
2529,XS1956955980,0.665
2530,FR0013405347,0.213
2531,FR0013405339,-0.017
2532,NL0013400401,0.279
2533,FR0013405040,1.88
2534,DE000A2RYD83,0.693
2535,XS1956973967,1.187
2536,DE000A2RYD91,1.416
2537,FR0013405032,1.11
2538,DE000A2TR083,2.035
2539,XS1956037664,1.635
2540,XS1955187775,0.945
2541,XS1956028168,0.965
2542,XS1956027947,2.243
2543,XS1955187932,1.801
2544,XS1955187858,1.285
2545,XS1956014531,1.652
2546,XS1956025651,1.092
2547,XS1955187692,0.301
2548,FR0013404571,1.503
2549,XS1953833750,1.236
2550,FR0013403441,1.375
2551,FR0013403433,0.578
2552,XS1952948104,0.942
2553,XS1952576475,0.768
2554,XS1951927158,0.736
2555,XS1951313763,2.234
2556,XS1951313680,1.251
2557,DE000MHB20J2,0.728
2558,XS1951084638,0.523
2559,XS1948598997,0.483
2560,XS1948611840,1.568
2561,XS1948612905,0.748
2562,DE000A2LQNQ6,
2563,BE6311694010,1.006
2564,XS1947550403,0.577
2565,FR0013400405,0.855
2566,DE000AAR0249,0.206
2567,XS194678819,
2568,DE000BHY0BP6,1.002
2569,DE000BLB6JH4,0.828
2570,XS1945181615,0.712
2571,XS1945130620,0.942
2572,XS1944388856,1.355
2573,XS1945110861,1.848
2574,FR0013399029,1.802
2575,XS1944456109,0.979
2576,XS1944390241,1.879
2577,XS194432763,
2578,XS1944390597,2.528
2579,XS194511060,
2580,XS1944456018,0.489
2581,FR0013399169,0.594
2582,XS1943456829,0.373
2583,XS1943455185,0.588
2584,DE000A2G9HL9,0.881
2585,XS1943561883,1.006
2586,FR0013399102,1.019
2587,FR0013399060,2.693
2588,XS1942629061,0.972
2589,XS1942708873,0.668
2590,DE000A2RWZZ6,1.828
2591,XS1942615607,0.354
2592,FR0013399110,0.3565
2593,FR0013398831,0.774
2594,DE000A2LQNP8,0.288
2595,BE0002631126,1.156
2596,XS1935261013,0.274
2597,XS1939356645,2.208
2598,FR0013398070,2.237
2599,DE000LB126S0,0.026
2600,XS1937715131,0.447
2601,DE000DL19UM9,0.555
2602,XS1937665955,1.736
2603,FR0013397452,1.731
2604,IT0005358491,1.165
2605,XS1936308391,2.31
2606,XS1936208252,2.006
2607,XS1936779245,0.531
2608,XS1936805776,2.465
2609,FR0013397320,1.436
2610,XS1936208419,2.972
2611,FR0013397288,1.353
2612,XS1936784831,0.926
2613,XS1936186425,0.558
2614,XS1936190021,0.05
2615,FR0013396876,1.503
2616,XS1936139770,1.205
2617,FR0013396496,0.509
2618,XS1935153632,0.399
2619,FR0010327452,
2620,FR0013396355,0.513
2621,FR0013396363,1.493
2622,FR0013396520,2.017
2623,FR0013386539,0.868
2624,XS1934743656,0.65
2625,FR0013393899,1.029
2626,FR0013394681,0.892
2627,XS1933820372,2.154
2628,BE0002629104,1.383
2629,DE000BLB6JG6,0.343
2630,XS1934392413,0.346
2631,XS1933815455,1.384
2632,XS1933829324,0.359
2633,XS1933874387,0.336
2634,DE000LB125N3,0.478
2635,FR0013393774,2.073
2636,DE000CZ40NP5,1.292
2637,DE000CZ40NN0,0.206
2638,DE000A2TSTF5,1.352
2639,DE000A2TSTD0,0.303
2640,DE000A2TSTG3,1.748
2641,FR0013385655,1.933
2642,FR0013385515,0.852
2643,XS1918017259,1.001
2644,FR0013385473,1.94
2645,XS1918000107,1.805
2646,XS1917358621,1.726
2647,XS1917614569,
2648,DE000CZ40NM2,0.501
2649,XS1917808922,0.502
2650,XS1917591411,1.109
2651,XS1917590959,1.893
2652,XS1917590876,0.839
2653,XS1917577931,0.358
2654,FR0013383585,0.521
2655,FR0013383346,0.83
2656,XS1914937021,0.394
2657,XS1843448744,3.054
2658,XS1843448660,2.269
2659,XS1843449635,1.225
2660,XS1843449551,0.422
2661,FR0013382348,1.596
2662,XS1912654321,2.151
2663,FR0013381704,2.476
2664,XS1910851242,1.551
2665,XS1910245676,1.124
2666,XS1908370171,2.187
2667,XS1910245593,0.382
2668,XS1909186451,2.508
2669,DE000A2G9HE4,0.587
2670,XS1908273219,1.955
2671,FR0013378445,0.822
2672,XS1904690341,2.476
2673,FR0013378452,1.811
2674,FR0013378460,2.554
2675,DE000MHB21J0,0.281
2676,XS1901222551,0.67
2677,XS1903442744,2.202
2678,XS1898256257,1.09
2679,FI4000353909,
2680,XS1900750107,0.671
2681,XS1900752905,1.918
2682,XS1900752814,1.237
2683,XS1900543494,0.765
2684,XS1901055472,1.911
2685,FR0013375797,0.465
2686,DE000BHY0BJ9,0.39
2687,XS1900804045,0.713
2688,XS1900101046,1.622
2689,BE0002620012,0.377
2690,XS1897489578,1.832
2691,DE000HSH6K32,0.274
2692,XS1892117919,1.46
2693,DE000CZ40NG4,1.357
2694,XS1896660989,1.123
2695,XS1896662175,1.526
2696,XS1896661870,0.279
2697,DE000BHY0GC3,0.666
2698,FR0013371549,2.174
2699,XS1894534343,0.813
2700,XS1894558102,1.647
2701,XS1894121695,1.604
2702,XS1893621026,1.959
2703,XS1893632221,0.31
2704,XS1893631769,2.251
2705,XS1893631330,1.393
2706,XS1886577615,1.02
2707,XS1892240281,1.272
2708,DE000A1KRJS2,1.377
2709,DE000A1KRJR4,0.319
2710,XS1890709774,0.98
2711,FR0013369667,1.057
2712,FR0013368545,2.19
2713,XS1887330188,0.572
2714,DE000CZ40NB5,0.093
2715,FR0013368602,2.146
2716,XS1887485032,0.83
2717,XS1886403200,2.163
2718,FR0013368388,1.608
2719,FR0013368370,0.091
2720,XS1886402814,0.999
2721,XS1885605391,0.32
2722,FR0013368164,1.631
2723,FR0013368206,2.016
2724,FR0013368172,2.181
2725,XS1885608817,1.481
2726,XS1884740041,0.687
2727,XS1883352095,1.242
2728,XS1883911924,0.62
2729,XS1883278183,0.891
2730,NL0013088990,1.106
2731,XS1883355601,0.526
2732,AT0000A22H40,
2733,FR0013367638,1.787
2734,FR0013367620,1.078
2735,FR001336742,
2736,XS1882681452,1.521
2737,XS1882544627,1.125
2738,XS1882544973,2.04
2739,XS1881804006,1.125
2740,XS1881574591,0.881
2741,XS1881593971,1.942
2742,XS1823623878,2.032
2743,XS1881533563,2.085
2744,XS1880870602,0.426
2745,XS1881004730,1.148
2746,XS1849525057,0.775
2747,FR0013365285,0.998
2748,FR0013365293,1.996
2749,AT000B066675,0.62
2750,XS1878191219,1.532
2751,XS1878191052,0.896
2752,XS1878266326,1.501
2753,FR0013359197,1.097
2754,DE000MHB60L4,0.954
2755,FI4000348982,
2756,FR0013359239,1.922
2757,FR0013359254,1.673
2758,DE000AAR0223,
2759,FI4000348966,
2760,XS1877654126,1.52
2761,DE000CZ40M47,0.785
2762,XS1877846110,1.495
2763,FR0013358843,0.949
2764,FR0013357860,2.541
2765,FR0013357845,1.009
2766,XS1877595014,1.877
2767,FR0013357852,1.819
2768,XS1877595444,1.314
2769,BE6307618965,0.367
2770,FR0013358496,0.25
2771,XS1876471183,0.627
2772,FR0013358199,0.579
2773,XS1876076040,1.682
2774,XS1875268689,0.59
2775,XS1874122267,1.491
2776,XS1874127902,1.418
2777,XS1874128033,1.045
2778,DE000BLB6JF8,0.306
2779,XS1874127811,0.412
2780,XS1875284702,1.447
2781,XS1874122770,1.023
2782,XS1873143561,0.202
2783,XS1873143645,1.021
2784,BE6307427029,0.676
2785,XS1872032369,
2786,XS1872032799,1.404
2787,DE000A2GSLV6,0.748
2788,XS1871114473,0.686
2789,XS1872038218,1.415
2790,XS1869468808,0.561
2791,DE000AAR0215,0.44
2792,DE000CZ40M39,1.519
2793,DE000CZ40M21,0.615
2794,DE000BHY0BJ9,0.39
2795,XS1865186677,1.667
2796,XS1865186594,0.363
2797,XS1865186321,1.019
2798,DE000A194DE7,1.522
2799,DE000A194DC1,0.292
2800,DE000A194DD9,0.963
2801,XS1861322383,1.934
2802,XS1861206636,2.063
2803,IT0005340374,1.236
2804,XS1856791873,0.612
2805,XS1839105662,0.819
2806,XS1858912915,1.077
2807,XS1857683335,0.645
2808,XS1856342560,0.737
2809,DE000BLB6JE1,0.693
2810,XS1857073180,0.355
2811,XS1856833543,0.57
2812,XS1856834608,1.469
2813,XS1856797219,1.485
2814,XS1856797300,0.8
2815,DE000DL19UB2,0.293
2816,DE000HSH6K1,
2817,AT0000A228U7,0.919
2818,XS1855440019,0.564
2819,XS185547361,
2820,FR0013349099,2.062
2821,XS1854532865,0.228
2822,BE6305977074,
2823,DE000MHB20J2,0.728
2824,DE000BHY0BH3,0.046
2825,XS1853426549,1.576
2826,XS1852213930,0.36
2827,XS1851278777,1.594
2828,XS1851277969,0.9
2829,DE000A2LQ5M4,1.823
2830,DE000CZ40MU7,0.652
2831,FI4000292669,0.218
2832,FR0013346822,2.014
2833,XS1848875172,0.489
2834,XS1847633119,0.277
2835,XS1847692636,1.371
2836,BE0002602804,0.981
2837,XS1845161790,0.38
2838,DE000LB1P9C8,0.16
2839,FR0013345048,0.601
2840,ES0422714123,0.943
2841,FR0013344686,1.421
2842,FR0013344215,1.491
2843,XS1839888754,0.712
2844,BE0002595735,1.984
2845,FR0013342334,1.554
2846,XS1839386908,0.416
2847,XS1837997979,1.249
2848,XS1837975736,0.756
2849,XS1837288494,1.188
2850,DE000CZ40MW3,0.339
2851,FR0013342128,1.013
2852,DE000A2LQQ0,
2853,XS1830992480,0.655
2854,XS1830986326,1.384
2855,BE0002598762,1.002
2856,NL0013019375,0.691
2857,XS1832967019,0.659
2858,XS1829345427,
2859,XS1829215562,1.134
2860,DE000BHY0150,0.276
2861,FR0013336286,0.851
2862,XS1827629384,0.387
2863,XS1828037827,2.035
2864,FR0013336229,1.506
2865,XS1828037587,1.48
2866,DE000CZ40MU7,0.652
2867,XS1825134742,0.713
2868,FR0013335767,1.622
2869,XS1824235219,0.926
2870,XS1823502577,1.597
2871,FR0013334695,1.644
2872,XS1823513343,1.189
2873,XS1799061558,0.955
2874,XS1823246712,0.542
2875,XS1823246803,1.214
2876,XS1820748538,1.327
2877,XS1820037270,1.458
2878,FR0013332988,1.158
2879,FR0013333002,2.343
2880,FR0013332970,0.169
2881,FR0013332996,1.915
2882,XS1815135352,2.25
2883,DE000A14J0K3,0.399
2884,XS1815116998,1.496
2885,XS1815116998,1.496
2886,XS1814402878,1.074
2887,XS1812905526,1.365
2888,XS1812887443,1.651
2889,XS1811812145,0.708
2890,FR0013331196,1.942
2891,FR0013331188,0.737
2892,XS1811812574,1.505
2893,FR0013330693,1.004
2894,XS1810960390,2.164
2895,XS1811198701,1.757
2896,XS1811023735,0.43
2897,XS1810806635,0.686
2898,XS1809240515,1.148
2899,FR0013330115,0.88
2900,XS1808861840,0.865
2901,XS1808395930,2.071
2902,XS1808739459,0.907
2903,XS1808482746,1.211
2904,XS1806130305,2.043
2905,FR0013329638,0.576
2906,DE000BHY0GB5,1.565
2907,XS1807409450,0.94
2908,DE000CZ40MQ5,0.887
2909,XS1806453814,0.4
2910,XS1805257265,0.935
2911,XS1801905628,1.598
2912,XS1805353734,1.493
2913,FR0013328218,0.287
2914,XS1801780583,0.596
2915,XS1799162588,1.015
2916,DE000AAR0207,0.485
2917,DE000A2LQJ75,1.228
2918,XS1791415828,2.582
2919,XS1792505866,1.694
2920,XS1796209010,2.066
2921,XS1796257092,0.758
2922,FR0013324324,-0.092
2923,FR0013324373,1.909
2924,XS1795254025,0.544
2925,FR0013324340,1.05
2926,FR0013324357,1.493
2927,FR0013324332,0.54
2928,FR0013323870,1.413
2929,FR0013323664,
2930,XS1793316834,0.598
2931,DE000BLB6JD3,0.586
2932,XS1793287472,0.914
2933,DE000A2GSLF9,0.347
2934,FR0013322989,1.876
2935,DE000A2G8VU3,1.47
2936,DE000A2G8VT5,1.026
2937,DE000CZ40MN2,0.636
2938,XS1790961962,0.775
2939,XS1788951090,0.587
2940,FR0013322120,0.372
2941,BE0002583616,0.792
2942,FR0013321536,2.163
2943,XS1788586375,1.316
2944,XS1788605936,1.362
2945,XS1788494257,0.945
2946,FR0013320611,0.78
2947,FR0013320249,
2948,FR0013320058,1.797
2949,XS1781346801,0.874
2950,FR0013262698,1.611
2951,DE000A2G9HU0,1.721
2952,XS1778322351,0.499
2953,DE000DL19T67,0.747
2954,XS1774629346,0.643
2955,XS1771838494,1.187
2956,XS1769041192,1.379
2957,XS1769040111,0.564
2958,XS1769041606,1.746
2959,XS1767930586,1.355
2960,XS1759603761,1.091
2961,XS1767931477,0.431
2962,XS1767087866,1.718
2963,XS1766477522,0.966
2964,FR0013313855,0.987
2965,DE000A2E4ZE9,0.064
2966,FR0013313020,0.693
2967,XS1760129608,0.584
2968,FR0013312493,0.942
2969,FR0013312501,1.636
2970,XS1758752635,0.68
2971,XS1756725831,0.323
2972,FR0013311503,1.146
2973,DE000A2GSLC6,0.636
2974,IT0005321663,1.031
2975,XS1756296965,1.447
2976,XS1753809141,1.003
2977,XS1755108344,1.146
2978,XS1755086607,0.608
2979,XS1752475720,1.056
2980,XS1753808929,1.914
2981,FR0013310240,0.834
2982,XS1752476538,0.836
2983,FR0013310018,1.241
2984,XS1750083229,0.586
2985,FR0013310224,1.414
2986,XS1750986744,1.225
2987,XS1751004232,1.157
2988,FR0013310026,0.559
2989,XS1750122225,0.83
2990,IT0005320673,0.583
2991,FR0013310059,0.564
2992,IT0005320673,0.583
2993,XS1748479919,0.546
2994,XS1748436356,1.351
2995,XS1746107975,0.314
2996,XS1748436190,0.588
2997,XS1747444831,1.143
2998,ES0440609347,1.719
2999,XS1747444245,0.49
3000,ES0440609396,1.116
3001,FR0013309549,0.817
3002,DE000LB1M2X2,0.363
3003,XS1737658275,0.594
3004,FR0013302809,0.956
3005,XS1725553066,1.656
3006,XS1731734585,0.411
3007,XS1727499680,0.357
3008,XS1730885073,1.392
3009,DK0030407986,0.335
3010,XS1725630740,0.653
3011,XS1717759499,0.86
3012,XS1725524471,0.438
3013,XS1725677543,1.682
3014,FR0013299435,1.117
3015,XS1725395302,0.569
3016,IT0005315046,1.303
3017,XS1722859532,0.741
3018,XS1722558258,0.414
3019,FR0013298387,-0.026
3020,XS1722897623,1.022
3021,XS1721423462,1.235
3022,XS1721422068,1.991
3023,XS1720642138,0.665
3024,XS1720947917,0.824
3025,XS1720922175,1.11
3026,IT0005314544,0.783
3027,XS1720639779,0.052
3028,XS1720761490,1.583
3029,XS1719154657,0.007
3030,XS1719154574,0.622
3031,XS1719108463,0.383
3032,XS1718316281,1.454
3033,XS1718306050,0.578
3034,PTGALLOM0004,1.061
3035,XS1718418103,1.015
3036,XS1718417717,1.712
3037,XS1716825507,0.772
3038,DE000A2GSLY0,1.069
3039,FR0013296159,1.311
3040,XS1717355561,1.719
3041,FR0013295722,1.581
3042,XS1715325665,0.23
3043,XS1715306012,1.35
3044,XS1711933033,0.272
3045,XS1709509258,0.863
3046,XS1707075245,1.806
3047,XS1707074941,0.497
3048,XS1707075328,1.291
3049,XS1706963284,0.207
3050,XS1706925358,0.58
3051,FI4000266903,0.486
3052,XS1706200463,1.381
3053,XS1705691563,0.169
3054,XS1704789590,1.68
3055,BE0002500750,0.764
3056,DE000BHY0GS9,1.231
3057,FR0013290749,1.931
3058,XS1702729275,1.359
3059,XS1691909920,0.956
3060,XS1699732704,0.625
3061,XS1692396069,0.822
3062,XS1699951767,0.858
3063,FR0013287273,1.62
3064,FR0013287299,0.85
3065,FR0013286838,1.016
3066,FR0013286788,1.236
3067,DE000NLB2Q36,0.465
3068,XS1693818285,0.701
3069,XS1693818525,1.404
3070,XS1577950667,1.562
3071,XS1692489583,
3072,XS1693281534,0.796
3073,XS1693281617,
3074,XS1691781865,1.589
3075,XS1689666870,0.184
3076,XS1690669574,
3077,AT0000A1Y3P7,1.442
3078,FR0013284247,
3079,FR0013284205,1.511
3080,FR0013284270,2.056
3081,FR0013284254,
3082,XS1688199949,1.899
3083,XS1689185426,1.5
3084,FR0013283371,
3085,DK0030403993,1.825
3086,FR0013283140,1.752
3087,XS1686705671,0.705
3088,XS1685798370,0.953
3089,XS1685589027,0.747
3090,XS1685653302,0.934
3091,XS1685653211,1.796
3092,DE000CZ40MC5,1.204
3093,XS168548133,
3094,DE000A2GSFA2,0.58
3095,FR0013281888,0.387
3096,XS1681521081,1.715
3097,BE6298043272,0.758
3098,DE000A13SL75,0.331
3099,DE000A19NS93,1.206
3100,XS1679158094,1.154
3101,XS1678629186,0.974
3102,XS1671760384,0.591
3103,XS1675764945,0.872
3104,XS1678974525,0.36
3105,XS1676952481,0.943
3106,XS1677902162,0.627
3107,DE000A2E4ZE9,0.064
3108,XS1676933853,1.129
3109,XS1673620016,0.226
3110,XS1676933937,0.466
3111,XS1669866300,0.444
3112,XS1672151492,1.865
3113,XS1654229373,1.76
3114,XS1652866002,1.418
3115,XS1652855815,1.529
3116,XS1652856540,2.025
3117,DE000HSH6KQ4,0.121
3118,XS1648298559,0.885
3119,XS1647404554,0.921
3120,XS1645722262,1.99
3121,XS1645503621,
3122,FR0013267473,0.93
3123,FR0013266830,0.81
3124,XS1642738816,0.529
3125,XS1642590480,1.524
3126,FR0013266848,1.892
3127,FR0013266350,1.476
3128,FR0013266368,2.115
3129,DE000A2GSCW3,1.508
3130,DE000A2GSCX1,2.134
3131,XS1638816089,1.388
3132,XS1639488771,1.534
3133,XS1637863629,1.077
3134,XS1637334803,1.012
3135,XS1637332856,0.613
3136,XS1637351138,0.787
3137,XS1637333748,1.589
3138,XS1637162592,1.234
3139,FR0013263951,0.385
3140,XS1637093508,0.747
3141,FR0013262961,0.743
3142,FR0013262698,1.611
3143,XS1633929929,1.065
3144,XS1627602201,1.905
3145,XS163289792,
3146,XS1621087516,1.413
3147,FI4000261201,
3148,XS1627193359,1.382
3149,FR0013260361,1.083
3150,PTBCPIOM0057,0.876
3151,XS1622560842,0.368
3152,FR0013259413,0.562
3153,XS1622193321,1.313
3154,XS1619861864,0.622
3155,XS1622193248,0.365
3156,XS1621351045,1.393
3157,S1619283218,
3158,XS1617845679,1.519
3159,XS1617831026,1.33
3160,XS1617845083,0.972
3161,BE0002280494,1.427
3162,XS1616410061,0.972
3163,XS161641103,
3164,XS1616411119,1.741
3165,XS1615085781,0.552
3166,XS1615085864,1.388
3167,DE000A19HCW0,1.346
3168,DE000A19HCX8,2.101
3169,XS1614202049,0.861
3170,XS1614198262,1.376
3171,FR0013256427,0.227
3172,XS1612958253,0.603
3173,XS161314048,
3174,DE000MHB18J6,0.679
3175,XS1606633912,0.414
3176,DE000BHY0MX,
3177,XS2442965138,
3178,XS1843459436,2.056
3179,XS2442965211,
3180,XS1906458945,
3181,XS2495084621,5.779
