,security,FIXED_REOFFER_YIELD
0,DK0009412553,3.252
1,XS2606261597,4.528
2,XS2606264005,4.071
3,XS2626288257,4.566
4,XS2626691906,
5,XS2626344266,3.758
6,XS2626343375,3.678
7,XS2625194811,4.677
8,FR001400I2W5,3.121
9,XS2626022656,3.437
10,DE000BHY0GT7,2.99
11,XS2625985945,4.553
12,XS2625968347,3.358
13,XS2625968776,3.633
14,XS2623956773,4.312
15,XS2625968693,3.255
16,XS2624977554,4.859
17,XS2623957078,3.63
18,XS2624976077,4.578
19,FR001400I3C5,3.47
20,XS2625136531,4.072
21,XS2590758822,4.311
22,XS2623868994,3.792
23,FR001400HX73,3.232
24,FR001400HX81,2.99
25,XS2621830848,3.137
26,FR001400I145,3.373
27,XS2624502105,3.088
28,AT0000A34D99,3.292
29,XS2590758665,3.968
30,XS2590758400,3.604
31,DE000A351TP5,3.188
32,ES0365936048,5.63
33,DE000A351NR4,3.179
34,DE000A351TJ8,
35,XS2623820953,3.347
36,AT0000A34CR4,3.266
37,DE000A3LHK72,4.141
38,DE000A351M80,3.046
39,DE000A3LHK80,4.264
40,BE0002938190,4.042
41,FR001400HZD5,3.229
42,XS2621812192,3.443
43,XS2618731256,4.874
44,FR001400HU68,3.807
45,XS2619751576,3.898
46,XS2618499177,3.849
47,XS2618690981,4.239
48,XS2599156192,5.561
49,XS2618704014,3.458
50,XS2613162424,3.769
51,FR001400HQM5,4.079
52,XS2618711068,3.293
53,XS2617442525,4.25
54,XS2617457127,4.679
55,FR001400HOZ2,4.02
56,XS2617456582,4.48
57,XS2616008541,3.777
58,CH1251998238,4.846
59,XS2617508481,3.354
60,XS2616008970,3.841
61,DE000LB386A8,3.332
62,XS2617256149,3.286
63,XS2617256065,3.307
64,XS2613209670,4.443
65,XS2615940215,4.579
66,FR001400HMF8,4.468
67,XS2615271629,5.015
68,XS2611221032,6.739
69,XS2614623978,4.225
70,XS2615559130,3.519
71,XS2610209129,3.87
72,XS2610788569,3.939
73,DE000MHB34J3,3.169
74,FR001400HJE7,3.402
75,XS2615183501,3.722
76,FR001400HCM5,3.31
77,XS2607193435,3.761
78,DE000CZ43ZX7,3.132
79,XS2613658470,3.805
80,XS2613472963,4.31
81,XS2613838296,3.213
82,XS2613658710,4.391
83,AT0000A33N23,3.292
84,DE000BLB6JV5,3.025
85,FR001400HF42,3.23
86,FI4000466412,-0.274
87,PTBSPAOM0008,3.481
88,XS2613159719,3.346
89,FR001400H9H2,3.135
90,FR001400HAC0,3.754
91,AT0000A33MP9,3.154
92,DE000A3MQU11,
93,FR001400H9B5,4.358
94,FR001400H8X1,3.282
95,FR001400H8D3,4.311
96,FR001400H5F4,3.441
97,XS2608828641,4.611
98,XS2606297864,4.011
99,XS2606993694,3.457
100,XS2607381436,4.273
101,XS2607040958,4.256
102,XS2603552014,3.629
103,XS2605914105,3.907
104,XS2596537972,3.533
105,XS2607781882,3.192
106,XS2607350985,3.386
107,XS2607079493,
108,XS2607344079,3.13
109,XS2592516210,
110,FR001400H2O3,4.55
111,XS2607063497,3.362
112,XS2604699327,4.277
113,XS2604697891,
114,XS2596458591,4.317
115,CH1255915014,4.824
116,XS2599730822,3.94
117,XS2599731473,3.95
118,CH1255915006,4.644
119,XS2599779597,4.258
120,FR001400GM85,3.514
121,XS2598649254,3.95
122,XS2599169922,4.194
123,XS2597768485,4.311
124,XS2597991988,4.613
125,XS2598332133,4.344
126,XS2597919013,
127,XS2597973812,4.256
128,AT000B122155,4.859
129,XS2597905905,3.831
130,XS2597740476,4.109
131,FI4000549605,3.706
132,DE000HCB0BS6,
133,XS2597110027,4.43
134,FI4000549548,3.882
135,XS2597677090,4.385
136,XS2596528716,3.985
137,XS2595410775,3.609
138,XS2595412631,3.819
139,XS2597408272,3.715
140,FR001400GI73,3.498
141,XS2597408439,3.879
142,XS2597093009,4.086
143,XS2596599147,4.623
144,BE0002925064,4.101
145,XS2592240712,4.933
146,XS2595029344,3.734
147,XS2595418596,4.276
148,XS2595417945,4.359
149,XS2595418679,4.515
150,DE000BHY0JY1,3.382
151,XS2595418166,4.103
152,XS2595418323,4.049
153,XS2595036554,4.098
154,DE000A162BJ7,4.511
155,XS2594025814,4.973
156,XS2593105393,3.627
157,XS2593105476,3.751
158,XS2591032235,4.198
159,XS2591026856,3.678
160,XS2591029876,3.872
161,NL0015001BV1,3.344
162,FR001400G6Y4,4.732
163,XS2592234749,3.257
164,XS2591848275,3.39
165,XS2591848192,3.57
166,FR001400G412,3.461
167,FR001400G3Y1,3.332
168,XS2592301365,4.325
169,XS2589828941,3.779
170,XS2589713614,4.418
171,XS2588859376,4.11
172,XS2572499726,3.417
173,XS2589792220,3.638
174,XS2589790109,3.423
175,XS2589712996,4.16
176,XS2589907653,5.606
177,XS2589790018,3.756
178,BE0002924059,3.151
179,AT000B049945,3.208
180,DE000NLB4RJ4,3.205
181,FR001400FZ73,3.189
182,XS2589367528,5.401
183,FR001400FZ24,3.287
184,XS2589317697,3.069
185,XS2589260723,4.168
186,XS2589260996,4.682
187,FR001400FZ32,3.21
188,FR001400FZ81,3.162
189,ES0280907033,
190,FR001400FXU8,3.172
191,DK0030045703,4.025
192,ES0422714172,3.415
193,XS2588099478,3.72
194,XS2586779782,3.26
195,XS2585977882,3.736
196,XS2587306403,3.82
197,XS2587352340,4.327
198,XS2583352443,3.524
199,DE000AAR0389,3.16
200,XS2585964476,5.885
201,FI4000549035,3.252
202,XS2586739729,5.32
203,XS2586780012,3.542
204,DE000SLB4345,3.027
205,BE0002921022,3.101
206,XS2585239200,4.711
207,ES0413900939,3.335
208,AT0000A32RP0,4.173
209,XS2586851300,4.08
210,XS2582814039,3.763
211,XS2584685387,4.148
212,XS2584685031,3.68
213,XS2586128170,3.82
214,XS2584643113,3.69
215,DE000BLB6JU7,3.833
216,XS2582860909,4.259
217,DE000A30WF84,5.162
218,XS2583742239,3.708
219,DE000A30V8U9,
220,XS2583742668,4.012
221,XS2583741934,3.437
222,XS2583600791,3.805
223,XS2583742585,3.862
224,XS2583205906,4.513
225,XS2583203950,5.292
226,XS2582195207,4.037
227,XS2582112947,3.038
228,FR001400FJM4,3.051
229,XS2582358789,5.699
230,SK4000022430,3.467
231,XS2582501925,5.618
232,AT0000A326M6,3.22
233,FR001400FIG8,3.013
234,DE000CZ43ZS7,2.963
235,AT0000A326N4,3.129
236,AT0000A32HA3,4.063
237,DE000SCB0047,3.005
238,XS2581397986,3.262
239,FR001400FD12,3.058
240,SK4000022398,3.36
241,FR001400FFW1,2.956
242,FR001400FDC8,4.729
243,FR001400FDB0,4.26
244,BE0002913946,5.861
245,ES0415306101,
246,XS2580224082,2.752
247,XS2579606927,4.777
248,XS2579324869,3.858
249,DE000MHB33J5,2.817
250,XS2579319513,3.857
251,XS2579284469,3.925
252,XS2579199865,2.991
253,AT0000A32661,3.046
254,XS2579897633,4.843
255,DE000A30V8H6,
256,AT000B067087,3.092
257,DE000LB384E5,2.895
258,XS2578472339,4.694
259,FR001400FAZ5,3.703
260,FR001400FB06,3.666
261,XS2577874782,3.915
262,DE000A30WF68,2.916
263,AT000B049937,3.091
264,XS2577836187,2.913
265,AT000B093901,3.193
266,XS2575965327,3.858
267,ES0413211A75,3.175
268,DE000CZ43ZN8,5.222
269,XS2577396430,4.317
270,XS2577384691,4.396
271,XS2577572188,4.984
272,XS2577054716,4.089
273,XS2577127884,3.652
274,BE6340849569,3.66
275,FR001400F703,3.261
276,FR001400F6E7,4.265
277,FR001400F6O6,4.24
278,DE000A30V5F6,3.048
279,FR001400F5R1,3.161
280,XS2575952937,3.799
281,FR001400F711,3.521
282,XS2577042893,3.636
283,XS2531479462,4.152
284,FR001400F5S9,3.244
285,DE000A30VG92,3.053
286,XS2576255249,4.259
287,XS2577053825,4.843
288,FR001400F6V1,3.951
289,XS2575952853,3.703
290,AT0000A32562,
291,DE000A3MQUY1,3.062
292,XS2576067081,4.275
293,XS2575555938,3.353
294,DE000A3MQUZ8,3.016
295,XS2575556589,3.565
296,XS2575952697,3.991
297,XS2576362839,4.996
298,XS2575971994,4.069
299,XS2575952424,3.864
300,XS2575973776,3.875
301,FR001400F5F6,4.441
302,XS2574873183,3.951
303,FR001400F091,3.193
304,XS2574873266,3.657
305,DE000AAR0371,3.09
306,SI0002103552,
307,XS2570759154,3.14
308,FR001400F1G3,3.709
309,FR001400F1I9,4.106
310,FR001400F0H3,5.092
311,SI0002104303,3.654
312,FR001400F1M1,4.36
313,XS2572496623,4.267
314,XS2572476864,3.692
315,FR001400F281,3.113
316,CH1236363391,4.437
317,XS2572996606,4.071
318,XS2573569220,4.123
319,FR001400F0U6,4.752
320,XS2573712044,4.681
321,XS2573569576,4.235
322,DE000BHY0SP0,3.109
323,DE000BHY0GM2,3.102
324,ES0413900913,3.447
325,XS2572298409,3.326
326,XS2573807778,3.734
327,XS2572989650,3.478
328,XS2573331324,
329,ES0413900905,3.394
330,XS2572989817,3.595
331,FR001400F083,4.536
332,FR001400F075,4.428
333,FR001400EZL5,3.342
334,AT0000A324F5,3.266
335,XS2565831943,3.631
336,IT0005523896,6.174
337,FR001400EHH1,5.035
338,CH1230759495,3.39
339,FR001400EEX5,2.87
340,FR001400EFP8,2.847
341,DE000CZ43ZJ6,2.769
342,XS2563348361,4.448
343,XS2560415965,4.907
344,XS2563002653,4.658
345,XS2561746855,2.723
346,XS2558972415,3.625
347,FR001400EAY1,3.838
348,XS2560411543,3.681
349,ES0413679525,3.081
350,FR001400E946,4.352
351,BE6339428904,5.497
352,XS2560753936,3.584
353,XS2559501429,5.113
354,XS2559580548,4.37
355,FR001400E904,4.216
356,XS2560673662,2.953
357,FR001400E797,4.07
358,XS2559453431,3.353
359,DE000A3LBMY2,3.064
360,XS2545425980,5.043
361,XS2558966953,3.432
362,XS2558395278,4.049
363,XS2558574104,3.106
364,XS2558916693,3.151
365,XS2558953621,3.348
366,FR001400E3H8,4.789
367,XS2558395351,3.714
368,DE000HCB0BQ0,6.309
369,XS2557551889,2.837
370,XS2555179378,3.243
371,XS2558591967,6.112
372,XS2555178644,3.035
373,FR001400E1P5,2.914
374,XS2556232143,3.037
375,FI4000522974,1.526
376,XS2556223233,3.204
377,XS2552362704,4.7
378,FR001400DZM5,4.04
379,CH1214797172,
380,DE000A30V3G9,3.007
381,FR001400DZO1,4.36
382,XS2555925218,5.778
383,FR001400DZN3,4.018
384,XS2555220941,4.529
385,XS2555218291,4.002
386,FI4000541461,3.287
387,XS2555220867,4.304
388,ES0380907065,7.295
389,XS2554997937,4.906
390,DE000MHB32J7,3.056
391,FR001400DXR9,
392,XS2555420103,5.865
393,XS2555221246,4.781
394,XS2554488978,4.297
395,FR001400DXH0,3.185
396,FR001400DAO4,5.461
397,XS2555192710,3.758
398,XS2555198089,
399,XS2555196463,
400,XS2555198162,3.463
401,XS2555209381,3.142
402,XS2554487905,4.141
403,XS2554489513,
404,XS2555187801,
405,DE000A30V2V0,3.113
406,FR001400DTA3,3.581
407,FR001400DT99,3.263
408,XS2553798443,4.084
409,XS2551903425,4.242
410,FR001400DQ84,4.666
411,FR001400DQ92,5.075
412,XS2550909415,4.08
413,FR001400DNT6,3.12
414,FR001400DOV0,3.478
415,FR001400DP44,3.931
416,XS2551280436,3.79
417,PTCGDDOM0036,5.801
418,CH1224575899,5.23
419,XS2550898204,4.762
420,XS2550557800,3.225
421,FR001400DNF5,5.479
422,XS2550881143,4.321
423,FR001400DNG3,4.733
424,FR001400DKT2,3.315
425,XS2550081454,4.697
426,DE000HCB0BP2,3.203
427,XS2549543226,4.32
428,XS2547936984,5.847
429,XS2549702475,3.272
430,XS2549543499,4.556
431,XS2549715618,4.817
432,XS2549543143,3.92
433,FR001400DHZ5,3.044
434,DE000BHY0JW5,3.098
435,XS2547609433,4.055
436,DE000A30WF27,
437,FR001400DGZ7,3.219
438,XS2544645117,3.246
439,DE000BLB6JT9,3.144
440,AT0000A30ZH4,3.293
441,BE6338543786,3.284
442,XS2545247863,3.369
443,XS2544400786,4.719
444,FR001400DC98,3.375
445,DE000LB381U7,2.874
446,XS2545248242,3.755
447,XS2546781555,4.208
448,FR001400DAI6,3.26
449,BE6338167909,3.648
450,DE000CZ43ZF4,2.978
451,XS2545259876,4.581
452,FR001400D8K2,3.641
453,XS2545263399,3.308
454,FR001400D6N0,4.48
455,FR001400D6M2,3.934
456,FR001400D6O8,4.89
457,XS2537251170,3.78
458,XS2545206166,4.45
459,XS2495084621,5.779
460,FR001400D5T9,2.889
461,FR001400D0F9,4.323
462,FR001400D7M0,4.765
463,XS2541314584,3.208
464,XS2542914986,3.929
465,XS2532473555,4.565
466,XS2541853532,2.812
467,XS2544624112,2.822
468,SK4000021820,3.507
469,XS2540993172,3.371
470,XS2540585564,4.266
471,XS2537097409,2.898
472,XS2538368221,3.9
473,XS2536938439,2.75
474,XS2538366878,3.748
475,FR001400A1H6,3.661
476,XS2537060746,4.975
477,FI4000530977,5.088
478,DE000LB38077,2.47
479,XS2533012790,2.945
480,XS2535724772,4.128
481,XS2536730448,
482,FR001400CSG4,4.055
483,XS2536806289,2.579
484,XS2535725159,4.675
485,XS2534891978,3.311
486,DE000CZ43ZB3,4.64
487,DE000A30VPM1,3.971
488,XS2536375368,2.461
489,XS2536431617,4.756
490,XS2534912485,2.595
491,DE000A30VPL3,3.45
492,XS2536376416,2.575
493,XS2535484526,3.094
494,BE0002872530,5.485
495,DE000A3MQUX3,2.579
496,AT000B049929,2.464
497,XS2534984716,2.669
498,XS2534985523,3.176
499,FR001400CRG6,4.946
500,XS2530444624,3.957
501,AT0000A306J4,2.555
502,XS2534276717,2.726
503,DE000NLB3Z75,2.33
504,DE000A30VPD0,
505,XS2530443659,3.014
506,XS2528341501,3.53
507,DE000A30VPC2,2.359
508,XS2534276808,2.975
509,XS2534976886,4.549
510,XS2534785865,3.47
511,XS2528341766,3.949
512,FR001400CQ85,3.396
513,FR001400CND2,2.982
514,XS2531438351,2.527
515,XS2532376949,2.575
516,FR001400CN54,3.232
517,ES0265936031,5.315
518,XS2531803828,2.574
519,FR001400CN47,2.749
520,XS2531420656,3.944
521,XS2530219349,2.701
522,XS2530506752,2.892
523,FR001400CMY0,3.19
524,DE000A2YNWB9,
525,XS2532312548,3.03
526,XS2531567753,2.407
527,FR001400CMZ7,3.7
528,XS2531929094,2.202
529,FR001400CM22,2.498
530,XS2531420730,2.705
531,FR001400CFW8,3.662
532,XS2526860965,2.614
533,AT0000A305R9,
534,XS2528170777,3.245
535,XS2529520715,3.738
536,XS2528582377,3.116
537,XS2521013909,3.733
538,XS2528155893,5.453
539,ES0413900855,2.843
540,FR001400CK81,2.665
541,XS2526835694,4.192
542,XS2530034649,3.86
543,ES0413900848,2.478
544,XS2526839258,2.519
545,XS2528311348,4.029
546,XS2526839175,2.311
547,XS2526839761,2.811
548,XS2528323780,3.49
549,XS2528858033,4.067
550,BE0002876572,3.232
551,XS2526839506,3.011
552,XS2525246901,3.359
553,XS2527451905,2.727
554,DE000CZ45W99,2.305
555,XS2527786755,2.175
556,FR001400CH94,2.876
557,XS2527319979,
558,XS2526882001,
559,CH1210198136,3.374
560,FR001400CGA2,2.221
561,XS2526828996,3.026
562,XS2496028924,3.426
563,XS2496028502,2.844
564,DE000A30WFV1,4.397
565,XS2526825463,2.047
566,XS2525226622,3.53
567,XS2525255647,1.762
568,DK0009410185,1.921
569,DE000MHB31J9,1.942
570,XS2521027446,3.238
571,XS2524740649,2.984
572,XS2523326853,2.089
573,XS2525157470,2.67
574,DE000A162BF5,1.589
575,XS2523390271,2.579
576,DE000BHY0GK6,1.359
577,XS2524675050,1.675
578,XS2521820048,2.035
579,XS2511906310,3.783
580,XS2517103417,2.205
581,XS2517103334,2.737
582,XS2517103250,1.709
583,XS2510903862,2.889
584,DE000NLB3ZZ5,
585,DE000AAR0355,4.567
586,DE000A30WFU3,1.78
587,DE000LB2ZV93,1.81
588,XS2502844116,1.963
589,XS2500847657,1.777
590,BE0002871524,4.082
591,XS2498470116,2.102
592,XS2498554992,4.092
593,XS2495085784,2.132
594,XS2491963638,3.732
595,FR001400B1L7,4.805
596,XS2498042584,3.497
597,XS2496288593,3.104
598,XS2496289138,3.859
599,IT0005499543,2.411
600,DE000A3K5HW7,4.751
601,ES0380907057,4.524
602,FR001400BDD5,3.41
603,DE000HCB0BN7,2.112
604,XS2491542457,3.812
605,BE0974423569,2.977
606,XS2491542374,3.23
607,XS2491738949,3.85
608,XS2493830827,2.517
609,XS2491074923,2.552
610,XS2491664137,4.244
611,XS2491738352,3.152
612,FR001400AEA1,2.564
613,XS2488807244,2.405
614,FR001400B9U1,2.417
615,DE000BLB6JP7,2.544
616,XS2495521515,4.763
617,FR001400ASK0,3.925
618,DE000AAR0348,2.276
619,AT0000A2YBY4,2.238
620,XS2489982293,3.556
621,XS2488626883,3.892
622,XS2491189408,2.612
623,XS2488626610,3.127
624,XS2473715675,2.75
625,CH1194000340,2.764
626,CH1194000357,3.168
627,XS2486589596,
628,XS2489775580,3.55
629,XS2490471807,2.329
630,PTCGDNOM0026,2.9
631,XS2490472102,2.883
632,XS2489138789,3.275
633,DE000A30VGD9,2.684
634,XS2481287634,2.813
635,XS2489627047,1.9
636,XS2489287354,2.259
637,XS2487770104,1.833
638,XS2488800405,1.836
639,XS2484502823,5.056
640,XS2486282358,3.094
641,XS2479941572,2.05
642,XS2479942034,2.469
643,XS2487016250,2.47
644,XS2486839298,2.47
645,XS2446008083,1.636
646,XS2479941499,1.618
647,IT0005495889,1.759
648,DE000SLB4SA6,1.833
649,FR001400AOL7,2.079
650,XS2480543102,2.155
651,FR001400AO14,2.63
652,XS2486449072,1.466
653,XS2486461010,2.179
654,XS2486461523,3.246
655,XS2486461283,2.95
656,FI4000523287,2.416
657,XS2485553866,2.091
658,ES0413860802,1.771
659,FR001400AJT0,1.993
660,XS2484339499,1.964
661,XS2485265214,3.155
662,XS2485537828,3.427
663,DE000HCB0BL1,1.472
664,XS2484340075,2.792
665,XS2485162163,2.375
666,XS2485152362,2.141
667,FR001400AKP6,2.805
668,XS2484586669,1.768
669,FR001400AJW4,1.861
670,XS2482936247,2.217
671,AT000B049911,1.528
672,XS2484327999,1.992
673,FR001400AJY0,3.344
674,XS2484111047,2.207
675,XS2482887879,2.851
676,FR001400AJX2,2.328
677,XS2481285349,1.569
678,FR001400AFN1,2.448
679,XS2478685931,2.362
680,FR001400AFL5,1.959
681,XS2480515662,2.174
682,FR001400AFO9,2.962
683,XS2482618464,2.53
684,BE0002859404,1.52
685,XS2482628851,1.691
686,FI4000522974,1.526
687,XS2475919663,2.59
688,XS2480961015,
689,XS2480958904,1.723
690,FR001400AF72,2.471
691,DE000A30VH59,2.04
692,XS2473687106,2.31
693,NL0015000WP1,1.945
694,XS2480519656,2.328
695,FR001400ABK6,1.797
696,AT0000A2VXQ0,1.652
697,FR001400A9N7,1.702
698,XS2478521151,
699,XS2478690931,1.876
700,XS2478299204,2.211
701,XS2478272938,1.829
702,XS2477935345,1.748
703,XS2478299386,2.478
704,XS2478299469,2.866
705,DE000BHY0SB0,1.769
706,XS2477154871,2.147
707,DE000SCB0039,1.651
708,FR001400A5N5,1.302
709,FR001400A5M7,1.939
710,AT0000A2XLB3,1.372
711,FR0014009YC1,2.455
712,XS2475502832,2.419
713,FR0014009YD9,1.882
714,FR001400A2T9,1.774
715,FR001400A2U7,1.399
716,FR001400A3G4,2.629
717,XS2471770862,3.721
718,XS2473346299,2.038
719,AT0000A2XLD9,1.416
720,XS2472651632,1.052
721,XS2472845911,1.832
722,AT0000A2XLA5,1.334
723,XS2472603740,2.223
724,XS2469466390,
725,DE000A3T0X22,0.312
726,AT0000A2XG57,1.482
727,DE000MHB30J1,1.292
728,DE000A11QJM4,1.345
729,DE000A3T0YH5,1.07
730,XS2468221747,
731,SK4000020673,1.208
732,XS2468129429,1.241
733,FR0014009OM1,1.152
734,BE0002850312,3.072
735,FR0014009O88,1.178
736,FR0014009L57,1.563
737,FR0014009LQ8,2.118
738,XS2466426215,1.015
739,XS2466350993,1.952
740,XS2465792294,2.534
741,XS2466172363,1.717
742,XS2466172280,1.33
743,FR0014009KQ0,1.302
744,FR0014009KS6,0.903
745,AT0000A2WVQ2,1.522
746,XS2465609191,1.021
747,XS2465142755,1.049
748,DE000A3MQXZ2,1.646
749,XS2464732770,2.762
750,XS2463967286,1.079
751,XS2464405229,2.255
752,XS2448335351,2.624
753,XS2463711643,2.156
754,XS2464091029,
755,XS2463934864,2.731
756,XS2441247041,1.397
757,XS2441244535,0.802
758,XS2449330179,1.164
759,XS2463702907,1.021
760,XS2463974571,0.641
761,XS2463518998,1.646
762,FR0014009E07,2.471
763,XS2463505581,0.919
764,FR0014009DZ6,1.89
765,FR0014009EI0,0.454
766,FR0014009EJ8,0.901
767,BE0002846278,1.527
768,XS2462455689,0.825
769,XS2462321303,1.298
770,XS2462321485,1.606
771,DE000A3MQS72,2.489
772,XS2462321212,0.903
773,XS2462466611,1.539
774,DE000A3MQS56,1.523
775,DK0030506886,1.442
776,DE000A3MQS64,2.029
777,XS2462468740,2.072
778,CH1174335732,
779,XS2461741212,0.864
780,CH1174335740,
781,XS2455392584,2.715
782,DE000A14J0N7,0.559
783,XS2460043743,0.727
784,FR0014009A50,1.022
785,CH1168499791,1.109
786,XS2442748385,0.723
787,FR00140098T5,0.753
788,XS2459163619,1.813
789,SK4000020491,0.938
790,XS2459544339,1.897
791,XS2450391581,0.644
792,XS2457496359,1.622
793,IT0005489932,0.777
794,XS2458285355,1.548
795,XS2457002538,0.495
796,DE000CZ45W16,0.508
797,XS2456253082,0.338
798,FR00140095D5,0.625
799,XS2454011839,0.43
800,FR0014008RV7,0.935
801,AT0000A2VL52,0.814
802,XS2451372499,1.29
803,XS2449911143,1.419
804,BE6333477568,0.808
805,FR0014008RP9,0.644
806,FR0014008PK4,1.698
807,DE000A2YNWA1,0.676
808,FR0014008JQ4,2.595
809,XS2447539060,1.694
810,FR0014008MT2,1.245
811,XS2448001813,1.099
812,XS2444424639,1.023
813,XS2447983813,1.394
814,XS2446284783,0.761
815,XS2448014808,1.041
816,XS2447561403,0.599
817,FR0014008JP6,0.805
818,DE000A3MP619,0.775
819,XS2447564332,1.051
820,XS2443485565,1.345
821,FR0014008FH1,0.92
822,FR0014008E08,0.637
823,XS2443893255,1.15
824,XS2444281260,0.969
825,XS2444286145,1.388
826,XS2440678915,0.748
827,FR00140087C4,1.055
828,XS2441296923,0.555
829,XS2442765124,1.326
830,XS2442764747,0.979
831,XS2442768227,0.834
832,XS2441574089,1.235
833,DE000SLB4253,0.345
834,FR00140082Z6,1.728
835,XS2441055998,0.558
836,XS2439004685,1.571
837,XS2439004412,1.092
838,XS2440690456,0.852
839,XS2437455277,0.368
840,FR0014008066,0.215
841,XS2438615606,0.297
842,XS2438616240,0.945
843,XS2413672234,2.582
844,XS2430442868,1.916
845,XS2436160936,0.161
846,DE000MHB29J3,0.218
847,XS2436160779,0.121
848,XS2430951744,0.184
849,XS2435783613,0.209
850,FR0014007VS7,0.489
851,XS2436159847,0.186
852,FR0014007VP3,1.048
853,DE000BHY0GN0,0.412
854,FR0014007VF4,0.467
855,DE000LB2ZSM3,0.209
856,BE0002838192,1.03
857,XS2435570895,0.634
858,XS2432361421,0.991
859,XS2435603571,0.695
860,XS2435611244,1.509
861,XS2435614693,0.398
862,BE0002839208,0.808
863,XS2434702424,0.673
864,XS2434763483,2.177
865,XS2434412859,0.411
866,XS2434787235,1.261
867,XS2434791690,0.942
868,XS2432544349,1.074
869,FR0014007QT5,0.388
870,XS2433206740,0.943
871,XS2430287529,1.207
872,XS2412556461,1.126
873,XS2433361719,1.061
874,DE000A3T0X97,0.318
875,XS2433226854,1.271
876,FR0014007NF1,1.057
877,IT0005481046,0.466
878,FR0014007QS7,0.053
879,XS2430287362,2.085
880,DE000HCB0BH9,0.075
881,IT0005481038,0.783
882,XS2433211310,0.829
883,XS2433126807,0.086
884,XS2432567555,0.426
885,XS2433141947,1.646
886,XS2433135543,1.589
887,XS2433240764,0.598
888,XS2431318802,1.742
889,XS2432565005,1.105
890,DE000AAR0322,0.874
891,XS2431318711,0.669
892,XS2431319107,2.137
893,FR0014007Q96,0.828
894,FR0014007PX9,0.392
895,FR0014007PY7,0.667
896,XS2432565187,2.041
897,XS2432293913,1.306
898,DE000A3MQNQ2,1.576
899,BE6332786449,1.686
900,FR0014007PV3,0.74
901,XS2432530637,0.586
902,FR0014007PW1,1.176
903,BE6332787454,2.322
904,DE000A3MQNP4,1.017
905,XS2431320378,1.084
906,XS2432293673,0.295
907,XS2432502008,0.514
908,XS2432293756,1.027
909,DE000A3MQNN9,0.518
910,XS2430285077,0.064
911,FR0014007MK3,1.146
912,FR0014007LP4,0.848
913,DE000CZ45WY7,0.315
914,XS2430284930,0.44
915,XS2430970884,0.832
916,XS2430998893,0.905
917,FR0014007LL3,0.63
918,FR0014007LM1,1.116
919,AT0000A2UXN9,0.052
920,FR0014007LK5,0.998
921,AT0000A2UXM1,0.078
922,DE000AAR0314,0.195
923,XS2421195848,0.766
924,XS2421186268,-0.004
925,FR0014006ZC4,0.735
926,XS2421006201,0.427
927,XS2411311652,0.399
928,XS2411311579,0.082
929,XS2418730995,0.165
930,FR0014006WB3,0.243
931,FR0014006TQ7,1.802
932,FR0014006XE5,0.068
933,BE0002832138,0.349
934,XS2414830963,0.931
935,XS2416413339,0.452
936,ES0380907040,1.015
937,FR0014006NI7,0.619
938,XS2415386726,0.738
939,FR0014006UI2,-0.115
940,XS2416563901,0.212
941,FR0014006UO0,1.198
942,XS2410368042,0.875
943,XS2411720233,0.467
944,XS2412044641,1.077
945,XS2412732708,1.888
946,XS2412044567,0.528
947,XS2412105533,-0.087
948,XS2412258522,0.987
949,XS2411726438,0.851
950,XS2411166973,0.897
951,XS2411638575,0.237
952,BE0002831122,0.696
953,XS2407969885,0.84
954,XS2409134371,0.316
955,DE000MHB27J7,0.033
956,BE0002830116,0.903
957,XS2407955827,0.501
958,XS2406578059,0.04
959,XS2407985220,0.067
960,FR0014006IV0,0.176
961,XS2406890066,0.984
962,XS2407357768,0.176
963,XS2407027031,1.845
964,FR0014006G24,1.109
965,XS2406913884,-0.117
966,XS2406915236,0.934
967,XS2406549464,-0.11
968,XS2406914346,0.318
969,XS2407010656,0.702
970,XS2405875480,0.338
971,XS2406010285,0.282
972,FR0014006FE2,0.52
973,XS2402009539,-0.089
974,BE6331562817,0.992
975,XS2402178300,0.755
976,CH1142231690,0.882
977,FR0014006CS9,0.528
978,XS2404591161,0.095
979,XS2404629235,0.175
980,CH1142231682,0.358
981,XS2404651163,1.019
982,XS2402178565,1.092
983,DE000HCB0BC0,0.116
984,FR0014006C10,1.039
985,XS2404214020,0.927
986,XS2404213485,0.366
987,XS2404027935,0.253
988,XS2403444677,0.55
989,XS2403533263,1.071
990,DE000BLB6JL6,0.141
991,IT0005461626,0.676
992,XS2402064559,0.095
993,FR00140067I3,0.118
994,DE000A3T0X22,0.312
995,XS2388377827,0.258
996,FR0014005ZP8,0.552
997,DE000LB2V833,0.498
998,XS2400997131,0.096
999,XS2401439174,0.015
1000,FR00140065E6,0.946
1001,XS2398807383,0.559
1002,XS2395267052,0.277
1003,XS2400445289,0.541
1004,DK0004133139,0.32
1005,DK0004132677,0.185
1006,FR0014005ZQ6,1.124
1007,FR00140060E7,0.622
1008,XS2399154181,0.954
1009,FR0014006268,0.616
1010,XS2393768788,0.048
1011,FR0014006276,-0.023
1012,XS2399933386,1.077
1013,XS2398745849,0.163
1014,XS2398745922,1.007
1015,XS2398746144,1.659
1016,DE000BHY0H34,0.133
1017,XS2397372850,-0.142
1018,XS2397367421,-0.19
1019,DE000CZ45WU5,0.099
1020,XS2397252102,1.043
1021,ES0243307016,0.567
1022,XS2397077426,0.159
1023,XS2397252011,1.641
1024,XS2397239000,0.254
1025,XS2396616455,0.051
1026,XS2397352233,-0.181
1027,XS2393539593,0.763
1028,DE000A1KRJV6,-0.074
1029,XS2388941077,0.416
1030,FR0014005SR9,1.848
1031,XS2394063437,0.537
1032,XS2393701284,0.512
1033,FR0014005OK3,0.395
1034,XS2393661397,-0.158
1035,XS2393762070,0.334
1036,XS2393701953,1.036
1037,BE6331175826,0.572
1038,FR0014005SC1,0.343
1039,XS2391348740,0.095
1040,XS2393518910,0.027
1041,XS2393236000,0.347
1042,XS2391430837,0.893
1043,XS2393236695,0.904
1044,XS2393080077,0.319
1045,XS2391570418,0.048
1046,FR0014005OL1,0.083
1047,XS2390837495,-0.198
1048,AT0000A2T487,0.016
1049,FR0014005N34,-0.084
1050,XS2392593161,0.365
1051,FR0014005MV4,0.521
1052,XS2390506546,0.496
1053,AT0000A2T4M8,-0.082
1054,XS2390400633,0.064
1055,XS2391343196,-0.115
1056,XS2390400716,0.388
1057,XS2391406530,0.365
1058,XS2390400807,0.915
1059,XS2390530330,0.64
1060,XS2390546849,1.566
1061,XS2389362687,-0.069
1062,IT0005459067,-0.003
1063,XS2389757944,0.244
1064,XS2388084480,0.539
1065,BE0002818996,1.117
1066,DE000A3E5VX4,0.735
1067,XS2388390689,0.44
1068,DE000NLB3UX1,-0.305
1069,XS2388876232,0.966
1070,XS2388390507,-0.067
1071,XS2388182573,0.519
1072,XS2360041474,0.591
1073,XS2388183381,1.012
1074,PTCGDCOM0037,0.405
1075,XS2386592567,0.509
1076,DE000HCB0A86,0.551
1077,XS2386592484,0.22
1078,XS2388449758,0.529
1079,XS2387735470,0.955
1080,XS2384373341,1.841
1081,FR0014005H24,0.113
1082,XS2385390724,0.659
1083,XS2385389551,0.182
1084,XS2384274440,0.421
1085,XS2384734542,0.265
1086,XS2387052744,0.935
1087,XS2387060259,0.67
1088,XS2386877133,0.33
1089,XS2386650274,0.901
1090,CH1130818847,0.553
1091,XS2386592138,-0.027
1092,XS2386592302,0.424
1093,AT0000A2SUL3,-0.132
1094,XS1419674525,1.554
1095,DE000AAR0306,-0.171
1096,XS2385790667,0.313
1097,XS2386287762,-0.233
1098,AT0000A2SUH1,0.351
1099,XS2386287689,0.75
1100,XS2385393587,2.106
1101,XS2385393405,1.192
1102,FR0014005E35,-0.174
1103,XS2383811424,1.847
1104,AT0000A2STT8,-0.188
1105,XS2384697830,0.57
1106,XS2384413311,0.366
1107,BE6330288687,0.763
1108,XS2383886947,0.107
1109,XS2381560411,0.294
1110,XS2384580218,-0.181
1111,XS2382953789,0.457
1112,ES0265936023,0.521
1113,XS2379637767,0.967
1114,XS2384274366,0.682
1115,XS2384269366,0.887
1116,XS2384273715,0.604
1117,XS2384269101,0.316
1118,XS2382849888,0.102
1119,DE000A3MP4S3,
1120,DE000A3MP4U9,
1121,DE000A3MP4V7,0.802
1122,XS2345317510,0.091
1123,DE000A3MP4T1,0.065
1124,DE000A3MP4W5,1.715
1125,XS2381873384,0.862
1126,XS2381362966,0.255
1127,XS2381853279,0.287
1128,XS2381599898,0.09
1129,XS2381853436,0.867
1130,DE000AAR0298,0.07
1131,DE000A3E5K73,-0.375
1132,DE000BHY0HZ2,-0.4
1133,XS2374595044,0.194
1134,XS2374594823,0.49
1135,XS2374595127,-0.026
1136,XS2369906644,0.901
1137,FR0014004UE6,1.009
1138,DE000NWB0AN7,-0.052
1139,FR0014004R72,0.586
1140,FR0014004QX4,0.156
1141,FR0014004QI5,1.063
1142,XS2366741770,0.056
1143,DE000LB2V7C3,0.274
1144,XS2365097455,0.98
1145,FR0014004KP3,
1146,XS2364756036,0.023
1147,XS2363719050,1.295
1148,XS2364001078,0.672
1149,XS2363203675,1.985
1150,DE000A3KPTG6,1.032
1151,DE000A289LU4,0.291
1152,XS2361047454,1.288
1153,XS2363117321,0.348
1154,EU000A1G0EL5,-0.317
1155,FR0014004I65,-0.23
1156,ES0239140033,0.916
1157,FR0014004EJ9,-0.107
1158,XS2291340433,0.822
1159,FR0014004GE5,0.266
1160,XS2360599281,0.03
1161,FR0014004FR9,0.587
1162,IT0005451759,0.039
1163,XS2360881549,0.831
1164,XS2361358539,0.954
1165,XS2361358299,0.493
1166,XS2360589217,0.048
1167,XS2360310044,0.807
1168,XS2358231798,0.758
1169,AT0000A2RZH2,0.174
1170,XS2354685575,0.361
1171,XS2357951164,1.144
1172,DE000A3E5VK1,0.802
1173,FR0014004A06,0.822
1174,FR00140049Z5,-0.004
1175,FR00140049N1,0.136
1176,XS2358287238,0.05
1177,FR00140049A8,0.994
1178,XS2358724123,0.207
1179,XS2358471246,0.524
1180,DE000A3E5QW6,0.303
1181,XS2357417257,0.671
1182,FR0014004750,0.287
1183,XS2349343090,0.773
1184,XS2355632741,1.421
1185,XS2357205587,0.398
1186,FR00140044X1,0.792
1187,AT0000A2RY95,0.144
1188,XS2356076625,1.216
1189,ES0239140025,0.884
1190,XS2356029541,0.587
1191,XS2356030556,1.341
1192,XS2356049069,0.404
1193,XS2356040357,0.764
1194,XS2356041165,1.362
1195,XS2355599197,0.204
1196,XS2353478063,0.616
1197,XS2354444379,1.145
1198,XS2354569407,0.583
1199,XS2352405216,0.499
1200,XS2354444023,0.11
1201,XS2354246816,0.497
1202,XS2353366268,0.951
1203,XS2353182020,0.183
1204,XS2353182293,0.531
1205,XS2353182376,1.015
1206,FI4000466412,-0.274
1207,BE0002803840,0.345
1208,FR0014003Z81,0.107
1209,XS2344735811,0.396
1210,XS2353312254,0.161
1211,DE000A3KSGM5,0.033
1212,XS2348408514,1.041
1213,XS2350632472,0.284
1214,XS2350621863,-0.054
1215,XS2350746215,0.668
1216,XS2350744434,0.992
1217,XS2351220814,0.766
1218,XS2351092478,0.655
1219,XS2351089508,0.056
1220,DE000A3E5L98,0.299
1221,BE6328785207,0.418
1222,XS2348030425,0.21
1223,XS2348030268,-0.222
1224,XS2348325650,0.584
1225,XS2348325494,0.584
1226,XS2348324414,0.007
1227,XS2348325221,0.147
1228,FR0014003S72,1.057
1229,XS2346124410,0.488
1230,FR0014003SA0,0.684
1231,XS2348638433,1.057
1232,FR0014003Q41,0.033
1233,XS2348237871,1.563
1234,AT0000A2RK00,0.575
1235,FR0014003RH7,0.152
1236,BE0002799808,0.792
1237,XS2347367018,1.471
1238,XS2344569038,0.951
1239,XS2346973741,1.593
1240,XS2346986990,0.19
1241,XS2340538680,0.919
1242,FR0014003N69,0.461
1243,XS2345996743,1.066
1244,XS2344385815,0.98
1245,XS2345845882,0.124
1246,XS2346253730,0.867
1247,XS2346206902,0.489
1248,XS2346208197,1.307
1249,DE000SLB4238,0.215
1250,XS2346207892,0.885
1251,AT000B093547,0.614
1252,XS2345982362,0.296
1253,FR0014003MI6,1.442
1254,XS2345315142,1.452
1255,FR0014003MJ4,0.778
1256,XS2343850033,0.999
1257,XS2343563214,0.338
1258,XS2343822503,0.72
1259,XS2343510520,0.554
1260,XS2343821794,0.057
1261,XS2343822842,0.401
1262,XS2343540519,0.625
1263,XS2342706996,0.11
1264,AT0000A2RAA0,0.236
1265,DK0030485271,0.147
1266,FR0014003GX7,1.066
1267,XS2342589582,0.144
1268,DK0030486592,1.6
1269,XS2342227837,1.045
1270,DK0030486402,0.755
1271,XS2342058117,0.809
1272,XS2341269970,1.21
1273,XS2341719503,-0.115
1274,XS2340854848,0.122
1275,FR0014003BW0,0.099
1276,DE000A14J0M9,
1277,XS2338955805,0.195
1278,DE000LB2V5T1,0.469
1279,XS2338561348,0.572
1280,DE000MHB28J5,0.325
1281,EU000A1Z99P9,
1282,DE000BLB6JK8,0.055
1283,XS2338355014,1.01
1284,XS2337335710,-0.033
1285,XS2332552541,1.652
1286,XS2332689764,0.773
1287,XS2332689418,0.146
1288,XS2332689681,0.49
1289,DE000A3E5S00,0.77
1290,FR00140033E4,-0.065
1291,XS2331921390,1.59
1292,XS2333391303,-0.04
1293,XS2333391485,0.859
1294,XS2333649759,0.152
1295,XS2333658073,-0.224
1296,XS2333297625,0.741
1297,FR0014003182,0.482
1298,DE000BHY0SL9,0.411
1299,DE000A3H2TQ6,-0.107
1300,XS2328980979,-0.01
1301,XS2328981431,0.336
1302,XS2332687040,1.854
1303,XS2332592760,0.147
1304,XS2332186001,0.505
1305,XS2332179725,0.08
1306,XS2331271242,0.736
1307,XS2331315635,0.509
1308,XS2329143510,0.184
1309,XS2331216577,0.199
1310,FR0014002X50,-0.102
1311,BE6327721237,1.564
1312,XS2328418186,0.756
1313,XS2329144591,0.843
1314,XS2328625723,-0.283
1315,XS2328823104,1.247
1316,FR0014002S57,0.062
1317,DE000A3H25Q2,1.425
1318,DE000A3H25P4,0.645
1319,XS2327299298,0.295
1320,XS2327298217,-0.02
1321,XS2327299884,
1322,XS2324724645,1.925
1323,XS2327420977,0.656
1324,FR0014002QG3,1.698
1325,XS2326546350,0.538
1326,XS2326546434,0.029
1327,FR0014002O10,2.125
1328,XS2324722607,1.034
1329,XS2325743990,1.38
1330,XS2323295563,0.046
1331,FR0014002PC4,1.673
1332,XS2322438990,0.895
1333,FR0014002NR7,0.009
1334,XS2324836878,0.256
1335,BE0002784651,1.037
1336,XS2325733413,0.709
1337,FI4000496468,1.122
1338,XS2324772453,0.449
1339,AT0000A2QL75,1.052
1340,XS2324321285,
1341,XS2324321368,
1342,XS2324405203,-0.093
1343,FI4000496286,0.9
1344,FR0014002KP7,1.534
1345,DE000A3E5FR9,0.65
1346,FI4000496344,0.097
1347,DE000A3KNP88,0.239
1348,SK4000018693,-0.225
1349,DE000A3KNP96,0.807
1350,DE000A3KNQA0,1.324
1351,DE000BHY0GE9,-0.252
1352,XS2320789014,0.149
1353,XS2320539765,0.416
1354,XS2320747285,0.302
1355,XS2322289385,0.0
1356,XS2322253944,0.754
1357,XS2314267449,0.795
1358,DE000A3H3JU7,0.943
1359,XS2310797696,1.125
1360,XS2320453884,0.609
1361,XS2320459063,1.832
1362,XS2321526480,0.546
1363,AT000B122080,0.987
1364,XS2320438653,0.673
1365,FI4000490602,0.752
1366,XS2317288301,0.417
1367,FR0014002G36,0.818
1368,FR0014002G44,0.28
1369,XS2314657409,0.785
1370,FR0014002FB7,0.034
1371,IT0005437733,0.238
1372,FR0014002FC5,0.433
1373,DE000CB0HRY3,0.112
1374,DE000A3H3JM4,0.815
1375,XS2310411090,1.794
1376,AT0000A2QDQ2,0.045
1377,FR0014002BJ9,0.913
1378,XS2311407352,0.45
1379,XS2312722916,0.309
1380,XS2312584779,0.048
1381,XS2312723138,0.831
1382,XS2308321962,0.106
1383,XS2308322002,0.512
1384,XS2312723302,1.425
1385,DE000MHB64E1,
1386,DE000HCB0AZ3,0.391
1387,FR0014002C30,0.122
1388,XS2307864020,1.041
1389,XS2307863642,0.247
1390,XS2307863998,0.583
1391,XS2308586911,0.233
1392,XS2304340263,0.34
1393,XS2308298962,0.473
1394,AT000B066907,0.282
1395,XS2304340693,1.11
1396,XS2308616841,0.519
1397,XS2307853098,0.781
1398,XS2307764311,1.364
1399,XS2307764238,0.822
1400,NL00150008B6,0.388
1401,XS2306988564,0.544
1402,XS2307768734,0.628
1403,XS2306986782,0.135
1404,FR00140027U2,0.752
1405,XS2307573993,-0.041
1406,XS2303070911,0.397
1407,XS2306851853,0.627
1408,XS2306220190,0.046
1409,XS2306517876,0.314
1410,XS2305600723,0.087
1411,CH0595205524,0.328
1412,CH0595205532,0.741
1413,DK0030484548,0.445
1414,XS2305244241,0.328
1415,DE000A3H2457,-0.192
1416,DE000A3H2465,0.194
1417,XS2303927227,0.373
1418,FR00140022B3,0.202
1419,XS2303089697,0.098
1420,XS2303052695,0.813
1421,XS2300292963,1.441
1422,XS2301127119,0.868
1423,XS2300292617,0.887
1424,XS2301390089,2.009
1425,XS2300293003,2.183
1426,XS2190256706,0.765
1427,FR0014001ZD3,0.138
1428,DE000A289LU4,0.291
1429,XS2190256706,0.765
1430,PTBCPHOM0066,1.15
1431,XS2299002423,0.587
1432,XS2299001888,0.163
1433,XS2297882644,0.155
1434,XS2298304499,0.221
1435,FR0014001YB0,1.9
1436,FR0014001YE4,0.803
1437,DE000BLB6JJ0,0.216
1438,XS2296206068,1.028
1439,BE6326767397,-0.135
1440,XS2297549391,0.571
1441,XS2296204444,0.537
1442,XS2297177664,0.289
1443,XS2294495838,2.937
1444,DE000A3H2TK9,-0.25
1445,DE000NWB0AL1,
1446,FR0014001QL5,-0.215
1447,DE000A3H2ZX9,0.1
1448,XS2292547317,0.579
1449,XS2292487076,0.434
1450,BE0002767482,0.232
1451,XS2292486771,-0.038
1452,DE000A287179,1.092
1453,XS2289870938,1.6
1454,AT0000A2N7F1,0.67
1455,XS2282707178,-0.17
1456,XS2291340433,0.822
1457,XS2291901994,-0.29
1458,DE000BHY0C47,-0.217
1459,XS2291788656,-0.128
1460,XS2290544068,1.678
1461,FR0014001MO8,-0.297
1462,AT0000A2N837,0.323
1463,DE000A162BC2,-0.215
1464,FR0014001MN0,0.026
1465,DE000MHB27J7,0.033
1466,XS2289797248,0.905
1467,XS2289593670,-0.19
1468,DK0009404618,-0.297
1469,XS2289408440,0.163
1470,XS2288925568,1.011
1471,XS2287624584,0.192
1472,XS2286441964,0.181
1473,XS2281473111,0.119
1474,XS2289133915,0.347
1475,XS2288948859,0.141
1476,XS2289133758,0.862
1477,XS2286442186,0.663
1478,XS2283188683,0.971
1479,FR0014001I68,0.289
1480,FR0014001GV5,-0.188
1481,FR0014001IP3,0.635
1482,XS2286044370,0.089
1483,DE000LB2CW16,0.426
1484,FR0014001I50,-0.021
1485,FR0014001IM0,0.639
1486,FR0014001IO6,0.118
1487,XS2281343686,1.065
1488,XS2281343256,0.455
1489,XS2281343413,0.772
1490,XS2281342878,0.013
1491,XS2282195176,0.689
1492,DE000AAR0280,-0.402
1493,XS2282101539,0.393
1494,XS2282094494,0.274
1495,FR0014001EW8,0.135
1496,XS2282095970,0.572
1497,FR0014001G37,0.325
1498,XS2282093769,0.015
1499,FR0014001G29,0.032
1500,XS2282210231,0.211
1501,XS2280845491,-0.11
1502,XS2280845145,0.246
1503,XS2281155254,0.322
1504,XS2275029085,0.818
1505,FR00140010J1,1.779
1506,FR0014000Y93,0.238
1507,XS2270406452,0.633
1508,XS2264193819,
1509,DE000DFK0GB1,
1510,XS2270142966,0.642
1511,XS2268340010,0.034
1512,FR0014000UL9,0.633
1513,XS2265990452,0.348
1514,BE0002755362,0.258
1515,FR0014000UD6,1.401
1516,ES0305523005,-0.009
1517,XS2265360359,0.707
1518,XS2265801238,0.792
1519,XS2265371042,0.378
1520,FR0014000UC8,0.747
1521,XS2265968284,0.016
1522,BE6325493268,0.957
1523,XS2264978623,-0.21
1524,XS2264712436,-0.1
1525,FR0014000T33,1.696
1526,FR0014000S75,0.364
1527,FR0013537305,0.024
1528,XS2264087110,0.066
1529,FI4000466412,-0.274
1530,FR0014000O87,0.878
1531,FR0014000PF1,-0.059
1532,XS2262802601,-0.277
1533,XS2261215011,
1534,XS2262798494,0.653
1535,XS2262065159,0.189
1536,XS2262065233,0.53
1537,DK0030467105,0.276
1538,XS2260183285,-0.179
1539,XS2159795124,-0.095
1540,XS2259776230,0.041
1541,DE000HCB0AY6,0.753
1542,XS2259865926,-0.025
1543,XS2259867039,0.503
1544,XS2257961818,0.242
1545,XS2259193998,0.174
1546,AT0000A2KW37,0.159
1547,XS2258389415,0.13
1548,FR0014000KT3,0.902
1549,XS2257857834,-0.362
1550,ES0205032040,0.54
1551,XS2251233651,1.143
1552,XS2244415175,1.6001
1553,DE000MHB26J9,0.02
1554,XS2251330184,0.185
1555,XS2251626896,0.407
1556,CH0576402181,0.367
1557,FR0014000D56,0.654
1558,FR0014000D49,0.289
1559,FR0014000D31,0.014
1560,FR0014000C81,0.863
1561,FR0014000C73,0.084
1562,ES0205045026,0.955
1563,DE000AAR0272,-0.43
1564,XS2234579675,0.303
1565,XS2250024010,0.471
1566,XS2248827771,1.181
1567,XS2247718435,1.311
1568,FR00140009U0,-0.024
1569,DE000A3H24G6,-0.267
1570,DE000A3H2TW4,0.482
1571,XS2242747348,0.541
1572,XS2242747181,0.155
1573,XS2247549731,1.83
1574,XS2242728041,0.266
1575,XS2243666125,0.413
1576,XS2243983520,0.39
1577,BE6324720299,0.045
1578,FR00140004Q9,-0.027
1579,FR00140005J1,0.412
1580,XS2240511076,-0.043
1581,XS2242921711,0.549
1582,FR00140005C6,1.551
1583,FR00140005T0,0.215
1584,ES0239140017,1.402
1585,XS2243314528,-0.13
1586,BE6324664703,1.117
1587,XS2238292010,-0.291
1588,XS2240494471,1.739
1589,FR00140003P3,0.118
1590,XS2241387096,0.693
1591,XS2241387252,0.214
1592,FR00140003A5,1.713
1593,FR0014000394,0.895
1594,DE000AAR0264,0.57
1595,XS2236283383,0.568
1596,XS2240505268,0.074
1597,XS2239553048,1.286
1598,XS2240507801,2.218
1599,XS2239067379,0.866
1600,XS2238342484,2.179
1601,XS2240063730,0.189
1602,XS2237434472,0.488
1603,XS2237447961,1.148
1604,XS2237901355,0.426
1605,XS2237321190,-0.367
1606,FR0013536950,-0.162
1607,DE000SLB4204,-0.15
1608,XS2148051621,-0.341
1609,XS2236363573,1.985
1610,XS2235996217,0.081
1611,XS2234567233,0.944
1612,DE000CB0HRQ9,0.861
1613,XS2234567662,1.366
1614,XS2234711294,-0.267
1615,NL0015614611,0.081
1616,XS2237434803,3.279
1617,XS2234573710,-0.161
1618,XS2235987224,0.439
1619,XS2235986929,0.116
1620,XS2234568983,-0.279
1621,AT000B049846,0.073
1622,FR0013535820,
1623,XS2231259305,0.553
1624,XS2231267829,0.717
1625,FR0013535101,1.483
1626,XS2230884657,0.211
1627,FR0013534500,0.979
1628,FR0013535150,1.383
1629,XS2231792586,0.608
1630,XS2231588547,0.115
1631,AT0000A2JAF6,0.11
1632,FR0013534484,0.211
1633,FR0013534674,0.634
1634,XS2231183646,1.773
1635,XS2231165668,1.626
1636,XS2230266301,0.322
1637,XS2230845328,-0.36
1638,FR0013534278,0.201
1639,XS2229470146,0.995
1640,XS2229434852,0.616
1641,XS2227906034,0.06
1642,BE0002728096,0.192
1643,XS2228897158,1.016
1644,XS2227906208,1.04
1645,FR0013533403,-0.262
1646,XS2227905903,0.562
1647,XS2228245838,1.158
1648,FR0013533031,2.877
1649,XS2227050379,
1650,XS2227050023,
1651,XS2226280084,0.242
1652,XS2225890537,1.143
1653,XS2225207468,1.491
1654,BE6324012978,0.422
1655,DE000CZ45V82,0.484
1656,FR0013532280,0.603
1657,DE0001789279,-0.465
1658,XS2209023402,0.783
1659,XS2207976783,2.226
1660,XS2207657417,0.251
1661,XS2207857264,0.521
1662,FR0013524865,3.344
1663,XS2199719233,
1664,XS2193733503,1.102
1665,XS2205081966,0.669
1666,XS2199348231,0.052
1667,XS2202744384,2.321
1668,XS2201946634,2.519
1669,DE000A28ZQP7,0.679
1670,DE000A28ZQQ5,1.086
1671,XS2200513070,0.823
1672,XS2199604096,1.436
1673,XS2200175839,1.529
1674,XS2199265617,0.489
1675,XS2199266003,0.865
1676,XS2199266698,1.384
1677,XS2199716304,2.587
1678,XS2199484929,-0.156
1679,XS2199266268,1.134
1680,FR0013522695,0.665
1681,NL0015436072,-0.054
1682,BE6322991462,0.223
1683,FR0013522703,1.16
1684,XS2191358824,0.003
1685,XS2198964178,0.964
1686,FR0013522141,1.649
1687,FR0013522133,1.266
1688,XS2197945251,-0.06
1689,FR0013521960,1.8
1690,XS2197342129,0.135
1691,XS2195096420,1.478
1692,XS2197356186,1.198
1693,XS2196317742,2.076
1694,FR0013521267,2.045
1695,XS2196308758,0.837
1696,XS2195092601,2.353
1697,XS2193956716,0.455
1698,XS2190979489,1.69
1699,XS2194370727,1.133
1700,XS2193857575,3.732
1701,XS2194373077,-0.144
1702,XS2193960668,1.765
1703,FR0013520210,0.222
1704,XS2193734733,1.714
1705,XS2193979254,0.701
1706,XS2126084750,2.919
1707,XS2194283839,1.737
1708,XS2193657561,1.225
1709,XS2194282948,0.807
1710,XS2192431380,0.411
1711,XS2193978363,0.294
1712,XS2194283672,1.224
1713,XS2194192527,2.154
1714,XS2193666042,0.38
1715,FR0013519071,1.176
1716,FR0013519279,1.681
1717,FR0013519568,-0.05
1718,XS2191438857,
1719,XS2193654386,1.397
1720,SK4000017455,-0.22
1721,XS2191013171,1.529
1722,XS2193666125,0.957
1723,XS2191509038,0.464
1724,FR0013519048,0.648
1725,XS2193658619,1.988
1726,XS2190256706,0.765
1727,FR0013518420,2.64
1728,FR0013518537,1.38
1729,XS2190255211,0.643
1730,XS2177443343,1.767
1731,FR0013518081,1.549
1732,BE0974365976,0.497
1733,PTGALCOM0013,2.048
1734,XS2190134184,1.341
1735,XS2189964773,-0.015
1736,FR0013518057,1.306
1737,XS2189614014,0.139
1738,XS2189613982,0.803
1739,XS2189592616,1.386
1740,FR0013517059,0.8
1741,DE000LB2CTH0,-0.188
1742,XS2188805845,1.447
1743,XS2188805688,0.943
1744,FR0013517711,0.08
1745,FR0013517190,0.484
1746,FR0013517307,1.369
1747,FR0013517026,0.395
1748,XS2187529180,1.659
1749,XS2186093410,0.074
1750,XS2187525949,0.397
1751,DK0009529901,0.623
1752,XS2132337697,0.978
1753,XS2185867913,1.7
1754,XS2185867830,1.402
1755,XS2185868051,2.426
1756,DE000A289DB1,0.101
1757,DE000A289DC9,0.283
1758,FR0013516176,0.334
1759,XS2182067350,2.344
1760,FR0013515871,1.564
1761,XS2182404298,0.855
1762,BE0002707884,-0.188
1763,BE0002699800,0.942
1764,FR0013515715,0.049
1765,FR0013515749,1.323
1766,XS2180509999,1.732
1767,XS2180510732,1.279
1768,FR0013514502,0.053
1769,XS2180007549,1.61
1770,XS2180009081,2.604
1771,XS2178769159,1.528
1772,XS2180008513,2.069
1773,XS2178957077,1.981
1774,XS2179959817,2.001
1775,XS2178769076,1.103
1776,XS2170736263,1.149
1777,XS2170736180,0.765
1778,XS2175967343,1.607
1779,XS2178585423,2.259
1780,XS2178457425,1.721
1781,XS2178586157,2.714
1782,XS2178833427,0.849
1783,XS2178833690,1.445
1784,XS2177442295,1.807
1785,DE000A289XJ2,2.125
1786,XS2177122624,0.764
1787,DE000A289XG8,2.397
1788,XS2177555062,2.892
1789,XS2177122541,0.467
1790,DE000A289XH6,1.68
1791,XS2177552390,2.526
1792,XS2177122897,1.014
1793,XS2177441990,1.2
1794,FR0013513538,0.792
1795,XS2177013336,0.471
1796,XS2176562812,2.414
1797,XS2176710510,-0.038
1798,ES0205032032,1.382
1799,XS2176534282,0.35
1800,XS2176686546,0.495
1801,XS2176715667,0.488
1802,XS2176715311,0.027
1803,XS2176715584,0.23
1804,XS2176558620,1.573
1805,XS2176569312,1.618
1806,DE000A289NX4,0.702
1807,XS2176534795,0.782
1808,XS2176605306,0.952
1809,FR0013512969,1.053
1810,FR0013512944,2.824
1811,DE000NWB2MC1,-0.009
1812,XS2170362326,-0.008
1813,XS2171875839,3.184
1814,XS2171872570,3.155
1815,XS2170362912,0.534
1816,XS2173114542,0.601
1817,XS2169243479,0.48
1818,XS2171759256,2.45
1819,XS2170362672,0.219
1820,XS2171713006,1.113
1821,FR0013512381,0.298
1822,FR0013512449,1.28
1823,XS2171253912,0.535
1824,FR0013512407,0.824
1825,XS2171210862,0.481
1826,FR0013512233,2.118
1827,XS2171316859,
1828,XS2168625544,0.511
1829,XS2168630205,1.761
1830,XS2168625460,0.284
1831,XS2168647357,1.447
1832,XS2168629967,1.271
1833,XS2168285000,0.888
1834,FR0013511227,0.93
1835,XS2166122486,0.849
1836,XS2166754957,1.49
1837,FR0013511615,-0.036
1838,XS2166122304,0.548
1839,XS2168307333,0.825
1840,XS2166755509,2.049
1841,XS2166219720,0.637
1842,FR0013511151,0.76
1843,FR0013511169,1.065
1844,DE000A289NF1,1.696
1845,FR0013510823,2.636
1846,XS2167002521,0.757
1847,DE000A289NE4,1.226
1848,XS2164646304,2.075
1849,FR0013510476,0.169
1850,XS2166619663,1.398
1851,XS2166619820,1.821
1852,FR0013510179,3.042
1853,FR0013509627,2.115
1854,FR0013509726,0.0
1855,FR0013509643,2.625
1856,BE6321529396,1.009
1857,XS2160857798,
1858,XS2159791990,1.982
1859,XS2126170161,1.648
1860,XS2123371887,1.606
1861,XS2126169742,1.07
1862,XS2149270477,0.821
1863,FR0013508694,1.395
1864,FR0013508686,0.727
1865,FR0013508710,1.242
1866,XS2158559539,0.296
1867,DE000A28V301,2.616
1868,DE000A28V319,3.461
1869,BE6321076711,1.713
1870,XS2156607702,0.723
1871,PTEDPNOM0015,1.719
1872,XS2156787090,1.329
1873,XS2154325489,3.525
1874,XS2156598281,1.691
1875,XS2156236452,2.28
1876,XS2157121414,1.584
1877,FR0013507704,1.25
1878,XS2156787173,1.844
1879,XS2156236296,2.004
1880,FR0013507654,1.217
1881,FR0013507456,0.815
1882,XS2156583259,2.637
1883,XS2156581394,2.007
1884,FR0013507449,0.505
1885,XS2156244043,2.431
1886,XS2156506854,1.357
1887,XS2155365641,3.508
1888,XS2155486942,4.009
1889,XS2153597518,3.228
1890,XS2135797202,1.876
1891,XS2154347293,1.68
1892,XS2154347707,2.021
1893,XS2153593103,2.501
1894,XS2135801160,2.822
1895,FR0013506862,1.086
1896,FR0013506813,2.164
1897,FR0013506870,0.16
1898,XS2154348424,2.423
1899,XS2154336338,2.596
1900,FR0013506821,2.744
1901,XS2154325562,2.083
1902,XS2135799679,2.519
1903,XS2152883406,3.074
1904,FR0013506532,1.802
1905,FR0013506508,0.808
1906,XS2153409029,1.994
1907,XS2153410977,2.305
1908,XS2153406868,1.491
1909,FR0013506524,1.259
1910,FR0013506516,1.327
1911,XS2152329053,1.766
1912,FR0013506300,1.717
1913,DE000A289RN6,2.712
1914,XS2152795709,1.72
1915,XS2152796426,2.473
1916,XS2152796269,2.051
1917,FR0013506292,1.266
1918,DE000A28VQD2,2.374
1919,DE000A28VQC4,1.669
1920,BE6320934266,2.15
1921,BE6320936287,3.737
1922,XS2152062209,3.088
1923,BE6320935271,2.876
1924,XS2152058868,2.579
1925,XS2152061904,3.453
1926,XS2150158405,0.15
1927,FR0013505559,1.022
1928,XS2150054372,2.498
1929,XS2150053721,1.78
1930,FR0013505625,2.303
1931,XS2150015555,1.836
1932,FR0013505542,1.279
1933,FR0013505633,2.962
1934,XS2150006307,1.871
1935,FR0013505567,1.47
1936,XS2150006562,2.239
1937,XS2150006133,1.375
1938,XS2147995372,2.541
1939,XS2147977636,2.304
1940,FR0013505260,2.703
1941,XS2147977479,1.678
1942,XS2149280948,2.063
1943,XS2149368529,1.469
1944,XS2147994995,1.718
1945,XS2147995299,2.148
1946,XS2149379211,2.089
1947,FR0013505096,0.258
1948,XS2148390755,1.599
1949,XS2134245138,1.913
1950,XS2147889690,2.539
1951,FR0013505112,1.578
1952,FR0013505104,1.057
1953,XS2148372696,1.226
1954,FR0013504677,1.789
1955,FR0013504693,2.221
1956,FR0013504644,
1957,XS2146198739,0.335
1958,XS2141192182,0.188
1959,FR0013499977,0.252
1960,XS2143036718,0.144
1961,FR0013495181,0.571
1962,XS2133386685,-0.237
1963,XS2133390521,0.039
1964,FR0013494168,0.329
1965,XS2133071774,0.682
1966,XS2133077383,-0.179
1967,XS2116701348,0.87
1968,XS2010032535,0.661
1969,XS2010032709,0.329
1970,XS2126094049,0.779
1971,XS2126093744,0.061
1972,DE000CZ45VS1,-0.105
1973,XS2126056204,-0.12
1974,XS2126058168,
1975,ES0413900590,-0.269
1976,FR0013487071,0.054
1977,ES0413900608,0.115
1978,XS2125123039,0.96
1979,XS2125145867,0.884
1980,XS2115092954,0.581
1981,DE000A2LQSP7,0.013
1982,XS2124046918,0.201
1983,XS2124046678,0.027
1984,FR0013486701,0.17
1985,XS2116728895,1.744
1986,XS2118213888,0.645
1987,FR0013484458,0.546
1988,XS2118273601,0.509
1989,XS2121207828,0.541
1990,XS2118276026,0.268
1991,XS2118280218,0.015
1992,XS2121417989,
1993,XS2118276539,-0.145
1994,DE000BHY0B14,-0.201
1995,XS2117435904,1.666
1996,XS2118204200,0.688
1997,XS2117454871,0.908
1998,XS2116740676,0.032
1999,XS2117452156,0.281
2000,XS2117462627,-0.118
2001,XS2114807691,0.133
2002,XS2114852721,1.384
2003,FR0013482890,0.331
2004,FR0013482825,0.068
2005,FR0013482817,-0.069
2006,FR0013482841,0.449
2007,XS2114852564,0.764
2008,FR0013482833,0.231
2009,XS2115094737,0.391
2010,XS2115085230,-0.021
2011,FR0013482189,0.381
2012,DE000A254YU1,-0.145
2013,XS2113889351,0.574
2014,XS2113885011,0.423
2015,XS2100269328,-0.019
2016,XS2113700921,0.59
2017,FR0013481207,0.023
2018,DE000A2YNZ16,0.078
2019,DE000MHB61N8,
2020,FR0013479748,0.292
2021,CH0520042489,0.362
2022,BE6318702253,1.07
2023,XS2109806369,0.288
2024,BE0002682632,0.165
2025,BE0002681626,0.78
2026,XS2109608724,1.31
2027,XS2079316753,0.077
2028,FR0013479276,0.752
2029,XS2107315470,0.641
2030,XS2107332640,
2031,XS2021173922,0.074
2032,XS2106563161,0.082
2033,DE000CZ45VM4,0.968
2034,XS2106056653,0.366
2035,FR0013477924,0.114
2036,DE000A2YNVY3,0.101
2037,FR0013477940,0.529
2038,XS2105779719,0.104
2039,AT000B049796,0.268
2040,XS2105772201,1.131
2041,FR0013478047,0.063
2042,XS2104915207,0.053
2043,XS2104915033,
2044,XS2104967695,1.221
2045,ES0413860745,0.245
2046,XS2104968404,1.842
2047,FR0013477486,-0.077
2048,XS2102360315,0.866
2049,XS2102934697,1.19
2050,XS2103014457,0.919
2051,XS2102948994,0.286
2052,XS2103015009,0.14
2053,XS2102931594,0.434
2054,XS2103013210,0.5
2055,XS2102924383,0.616
2056,XS2103014291,0.519
2057,DK0009526998,0.766
2058,XS2102357014,0.441
2059,FR0013476595,0.664
2060,XS2102380776,0.797
2061,XS2102283814,0.108
2062,XS2102355588,
2063,XS2100690036,0.415
2064,FR0013476553,0.859
2065,XS2100569552,0.449
2066,XS2058989489,0.06
2067,XS2102357105,0.915
2068,XS2101349723,0.615
2069,FR0013476199,0.308
2070,DE000CZ45VC5,0.548
2071,FR0013476199,0.308
2072,XS2101336316,0.403
2073,FR0013476090,1.216
2074,AT0000A2CDT6,0.135
2075,DE000LB2CQG8,-0.062
2076,CH0517825276,
2077,XS2098350965,0.797
2078,XS2100788780,0.457
2079,DE000A2SBDF7,2.332
2080,DE000A2SBDE0,1.129
2081,XS2090807293,1.065
2082,FR0013465424,2.182
2083,DE000CZ45VF8,0.085
2084,XS2090786943,0.831
2085,XS2084759757,0.971
2086,ES0413900574,0.19
2087,XS2088659789,
2088,XS2089229806,1.939
2089,FR0013465358,0.536
2090,DE000CZ45VC5,0.548
2091,FR0013465010,0.083
2092,XS2086868010,0.956
2093,DE000A254P51,0.959
2094,DE000A254P69,1.728
2095,FR0013463551,-0.105
2096,XS2082472122,1.059
2097,DK0009525917,0.318
2098,XS2084050637,0.448
2099,XS2083301106,0.067
2100,XS2083299284,0.221
2101,DE000A162BA6,
2102,XS2081615473,0.586
2103,XS2082969655,1.022
2104,XS2082324018,1.855
2105,XS2082323630,1.034
2106,XS2082345955,0.719
2107,DK0004132677,0.185
2108,DE000DL19U15,0.107
2109,DE000A14J0L1,-0.15
2110,XS2081016763,1.104
2111,XS2080581189,0.193
2112,XS2075185228,
2113,AT000B122049,0.212
2114,XS2080205367,0.822
2115,XS2079678400,0.639
2116,XS2079723552,0.102
2117,FR0013460417,0.182
2118,XS2079713322,0.456
2119,AT000B066840,0.461
2120,XS2078692105,0.572
2121,XS2078735433,0.971
2122,FR0013459757,0.112
2123,BE6317283610,0.497
2124,XS2078734626,0.194
2125,XS2078735276,0.545
2126,XS2078405722,
2127,XS2077546682,0.741
2128,DE000SCB0021,0.094
2129,DE000A2R9ZU9,0.714
2130,DE000A2R9ZT1,0.322
2131,DE000A2YPFU9,1.231
2132,XS2076139166,0.167
2133,XS2076079594,0.734
2134,DE000BHY0GA7,0.587
2135,XS2075811781,0.906
2136,FR0013457967,0.939
2137,XS2068969067,0.302
2138,FR0013456621,0.986
2139,FR0013456431,0.537
2140,FR0013456423,0.022
2141,FR0013456449,0.956
2142,XS2068978050,1.528
2143,DE000A2YNX91,
2144,XS2069407786,1.897
2145,XS2069304033,-0.055
2146,FR0013455813,0.582
2147,FR0013455821,1.25
2148,FR0013455540,
2149,XS2066392452,0.632
2150,BE6316872389,
2151,XS2068065163,1.368
2152,XS2067135421,0.392
2153,FR0013454733,0.025
2154,XS2067213913,1.67
2155,XS2066706818,0.189
2156,XS2066706909,0.474
2157,FR0013453974,1.976
2158,XS2066706735,1.204
2159,XS2066058988,0.639
2160,FR0013449261,2.183
2161,DE000A2YNVM8,-0.317
2162,XS2063659945,0.254
2163,XS2065698834,0.046
2164,XS2056572154,0.441
2165,XS2057069093,0.788
2166,XS2057069762,1.176
2167,XS2064302735,0.889
2168,FR0013453040,0.309
2169,XS2058731717,0.275
2170,XS2057070182,1.54
2171,XS2065601937,0.944
2172,FR0013452893,2.272
2173,XS2063496546,-0.269
2174,XS2063547041,
2175,XS2062490649,2.045
2176,XS2063268754,
2177,XS2063288190,-0.211
2178,FR0013451796,-0.053
2179,FR0013450822,0.473
2180,XS2060691040,0.458
2181,XS2058855441,-0.112
2182,DE000A2R8NC5,
2183,DE000DL19UW8,-0.147
2184,DE000A2R8NE1,
2185,DE000A2R8ND3,
2186,SK4000016069,-0.096
2187,XS2057917366,-0.256
2188,XS2058729653,0.382
2189,XS2057872595,0.264
2190,XS2056484889,-0.068
2191,XS2056560571,2.149
2192,XS2053346297,0.718
2193,DE000LB2CNE0,0.46
2194,XS2056430874,0.41
2195,XS2056491660,2.548
2196,XS2055786763,-0.421
2197,XS2056399855,0.719
2198,XS2056376135,-0.123
2199,XS2056396919,0.374
2200,ES0343307015,0.618
2201,XS2056400299,0.674
2202,XS2056395606,-0.015
2203,XS2055758804,0.765
2204,XS2055652056,
2205,XS2055727916,0.068
2206,XS2055651918,
2207,XS2055728054,
2208,XS2049803575,
2209,XS2055627538,0.477
2210,FR0013448859,0.875
2211,XS2055089960,-0.021
2212,XS2055190172,1.217
2213,FR0013448669,0.343
2214,XS2055104785,0.607
2215,XS2042667944,0.73
2216,FR0013447638,1.028
2217,FR0013447604,0.381
2218,FR0013447232,
2219,XS2053052895,0.428
2220,DE000CZ45VB7,0.32
2221,FR0013444551,0.439
2222,FR0013444544,0.193
2223,XS2051655095,
2224,FR0013444502,-0.119
2225,FR0013444536,0.014
2226,FR0013447166,1.241
2227,DE000LB2CMY0,-0.218
2228,FR0013447075,
2229,XS2010045198,0.278
2230,XS2010044209,0.606
2231,XS2049419398,1.175
2232,XS2010045271,0.019
2233,XS2051494222,
2234,XS2051667181,0.049
2235,XS2051777873,0.991
2236,XS2051660509,
2237,XS2051660335,0.069
2238,XS2051659915,0.255
2239,XS2051914963,0.507
2240,XS2051494495,
2241,XS2051362072,0.823
2242,XS2051362312,1.84
2243,AT0000A2A6W3,-0.16
2244,FR0013446598,-0.187
2245,XS2051361264,0.299
2246,XS2051032444,0.239
2247,XS2050404800,0.48
2248,XS2050406094,
2249,XS2050406177,1.381
2250,XS2050404636,0.226
2251,XS2051149552,
2252,FR0013445137,0.114
2253,XS2049630887,
2254,FR0013445152,1.17
2255,FR0013445129,-0.326
2256,XS2049630028,
2257,XS2050945984,0.151
2258,XS2049726990,0.315
2259,XS2050448336,1.148
2260,BE6315847804,0.536
2261,XS2049090595,0.216
2262,DE000A2NBKK3,0.226
2263,XS2049146215,0.606
2264,DE000MHB24J4,-0.567
2265,FR0013444676,-0.024
2266,XS2049584084,0.48
2267,FR0013444775,-0.001
2268,XS2049419398,1.175
2269,XS2049707180,0.186
2270,DE000A2YN2U2,0.596
2271,FR0013444759,0.232
2272,DE000A2YN2V0,1.287
2273,XS2049769297,0.947
2274,FR0013444692,1.416
2275,FR0013444684,0.556
2276,XS2049616894,0.55
2277,DK0009525404,0.201
2278,XS2049154078,0.105
2279,XS2049616894,0.55
2280,XS2049548444,0.206
2281,XS2049616464,-0.315
2282,XS2049582542,0.078
2283,XS2049616621,0.179
2284,XS2047500769,-0.149
2285,XS2047500926,0.373
2286,DE000BHY0BS0,-0.588
2287,XS2046595836,0.641
2288,XS2043678841,0.228
2289,DE000A2YNZW8,0.39
2290,DE000A2YNZX6,0.765
2291,DE000A2YNZY4,1.126
2292,DE000A2YNZV0,0.026
2293,XS2035474126,0.916
2294,XS2035473748,0.303
2295,XS2035474555,1.54
2296,XS2035620710,0.29
2297,XS2034629134,1.345
2298,XS2034626460,0.471
2299,XS2033351995,0.252
2300,DE000LB2CLH7,0.421
2301,XS2028900087,
2302,CH0485252834,0.821
2303,XS2028899727,
2304,XS2031862076,0.182
2305,XS2029574634,0.462
2306,FR0013434776,0.518
2307,DE000BHY0GL4,0.0
2308,XS2028816028,0.905
2309,FR0013434321,0.133
2310,FR0013433281,0.171
2311,FR0013433604,-0.0043
2312,ES0413900566,0.263
2313,XS2025468542,0.041
2314,XS2023872174,0.963
2315,XS2023873149,1.64
2316,XS2023631489,0.92
2317,XS2023644540,0.901
2318,XS2023376945,0.984
2319,XS2023643146,-0.042
2320,XS2023644201,0.44
2321,XS2023633931,0.836
2322,FR0013432770,0.149
2323,ES0213679HN2,0.892
2324,FR0013432069,0.096
2325,XS2020608548,1.084
2326,XS2021471433,0.389
2327,XS2021993212,1.684
2328,XS2022037795,-0.227
2329,XS2022084367,1.743
2330,XS2022093517,1.091
2331,XS2022093434,0.142
2332,FR0013431715,1.83
2333,XS2021467753,0.939
2334,XS2021462440,0.933
2335,FR0013430535,1.158
2336,FR0013430733,0.908
2337,XS2019976070,0.788
2338,DK0009522062,0.72
2339,FR0013430741,0.737
2340,XS2018637913,0.459
2341,XS2018636600,0.373
2342,FR0013330099,1.785
2343,XS2016070430,0.316
2344,FR0013429073,0.659
2345,XS2014382845,0.988
2346,CH0483180946,
2347,BE0002631126,1.156
2348,FR0013428943,0.746
2349,XS2016228087,0.99
2350,FR0013428414,1.369
2351,XS2016160777,2.633
2352,FR0013428513,1.493
2353,FR0013428489,0.449
2354,XS2008921947,0.729
2355,XS2015267953,0.742
2356,DE000CZ40N46,1.202
2357,XS2014373851,0.833
2358,SK4000015475,0.57
2359,XS2015314037,2.741
2360,XS2015329498,1.508
2361,XS2015240083,1.547
2362,FR0013428067,0.721
2363,XS2015231413,0.717
2364,XS2014373182,0.113
2365,XS2015230365,0.229
2366,XS2013520023,0.692
2367,XS2014287937,0.346
2368,XS2014370915,0.098
2369,XS2014291616,1.611
2370,XS2014288315,0.087
2371,XS2014288158,0.445
2372,XS2014292937,0.598
2373,XS2013745703,1.039
2374,AT0000A28HX3,0.761
2375,DE000AAR0256,0.091
2376,XS2013525410,0.143
2377,XS2013574384,2.387
2378,FR0013426368,1.231
2379,XS2013574202,
2380,XS2013626010,1.628
2381,XS2013574038,1.464
2382,FR0013422623,2.274
2383,XS2010445026,0.191
2384,XS2010447238,0.805
2385,SK4000015400,0.221
2386,XS2004880832,0.523
2387,XS2009943379,1.219
2388,XS2009861480,1.212
2389,DE000MHB61E7,0.522
2390,XS2007244614,0.443
2391,AT000B049788,0.273
2392,XS2005607879,1.452
2393,XS2004795725,0.437
2394,DE000SYM7720,1.384
2395,XS2001737324,0.777
2396,XS2001737910,1.204
2397,FR0013422227,1.732
2398,FR0013422185,0.883
2399,XS1998025008,0.465
2400,XS2004381674,
2401,XS2004381245,
2402,XS2004366287,0.06
2403,DE000BHY0BQ4,0.419
2404,XS2002017361,0.966
2405,FR0013422052,-0.042
2406,DE000CZ40N04,0.673
2407,XS2003499386,0.478
2408,XS2002018500,1.693
2409,FR0013422011,1.494
2410,FR0013422003,0.078
2411,XS2002019060,2.566
2412,XS2003442436,1.368
2413,XS2002491780,0.969
2414,XS2002504194,0.08
2415,XS2002491863,1.577
2416,FR0013421799,0.711
2417,XS1995748172,0.105
2418,DE000A1KRJT0,0.238
2419,XS2001278899,1.897
2420,FR0013421369,1.181
2421,ES0465936054,
2422,DE000A1KRJU8,1.024
2423,DE000LB2CHW4,0.497
2424,XS2000538343,0.949
2425,XS1999728394,0.328
2426,XS1998797663,0.343
2427,XS1998798042,1.209
2428,XS1995781546,1.043
2429,XS1995662027,1.307
2430,XS1995795504,1.658
2431,XS1997077364,1.463
2432,XS1995645287,0.106
2433,FR0013419736,1.061
2434,XS1995620967,0.227
2435,AT0000A286W1,0.904
2436,XS1992931508,0.831
2437,XS1992927902,1.231
2438,XS1991186500,0.199
2439,XS1991397545,1.796
2440,XS1991125896,0.448
2441,XS1991126431,1.244
2442,XS1989375412,0.356
2443,FR0013417334,0.951
2444,FR0013417128,1.399
2445,DE000MHB22J8,1.071
2446,XS1987142673,0.502
2447,XS1987097430,0.552
2448,XS1985806600,0.437
2449,FR0013416146,2.413
2450,XS1985004370,1.196
2451,FR0013415692,1.411
2452,XS1982725159,0.489
2453,DE000A2NB841,0.934
2454,XS1981054221,1.231
2455,XS1972559352,0.599
2456,XS1982107903,0.224
2457,XS1982037696,0.612
2458,XS1974922442,1.253
2459,XS1981060624,1.933
2460,XS1974922525,2.119
2461,FR0013414091,1.68
2462,XS1980189028,0.521
2463,XS1980270810,1.017
2464,XS1979446843,1.544
2465,AT0000A27LQ1,
2466,DE000A2E4CQ2,0.477
2467,BE0002645266,0.738
2468,XS1980044728,0.079
2469,XS1979262448,0.318
2470,XS1978200639,0.259
2471,XS1976945722,
2472,XS1978200472,0.381
2473,XS1978200555,-0.069
2474,FR0013413382,0.379
2475,FR0013412947,0.757
2476,FR0013412699,0.807
2477,FI4000378674,0.184
2478,FR0013412707,1.763
2479,BE6312821612,
2480,BE6312822628,
2481,XS1972547696,2.256
2482,XS1972548231,1.589
2483,XS1972547183,0.734
2484,FR0013411600,0.676
2485,DK0009522732,0.977
2486,DK0004132594,0.314
2487,XS1969600748,1.941
2488,SK4120015108,0.381
2489,XS1968846532,1.195
2490,XS1967635621,1.517
2491,FR0013410818,1.775
2492,XS1967635977,2.415
2493,XS1966038249,1.382
2494,XS1967636199,3.073
2495,FR0013409851,1.335
2496,FR0013409836,-0.049
2497,AT000B049754,0.73
2498,FR0013409844,0.878
2499,DE000A2TSDE2,1.795
2500,FI4000375241,0.219
2501,XS1963849440,1.738
2502,DE000A2TSDD4,0.916
2503,XS1963717704,
2504,IT0005365710,1.186
2505,XS1963555617,1.228
2506,XS1963553919,0.774
2507,FI4000375092,0.511
2508,FR0013408960,
2509,DE000A2LQNQ6,
2510,XS1962513674,
2511,XS1962595895,0.829
2512,XS1962571011,1.943
2513,XS1962554785,0.704
2514,XS1959288868,0.535
2515,XS1962535644,0.424
2516,XS1961772560,1.788
2517,XS1961126775,0.404
2518,XS1960685383,2.081
2519,XS1960260021,1.469
2520,XS1957425702,0.415
2521,ES0313679K13,0.9
2522,XS1959949196,0.378
2523,XS1958214964,0.189
2524,XS1958646082,0.585
2525,XS1958616176,0.411
2526,XS1955024986,1.308
2527,AT000B122031,0.47
2528,XS1955024713,0.794
2529,DE000CZ40NS9,1.066
2530,XS1955024630,0.161
2531,XS1957541953,1.499
2532,XS1957532887,0.366
2533,XS1957442541,1.333
2534,XS1956955980,0.665
2535,FR0013405347,0.213
2536,FR0013405339,-0.017
2537,NL0013400401,0.279
2538,FR0013405040,
2539,DE000A2RYD83,0.693
2540,XS1956973967,1.187
2541,DE000A2RYD91,1.416
2542,FR0013405032,1.11
2543,DE000A2TR083,2.035
2544,XS1956037664,1.635
2545,XS1955187775,0.945
2546,XS1956028168,0.965
2547,XS1956027947,2.243
2548,XS1955187932,1.801
2549,XS1955187858,1.285
2550,XS1956014531,1.652
2551,XS1956025651,1.092
2552,XS1955187692,0.301
2553,FR0013404571,1.503
2554,XS1953833750,1.236
2555,FR0013403441,1.375
2556,FR0013403433,0.578
2557,XS1952948104,0.942
2558,XS1952576475,0.768
2559,XS1951927158,0.736
2560,XS1951313763,2.234
2561,XS1951313680,1.251
2562,DE000MHB20J2,0.728
2563,XS1951084638,0.523
2564,XS1948598997,0.483
2565,XS1948611840,1.568
2566,XS1948612905,0.748
2567,DE000A2LQNQ6,
2568,BE6311694010,1.006
2569,XS1947550403,0.577
2570,FR0013400405,
2571,DE000AAR0249,0.206
2572, XS194678819,0.536
2573,DE000BHY0BP6,1.002
2574,DE000BLB6JH4,0.828
2575,XS1945181615,0.714
2576,XS1945130620,0.942
2577,XS1944388856,1.355
2578,XS1945110861,1.848
2579,FR0013399029,1.802
2580,XS1944456109,1.317
2581,XS1944390241,1.879
2582, XS194432763,0.893
2583,XS1944390597,2.528
2584, XS194511060,1.317
2585,XS1944456018,0.489
2586,FR0013399169,0.594
2587,XS1943456829,0.373
2588,XS1943455185,0.588
2589,DE000A2G9HL9,0.881
2590,XS1943561883,1.006
2591,FR0013399102,1.019
2592,FR0013399060,2.693
2593,XS1942629061,0.972
2594,XS1942708873,0.668
2595,DE000A2RWZZ6,1.828
2596,XS1942615607,0.354
2597,FR0013399110,0.3565
2598,FR0013398831,0.774
2599,DE000A2LQNP8,0.288
2600,BE0002631126,1.156
2601,XS1935261013,0.274
2602,XS1939356645,2.208
2603,FR0013398070,2.237
2604,DE000LB126S0,0.026
2605,XS1937715131,0.447
2606,DE000DL19UM9,0.555
2607,XS1937665955,1.736
2608,FR0013397452,1.731
2609,IT0005358491,1.165
2610,XS1936308391,2.31
2611,XS1936208252,2.006
2612,XS1936779245,0.531
2613,XS1936805776,2.465
2614,FR0013397320,1.436
2615,XS1936208419,2.972
2616,FR0013397288,1.353
2617,XS1936784831,0.926
2618,XS1936186425,
2619,XS1936190021,0.05
2620,FR0013396876,1.503
2621,XS1936139770,1.205
2622,FR0013396496,0.509
2623,XS1935153632,0.399
2624,FR0013396355,0.513
2625,FR0013396363,1.493
2626,FR0013396520,
2627,FR0013386539,0.868
2628,XS1934743656,0.65
2629,FR0013393899,1.029
2630,FR0013394681,0.892
2631,XS1933820372,2.154
2632,BE0002629104,1.383
2633,DE000BLB6JG6,0.343
2634,XS1934392413,0.346
2635,XS1933815455,1.384
2636,XS1933829324,0.359
2637,XS1933874387,0.336
2638,DE000LB125N3,0.478
2639,FR0013393774,2.073
2640,DE000CZ40NP5,1.292
2641,DE000CZ40NN0,
2642,DE000A2TSTF5,1.352
2643,DE000A2TSTE8,0.844
2644,DE000A2TSTD0,
2645,DE000A2TSTG3,1.748
2646,FR0013385655,1.933
2647,FR0013385515,0.852
2648,XS1918017259,1.001
2649,FR0013385473,1.94
2650,XS1918000107,1.805
2651,XS1917358621,1.726
2652,XS1917614569,
2653,DE000CZ40NM2,0.501
2654,XS1917808922,0.502
2655,XS1917591411,1.109
2656,FR0013383213,1.831
2657,XS1917590959,1.893
2658,XS1917590876,0.839
2659,XS1917577931,
2660,FR0013383585,0.521
2661,FR0013383346,0.83
2662,XS1914937021,0.394
2663,XS1843448744,3.054
2664,XS1843448660,2.269
2665,XS1843449635,1.225
2666,XS1843449551,0.422
2667,FR0013382348,1.596
2668,XS1912654321,2.151
2669,FR0013381704,2.476
2670,XS1910851242,1.551
2671,XS1910245676,1.124
2672,XS1908370171,2.187
2673,XS1910245593,0.382
2674,XS1909186451,2.508
2675,DE000A2G9HE4,0.587
2676,XS1908273219,1.955
2677,FR0013378445,0.822
2678,XS1904690341,2.476
2679,FR0013378452,1.811
2680,FR0013378460,2.554
2681,DE000MHB21J0,0.281
2682,XS1901222551,
2683,XS1903442744,2.202
2684,XS1898256257,1.09
2685,FI4000353909,1.895
2686,XS1900750107,
2687,XS1900752905,
2688,XS1900752814,
2689,XS1900543494,0.765
2690,XS1901055472,1.911
2691,FR0013375797,0.465
2692,DE000BHY0BJ9,0.39
2693,XS1900804045,0.713
2694,XS1900101046,1.622
2695,BE0002620012,0.377
2696,XS1897489578,1.832
2697,DE000HSH6K32,0.274
2698,XS1892117919,1.46
2699,DE000CZ40NG4,1.357
2700,XS1896660989,1.123
2701,XS1896662175,1.526
2702,XS1896661870,0.279
2703,DE000BHY0GC3,0.666
2704,FR0013371549,2.174
2705,XS1894534343,0.813
2706,XS1894558102,1.647
2707,XS1894121695,1.604
2708,XS1893621026,1.959
2709,XS1893632221,0.31
2710,XS1893631769,2.251
2711,XS1893631330,1.393
2712,XS1886577615,1.02
2713,XS1892240281,1.272
2714,DE000A1KRJS2,1.377
2715,DE000A1KRJR4,0.319
2716,XS1890709774,0.98
2717,FR0013370137,
2718,FR0013369667,1.057
2719,XS1888229249,1.341
2720,FR0013368545,
2721,XS1887330188,0.572
2722,DE000CZ40NB5,0.093
2723,FR0013368602,2.146
2724,XS1887485032,0.83
2725,XS1886403200,2.163
2726,FR0013368388,1.608
2727,FR0013368370,0.091
2728,XS1886402814,0.999
2729,XS1885605391,0.32
2730,FR0013368164,1.631
2731,FR0013368206,2.016
2732,FR0013368172,2.181
2733,XS1885608817,1.481
2734,XS1884740041,0.687
2735,XS1883352095,1.242
2736,XS1883911924,0.62
2737,XS1883278183,0.891
2738,NL0013088990,1.106
2739,XS1883355601,0.526
2740,AT0000A22H40,2.138
2741,FR0013367638,1.787
2742,FR0013367620,1.078
2743, FR001336742,1.941
2744,XS1882681452,1.521
2745,XS1882544627,
2746,XS1882544973,2.04
2747,XS1881804006,1.125
2748,XS1881574591,0.881
2749,XS1881593971,1.942
2750,XS1823623878,2.032
2751,XS1881533563,2.085
2752,XS1880870602,0.426
2753,XS1881004730,1.148
2754,XS1849525057,0.775
2755,FR0013365285,0.998
2756,FR0013365293,1.996
2757,AT000B066675,0.62
2758,XS1878191219,1.532
2759,XS1878191052,0.896
2760,XS1878266326,1.501
2761,FR0013359197,1.097
2762,DE000MHB60L4,0.954
2763,FI4000348982,1.476
2764,FR0013359239,1.922
2765,FR0013359254,1.673
2766,DE000AAR0223,
2767,FI4000348966,0.54
2768,XS1877654126,1.52
2769,DE000CZ40M47,0.785
2770,XS1877846110,1.495
2771,FR0013358843,0.949
2772,FR0013357860,2.541
2773,FR0013357845,1.009
2774,XS1877595014,1.877
2775,FR0013357852,1.819
2776,XS1877595444,1.314
2777,BE6307618965,0.367
2778,FR0013358496,0.25
2779,XS1876471183,0.627
2780,FR0013358199,0.579
2781,XS1876076040,1.682
2782,XS1875268689,0.59
2783,XS1874122267,1.491
2784,XS1874127902,1.418
2785,XS1874128033,1.045
2786,DE000BLB6JF8,0.306
2787,XS1874127811,0.412
2788,XS1875284702,1.447
2789,XS1874122770,1.023
2790,XS1873143561,
2791,XS1873143645,1.021
2792,BE6307427029,0.676
2793,XS1872032369,
2794,XS1872032799,
2795,DE000A2GSLV6,0.748
2796,XS1871114473,0.686
2797,XS1872038218,1.415
2798,XS1869468808,0.561
2799,DE000AAR0215,0.44
2800,DE000CZ40M39,1.519
2801,DE000CZ40M21,0.615
2802,DE000BHY0BJ9,0.39
2803,XS1865186677,1.667
2804,XS1865186594,0.363
2805,XS1865186321,1.019
2806,DE000A194DE7,1.522
2807,DE000A194DC1,0.292
2808,DE000A194DD9,0.963
2809,XS1861322383,1.934
2810,XS1861206636,
2811,IT0005340374,1.236
2812,XS1856791873,0.612
2813,XS1839105662,0.819
2814,XS1858912915,
2815,XS1857683335,0.645
2816,XS1856342560,0.737
2817,DE000BLB6JE1,0.693
2818,XS1857073180,0.355
2819,XS1856833543,0.57
2820,XS1856834608,1.469
2821,XS1856797219,1.485
2822,XS1856797300,0.8
2823,DE000DL19UB2,
2824, DE000HSH6K1,0.448
2825,AT0000A228U7,
2826,XS1855440019,
2827, XS185547361,0.558
2828,FR0013349099,2.062
2829,XS1854532865,0.228
2830,BE6305977074,
2831,DE000MHB20J2,0.728
2832,DE000BHY0BH3,0.046
2833,XS1853426549,1.576
2834,XS1852213930,0.36
2835,XS1851278777,1.594
2836,XS1851277969,0.9
2837,DE000A2LQ5M4,1.823
2838,DE000CZ40MU7,0.652
2839,FI4000292669,0.218
2840,FR0013346822,2.014
2841,XS1848875172,
2842,XS1847633119,0.277
2843,XS1847692636,1.371
2844,BE0002602804,0.981
2845,XS1845161790,0.38
2846,DE000LB1P9C8,0.16
2847,FR0013345048,0.601
2848,ES0422714123,0.943
2849,FR0013344686,1.421
2850,FR0013344215,1.491
2851,XS1839888754,0.712
2852,BE0002595735,1.984
2853,FR0013342334,
2854,XS1839386908,0.416
2855,XS1837997979,1.249
2856,XS1837975736,0.756
2857,XS1837288494,1.188
2858,DE000CZ40MW3,0.339
2859,FR0013342128,1.013
2860,DE000A2LQQ0 ,0.231
2861,XS1830992480,
2862,XS1830986326,
2863,BE0002598762,
2864,NL0013019375,0.691
2865,XS1832967019,0.659
2866,XS1829345427,0.665
2867,XS1829215562,1.134
2868,DE000BHY0150,0.276
2869,FR0013336286,0.851
2870,XS1827629384,0.387
2871,XS1828037827,2.035
2872,FR0013336229,1.506
2873,XS1828037587,1.48
2874,DE000CZ40MU7,0.652
2875,XS1825134742,0.713
2876,FR0013335767,1.622
2877,XS1824235219,0.926
2878,DE000A2GSLL7,0.515
2879,XS1823502650,0.939
2880,XS1823502577,1.597
2881,FR0013334695,1.64
2882,XS1823513343,1.189
2883,XS1799061558,0.955
2884,XS1823246712,0.542
2885,XS1823246803,1.214
2886,XS1820748538,1.327
2887,XS1820037270,1.458
2888,FR0013332988,
2889,FR0013333002,2.343
2890,FR0013332970,0.169
2891,FR0013332996,1.915
2892,XS1815135352,2.25
2893,DE000A14J0K3,
2894,XS1815116998,1.496
2895,XS1815116998,1.496
2896,XS1814402878,1.074
2897,XS1812905526,
2898,XS1812887443,1.651
2899,XS1811812145,0.708
2900,FR0013331196,1.942
2901,FR0013331188,0.737
2902,XS1811812574,1.505
2903,FR0013330693,1.004
2904,XS1810960390,2.164
2905,XS1811198701,1.757
2906,XS1811023735,0.43
2907,XS1810806635,0.686
2908,XS1809240515,1.148
2909,FR0013330115,0.88
2910,XS1808861840,0.865
2911,XS1808395930,2.071
2912,XS1808739459,0.907
2913,XS1808482746,1.211
2914,XS1806130305,
2915,XS1807495608,0.737
2916,FR0013329638,0.576
2917,DE000BHY0GB5,1.565
2918,XS1806124753,
2919,XS1807409450,0.94
2920,DE000CZ40MQ5,0.887
2921,XS1806457211,0.977
2922,XS1806453814,0.4
2923,XS1805257265,0.935
2924,XS1801905628,
2925,XS1805353734,1.493
2926,FR0013328218,0.287
2927,XS1801780583,0.596
2928,XS1799162588,1.015
2929,DE000AAR0207,0.485
2930,DE000A2LQJ75,1.228
2931,XS1791415828,2.582
2932,XS1792505866,1.694
2933,XS1796209010,
2934,XS1796257092,
2935,FR0013324324,
2936,FR0013324373,1.909
2937,XS1795254025,0.544
2938,FR0013324340,1.05
2939,FR0013324357,1.493
2940,FR0013324332,0.54
2941,FR0013323870,1.413
2942,FR0013323664,1.508
2943,XS1793316834,0.598
2944,DE000BLB6JD3,0.586
2945,XS1793287472,0.914
2946,DE000A2GSLF9,0.347
2947,FR0013322989,1.876
2948,DE000A2G8VU3,1.47
2949,DE000A2G8VT5,1.026
2950,DE000CZ40MN2,0.636
2951,XS1790961962,0.775
2952,XS1788951090,
2953,FR0013322120,
2954,BE0002583616,
2955,FR0013321536,0.659
2956,XS1788586375,1.316
2957,XS1788605936,1.362
2958,XS1788494257,
2959,FR0013320611,0.78
2960,FR0013320249,
2961,FR0013320058,1.797
2962,XS1781346801,0.874
2963,FR0013262698,1.611
2964,DE000A2G9HU0,1.721
2965,XS1778322351,0.499
2966,DE000DL19T67,0.747
2967,XS1774629346,0.643
2968,XS1771838494,1.187
2969,XS1769041192,1.379
2970,XS1769040111,0.564
2971,XS1769041606,1.746
2972,XS1767930586,
2973,XS1759603761,1.091
2974,XS1767931477,
2975,XS1767087866,1.718
2976,XS1766477522,0.966
2977,FR0013313855,0.987
2978,DE000A2E4ZE9,0.064
2979,FR0013313020,0.693
2980,XS1760129608,0.584
2981,FR0013312493,0.942
2982,FR0013312501,1.636
2983,XS1758752635,0.68
2984,XS1756725831,0.323
2985,FR0013311503,1.146
2986,DE000A2GSLC6,0.636
2987,IT0005321663,1.031
2988,XS1756296965,1.447
2989,XS1753809141,1.003
2990,XS1755108344,1.146
2991,XS1755086607,0.608
2992,XS1752475720,1.056
2993,XS1753808929,1.914
2994,FR0013310240,
2995,XS1752476538,0.836
2996,FR0013310018,1.241
2997,XS1750083229,0.586
2998,FR0013310224,0.426
2999,XS1750986744,1.225
3000,XS1751004232,1.157
3001,FR0013310026,0.559
3002,XS1750122225,0.83
3003,IT0005320673,0.583
3004,FR0013310059,0.564
3005,IT0005320673,0.583
3006,XS1748479919,
3007,XS1748436356,1.351
3008,XS1746107975,0.314
3009,XS1748436190,0.588
3010,XS1747444831,1.143
3011,ES0440609347,1.719
3012,XS1747444245,0.49
3013,ES0440609396,1.116
3014,FR0013309549,0.817
3015,DE000LB1M2X2,0.363
3016,XS1737658275,0.0
3017,FR0013302809,0.956
3018,XS1725553066,1.656
3019,XS1731734585,0.411
3020,XS1727499680,0.357
3021,XS1730885073,1.392
3022,DK0030407986,0.335
3023,XS1725630740,0.653
3024,XS1725678194,2.503
3025,XS1725633413,1.577
3026,XS1717759499,0.86
3027,XS1725524471,
3028,XS1725677543,1.682
3029,FR0013299435,
3030,XS1725395302,0.569
3031,IT0005315046,
3032,XS1722859532,0.741
3033,XS1722558258,0.414
3034,FR0013298387,-0.026
3035,XS1722897623,1.022
3036,XS1721423462,1.235
3037,XS1721422902,2.994
3038,XS1721422068,1.991
3039,XS1720642138,0.665
3040,XS1720947917,0.824
3041,XS1720922175,1.11
3042,IT0005314544,0.783
3043,XS1720639779,0.052
3044,XS1720761490,1.583
3045,XS1719154657,0.007
3046,XS1719154574,0.622
3047,XS1719108463,0.383
3048,XS1718316281,1.454
3049,XS1718306050,0.578
3050,PTGALLOM0004,1.061
3051,XS1718418103,
3052,XS1718417717,
3053,XS1716825507,0.772
3054,DE000A2GSLY0,1.069
3055,FR0013296159,1.311
3056,XS1717355561,
3057,FR0013295722,1.581
3058,XS1715325665,0.23
3059,XS1715306012,1.35
3060,XS1711933033,
3061,XS1709509258,0.863
3062,XS1707075245,1.806
3063,XS1707074941,
3064,XS1707075328,
3065,XS1706963284,
3066,XS1706925358,0.58
3067,FI4000266903,0.486
3068,XS1706200463,1.381
3069,XS1705691563,0.169
3070,XS1704789590,
3071,BE0002500750,0.764
3072,DE000BHY0GS9,
3073,FR0013290749,1.931
3074,XS1702729275,1.359
3075,XS1691909920,0.956
3076,XS1699732704,0.625
3077,XS1692396069,0.822
3078,XS1699951767,0.858
3079,FR0013287273,1.62
3080,FR0013287299,0.85
3081,FR0013286838,1.016
3082,FR0013286788,1.236
3083,DE000NLB2Q36,
3084,XS1693818285,0.701
3085,XS1693818525,1.404
3086,XS1577950667,1.562
3087,XS1692489583,0.483
3088,XS1693281534,0.796
3089,XS1693281617,1.625
3090,XS1691781865,1.589
3091,XS1689666870,0.185
3092,XS1690669574,
3093,AT0000A1Y3P7,1.442
3094,FR0013284247,
3095,FR0013284205,1.511
3096,FR0013284270,
3097,FR0013284254,1.429
3098,XS1688199949,1.899
3099,XS1689185426,1.5
3100,FR0013283371,0.793
3101,DK0030403993,1.825
3102,FR0013283140,
3103,XS1686705671,0.705
3104,XS1685798370,0.953
3105,XS1685589027,0.747
3106,XS1685653302,0.934
3107,XS1685653211,1.796
3108,DE000CZ40MC5,1.204
3109,XS168548133 ,0.698
3110,DE000A2GSFA2,0.58
3111,FR0013281888,0.387
3112,XS1681521081,1.715
3113,BE6298043272,0.758
3114,DE000A13SL75,
3115,DE000A19NS93,1.206
3116,XS1679158094,1.154
3117,XS1678629186,0.974
3118,XS1671760384,0.591
3119,XS1675764945,
3120,XS1678974525,0.36
3121,XS1676952481,0.943
3122,XS1677902162,0.627
3123,DE000A2E4ZE9,0.064
3124,XS1676933853,1.129
3125,XS1673620016,0.226
3126,XS1676933937,0.466
3127,XS1669866300,
3128,XS1672151492,1.865
3129,XS1654229373,1.76
3130,XS1652866002,1.418
3131,XS1652855815,
3132,XS1652856540,
3133,DE000HSH6KQ4,
3134,XS1648298559,0.885
3135,XS1647404554,0.921
3136,XS1645722262,1.99
3137,XS1645503621,1.658
3138,FR0013267473,0.93
3139,FR0013266830,0.81
3140,XS1642738816,0.529
3141,XS1642590480,
3142,FR0013266848,1.892
3143,FR0013266350,1.476
3144,FR0013266368,2.115
3145,DE000A2GSCW3,1.508
3146,DE000A2GSCX1,2.134
3147,XS1638816089,1.388
3148,XS1639488771,1.534
3149,XS1637863629,
3150,XS1637863546,
3151,XS1637329639,0.867
3152,XS1637334803,
3153,XS1637332856,0.613
3154,XS1637351138,
3155,XS1637333748,
3156,XS1637162592,1.234
3157,FR0013263951,0.385
3158,XS1637093508,0.747
3159,FR0013262961,0.743
3160,FR0013262698,1.611
3161,XS1633929929,0.0
3162,XS1627602201,1.905
3163,XS163289776 ,0.845
3164, XS163289792,1.398
3165,XS1621087516,1.413
3166,XS1627782771,1.63
3167,FI4000261201,1.508
3168,XS1627193359,
3169,FR0013260361,1.083
3170,PTBCPIOM0057,0.876
3171,XS1622560842,0.368
3172,FR0013259413,0.562
3173,XS1622193321,1.313
3174,XS1619861864,0.622
3175,XS1622193248,0.365
3176,XS1621351045,1.393
3177,XS1617845679,
3178,XS1617831026,1.33
3179,XS1617845083,
3180,BE0002280494,1.427
3181,XS1616410061,
3182, XS161641103,
3183,XS1616411119,0.421
3184,XS1615085781,0.552
3185,XS1615085864,1.388
3186,DE000A19HCW0,1.346
3187,DE000A19HCX8,2.101
3188,XS1614202049,0.861
3189,XS1614198262,1.376
3190,FR0013256427,0.227
3191,XS1612958253,0.603
3192,XS161314048 ,0.588
3193,DE000MHB18J6,0.679
3194,XS1606633912,0.414
3195,DE000BHY0MX ,0.786
3196,XS2442965138,
3197,XS1843459436,2.056
3198,XS2442965211,
3199,XS2495084621,5.779
