,isin,NIP
0,AT0000A286W1,1.8629408431815033
1,AT0000A28HX3,2.4913450881133845
2,AT0000A2A6W3,0.9080251884342186
3,AT0000A2CDT6,2.966573875009437
4,AT0000A2JAF6,11.24279621178506
5,AT0000A2KW37,3.152897264606677
6,AT0000A2N7F1,4.013354511981934
7,AT0000A2QDQ2,2.6058169880768176
8,AT0000A2RAA0,2.6683948938742263
9,AT0000A2RK00,6.77604685206407
10,AT0000A2RY95,3.459915832099639
11,AT0000A2RZH2,1.0254691675558736
12,AT0000A2STT8,0.7278507486153699
13,AT0000A2SUH1,3.7881842016901137
14,AT0000A2SUL3,2.2972678844397363
15,AT0000A2T487,4.743655025342272
16,AT0000A2T4M8,3.940664635742298
17,AT0000A2UXM1,4.32363311190368
18,AT0000A2UXN9,3.419163747676421
19,AT0000A2VL52,3.516521643054284
20,AT0000A2VXQ0,4.030059805883824
21,AT0000A2WVQ2,11.051146854900288
22,AT0000A2XG57,16.689213987948698
23,AT0000A2XLA5,1.6900782273428288
24,AT0000A2XLB3,1.2540423119123139
25,AT0000A2XLD9,2.5383120802232804
26,AT0000A2YBY4,12.653382081073966
27,AT0000A305R9,-1.261511780369219
28,AT0000A306J4,3.849841534451506
29,AT0000A30ZH4,-1.723068011186351
30,AT0000A32661,4.195923615930357
31,AT0000A326M6,3.4563823602150157
32,AT0000A326N4,4.97072826008248
33,AT0000A32HA3,-9.396874793193048
34,AT0000A32RP0,24.56940415795831
35,AT000B049754,3.8285782166499076
36,AT000B049788,1.505959581424285
37,AT000B049796,-1.9357902292296438
38,AT000B049911,1.6654733123148615
39,AT000B049929,3.2406541564222735
40,AT000B049937,2.882338793436052
41,AT000B049945,6.2121003564679365
42,AT000B066675,2.7987128325131945
43,AT000B066840,1.720913029442676
44,AT000B066907,-0.3502790562953239
45,AT000B093547,1.9595949286719552
46,AT000B093901,0.7454494792653522
47,AT000B122031,3.181631154089929
48,AT000B122049,1.3223344427947266
49,AT000B122080,17.067118541937337
50,AT000B122155,16.290980593162075
51,BE0002583616,-0.22962147335558472
52,BE0002595735,13.94988720483068
53,BE0002598762,3.1846068310400164
54,BE0002620012,3.039935815686117
55,BE0002629104,16.511209133767757
56,BE0002645266,-14.407748559946295
57,BE0002682632,3.1917214137536685
58,BE0002707884,-1.3177402535636622
59,BE0002728096,3.776760031238507
60,BE0002755362,21.902995580211776
61,BE0002784651,23.599865533246085
62,BE0002803840,8.212146211796762
63,BE0002818996,3.6090272153314764
64,BE0002831122,15.038807371043898
65,BE0002846278,25.40014358400804
66,BE0002859404,-3.8224981821689057
67,BE0002871524,31.65814919127062
68,BE0002872530,35.21048647918745
69,BE0002913946,58.667327945660425
70,BE0002921022,8.330317347344211
71,BE0002925064,10.570723945883644
72,BE0974365976,10.914640977516445
73,BE0974423569,38.3421867622191
74,BE6307427029,7.443720197712947
75,BE6311694010,-5.634039655725078
76,BE6312821612,0.9970454424688941
77,BE6312822628,2.4757180413350888
78,BE6317283610,6.3233554763265545
79,BE6318702253,22.796177042408
80,BE6320934266,50.066833803184586
81,BE6321529396,2.7043033919720827
82,BE6322991462,14.098329136637759
83,BE6324012978,4.642507553492188
84,BE6324664703,18.864867915355827
85,BE6324720299,7.0523880118164
86,BE6325493268,25.45410969181835
87,BE6326767397,2.2956266710981743
88,BE6328785207,2.041099029837293
89,BE6330288687,1.9215677684757289
90,BE6331175826,1.3944459947573773
91,BE6331562817,-1.7803545805548424
92,BE6332786449,17.00085299751872
93,BE6333477568,7.290932201020798
94,BE6338167909,14.296706204386464
95,BE6338543786,-2.1204233667459333
96,BE6339428904,5.78639182299343
97,BE6340849569,5.4599564260004305
98,CH0483180946,26.592103106465878
99,CH1130818847,3.036562727425954
100,CH1168499791,33.49538502974121
101,CH1174335732,6.998931896518259
102,CH1174335740,6.715343670906787
103,CH1194000340,19.745403418055737
104,CH1210198136,22.372568624752617
105,CH1224575899,16.505716196687903
106,CH1230759495,16.6203346103348
107,CH1236363391,12.965366056000715
108,CH1255915006,60.49832944595901
109,CH1255915014,33.50106371810122
110,DE000A11QJM4,5.932261821237182
111,DE000A14J0L1,-9.140997434413489
112,DE000A14J0M9,2.4452135443465357
113,DE000A14J0N7,19.253018173438026
114,DE000A162BA6,2.9928732565527865
115,DE000A162BF5,2.964297450567016
116,DE000A162BJ7,37.95638623291401
117,DE000A194DD9,9.256027918931995
118,DE000A194DE7,4.135389613411167
119,DE000A19NS93,-0.6595786738257642
120,DE000A1KRJR4,2.7906625744249065
121,DE000A1KRJS2,3.285348021220348
122,DE000A1KRJT0,1.980699098160174
123,DE000A1KRJU8,3.344050624119369
124,DE000A1KRJV6,0.6451366309636918
125,DE000A254P51,17.799850231353968
126,DE000A254P69,19.718023819943497
127,DE000A254YU1,2.3320461357482247
128,DE000A289DC9,0.6121550793003552
129,DE000A289NE4,-2.86347401513095
130,DE000A289NF1,0.6656315771201946
131,DE000A289NX4,23.56029464791969
132,DE000A289RN6,73.01300332023195
133,DE000A289XG8,30.41301837963714
134,DE000A289XH6,30.111911578663154
135,DE000A289XJ2,42.916884564822766
136,DE000A28VQC4,43.41787869015612
137,DE000A28VQD2,40.01501864257447
138,DE000A28ZQP7,4.271921840951978
139,DE000A28ZQQ5,4.403168146853371
140,DE000A2E4CQ2,-3.3115310716140876
141,DE000A2G9HE4,2.595371438835978
142,DE000A2G9HL9,1.2376316921863637
143,DE000A2GSLL7,2.559962531354448
144,DE000A2GSLV6,-1.1034002859106755
145,DE000A2NB841,3.0443376556969897
146,DE000A2NBKK3,11.843146101078675
147,DE000A2R8ND3,13.669789983304018
148,DE000A2R9ZT1,9.255032223898628
149,DE000A2R9ZU9,8.435784617422527
150,DE000A2RWZZ6,12.977390191538543
151,DE000A2RYD91,8.503328631471634
152,DE000A2SBDE0,20.49572894348458
153,DE000A2TSDD4,7.36257487699093
154,DE000A2YNVM8,3.1062739958813155
155,DE000A2YNVY3,1.2090708269824009
156,DE000A2YNWA1,0.8178311006380222
157,DE000A2YNX91,2.3712078646736687
158,DE000A2YNZV0,-0.8210275529085773
159,DE000A2YNZW8,7.204682078440499
160,DE000A2YNZX6,16.725434199395576
161,DE000A30V3G9,5.7110976742507304
162,DE000A30V5F6,4.718046476395041
163,DE000A30V8H6,4.272945788953002
164,DE000A30V8U9,3.898354760409069
165,DE000A30VG92,5.215981194472842
166,DE000A30VGD9,19.4595081088905
167,DE000A30VH59,0.4044204959699674
168,DE000A30VPC2,13.296306941803893
169,DE000A30VPD0,4.976629133205587
170,DE000A30VPL3,17.036429265198382
171,DE000A30VPM1,36.18860873176985
172,DE000A30WF27,3.1703801741491096
173,DE000A30WF68,-0.05365465881781898
174,DE000A30WFU3,7.717219196248806
175,DE000A30WFV1,36.91968784626825
176,DE000A3E5K73,2.8258814445800775
177,DE000A3E5L98,6.2939373385355
178,DE000A3E5QW6,15.993809137499843
179,DE000A3E5VK1,6.116864676579416
180,DE000A3E5VX4,8.039524323875392
181,DE000A3H24G6,3.2600737954494896
182,DE000A3H25Q2,7.410529859807927
183,DE000A3H2TK9,1.1777021399304677
184,DE000A3H2TQ6,0.4200700206270282
185,DE000A3H2TW4,16.514276096907693
186,DE000A3H2ZX9,11.296896175760391
187,DE000A3H3JM4,4.400390969789283
188,DE000A3KNP88,21.91286145999024
189,DE000A3KNP96,10.03953660190866
190,DE000A3KNQA0,6.343062013952542
191,DE000A3KPTG6,5.459934637996678
192,DE000A3KSGM5,9.527236910020061
193,DE000A3LBMY2,2.5059984023120054
194,DE000A3MP4S3,6.573868573589677
195,DE000A3MP4T1,9.404555935399378
196,DE000A3MP4U9,7.3490326351186965
197,DE000A3MP619,-4.408641859574232
198,DE000A3MQNN9,15.915830635879928
199,DE000A3MQNP4,11.00071068194823
200,DE000A3MQNQ2,15.554232538044719
201,DE000A3MQS56,15.745032588435462
202,DE000A3MQS64,13.916173782838934
203,DE000A3MQS72,17.162629386925676
204,DE000A3MQUX3,2.2124002813776515
205,DE000A3MQUY1,9.77356140837639
206,DE000A3T0X22,9.219363099895187
207,DE000A3T0X97,11.82950698549106
208,DE000A3T0YH5,3.0760315680079966
209,DE000AAR0249,0.16338982237140134
210,DE000AAR0264,11.748187064490164
211,DE000AAR0272,2.149770600913196
212,DE000AAR0280,1.682394864762148
213,DE000AAR0298,4.062763456271453
214,DE000AAR0306,1.826769685092531
215,DE000AAR0314,2.068187522791204
216,DE000AAR0322,15.218872560505481
217,DE000AAR0348,10.695028135512464
218,DE000AAR0371,4.505930795089614
219,DE000AAR0389,6.129920707311057
220,DE000BHY0B14,1.4323142557310604
221,DE000BHY0BJ9,4.234924528385364
222,DE000BHY0BP6,0.8228851056986439
223,DE000BHY0BQ4,0.21003105487076426
224,DE000BHY0GA7,8.433575268976089
225,DE000BHY0GB5,9.764405899417731
226,DE000BHY0GC3,1.6150399748995963
227,DE000BHY0GE9,-4.3315689179569565
228,DE000BHY0GK6,14.144055495384796
229,DE000BHY0GL4,2.3245168429456506
230,DE000BHY0GM2,5.463460365558075
231,DE000BHY0GN0,10.294473287987472
232,DE000BHY0HZ2,3.0258738880344467
233,DE000BHY0JW5,4.84334705719465
234,DE000BHY0JY1,8.715001989023524
235,DE000BHY0SB0,4.537580272177905
236,DE000BHY0SP0,12.51380807467062
237,DE000BLB6JD3,33.14452097847964
238,DE000BLB6JG6,3.306691226407769
239,DE000BLB6JH4,3.3739433146245634
240,DE000BLB6JJ0,11.005784172252273
241,DE000BLB6JK8,1.135115686265423
242,DE000BLB6JL6,0.8138121031444935
243,DE000BLB6JT9,0.5267308591484066
244,DE000BLB6JU7,-10.609609200136358
245,DE000CB0HRQ9,14.07795774029944
246,DE000CB0HRY3,2.572408211057572
247,DE000CZ40M21,2.825858733173094
248,DE000CZ40MC5,-6.239306091993377
249,DE000CZ40MN2,2.591376203775852
250,DE000CZ40MU7,1.480069352208151
251,DE000CZ40N04,13.88871729003324
252,DE000CZ40N46,7.116330824997739
253,DE000CZ40NG4,4.617648171211596
254,DE000CZ40NS9,-17.120851131561334
255,DE000CZ43ZB3,1.630602880520891
256,DE000CZ43ZF4,4.160618501706917
257,DE000CZ43ZJ6,9.162962152485509
258,DE000CZ43ZN8,17.131940865518807
259,DE000CZ43ZS7,6.985797034463471
260,DE000CZ45VB7,2.1627080229813616
261,DE000CZ45VC5,4.749096658584545
262,DE000CZ45VM4,2.9702649484669594
263,DE000CZ45VS1,1.5424148647571874
264,DE000CZ45W16,4.30815703668118
265,DE000CZ45W99,2.329061052221137
266,DE000CZ45WU5,6.432886211422834
267,DE000CZ45WY7,2.9033401710878923
268,DE000DL19T67,2.865944039929702
269,DE000DL19U15,4.212762748036361
270,DE000DL19UM9,4.190809011428324
271,DE000DL19UW8,4.685164031559497
272,DE000HCB0A86,29.20802920011661
273,DE000HCB0AY6,42.977236192635196
274,DE000HCB0AZ3,1.947702015117427
275,DE000HCB0BC0,0.3683749495387153
276,DE000HCB0BH9,1.5797193475219413
277,DE000HCB0BL1,1.709535269276611
278,DE000HCB0BN7,3.5975004612280768
279,DE000HCB0BP2,9.420246803617657
280,DE000HCB0BS6,46.48323314596263
281,DE000LB125N3,2.0107283146172894
282,DE000LB2CHW4,10.33190981778245
283,DE000LB2CLH7,1.881717878450387
284,DE000LB2CMY0,2.4002677206031233
285,DE000LB2CNE0,8.836595338451021
286,DE000LB2CQG8,1.0398412605667438
287,DE000LB2V5T1,13.0037752106859
288,DE000LB2V7C3,7.259138743822127
289,DE000LB2V833,6.012619765696741
290,DE000LB2ZV93,8.316390666223779
291,DE000LB38077,3.964583665952371
292,DE000LB381U7,19.475169956266026
293,DE000MHB20J2,-1.4694952247786413
294,DE000MHB21J0,2.150060996584858
295,DE000MHB24J4,4.261960937059508
296,DE000MHB28J5,1.4277216260379326
297,DE000MHB29J3,0.6941272451066957
298,DE000MHB30J1,7.868502736124756
299,DE000MHB31J9,6.10004869519652
300,DE000MHB32J7,12.520968861538455
301,DE000MHB33J5,7.177014590681515
302,DE000MHB61E7,-15.384028174969979
303,DE000MHB61N8,-1.9050997143434358
304,DE000MHB64E1,6.718012873310917
305,DE000NLB2Q36,0.6470524981255401
306,DE000NLB3UX1,4.121278503659721
307,DE000NLB3Z75,7.8879777855271955
308,DE000NLB3ZZ5,6.192221810159584
309,DE000NLB4RJ4,12.337977913082637
310,DE000SCB0021,4.113166573113275
311,DE000SCB0039,5.0961904494229575
312,DE000SCB0047,7.08181004171277
313,DE000SLB4204,1.382135907958812
314,DE000SLB4238,4.147538165059405
315,DE000SLB4253,5.921805626453623
316,DE000SLB4345,6.845332292830105
317,DE000SLB4SA6,4.700030497249225
318,DK0004132677,0.6101143216051839
319,DK0009404618,1.8323786096677206
320,DK0009410185,3.607366020267854
321,DK0009522062,1.0656190836200352
322,DK0009522732,7.148518753135153
323,DK0009525404,5.860935001250201
324,DK0009526998,4.857799915292633
325,DK0009529901,10.006207343100664
326,DK0030045703,-1.5529088464777965
327,DK0030467105,-1.1369868202651627
328,DK0030485271,14.492777315018108
329,DK0030506886,12.668973375323622
330,ES0205032032,1.9369286746922754
331,ES0205032040,-8.25919842077936
332,ES0205045026,32.02067980386343
333,ES0239140025,8.581563229727513
334,ES0265936023,20.801475406251026
335,ES0343307015,18.628484264135835
336,ES0380907057,65.43293328138671
337,ES0413211A75,2.553623237835939
338,ES0413679525,4.126167355229307
339,ES0413860745,3.427152373438069
340,ES0413860802,-1.3030391830100503
341,ES0413900566,3.8704298070427328
342,ES0413900590,3.565070993699046
343,ES0413900608,3.2794599775719377
344,ES0413900905,5.7579024961333225
345,ES0413900913,6.069508900636128
346,ES0415306101,12.327388966188945
347,ES0440609396,2.0619652829360953
348,ES0465936054,-1.8048186964822377
349,FI4000348982,8.856550878918679
350,FI4000375092,-0.8459149703784685
351,FI4000375241,-0.7418075669192286
352,FI4000378674,2.073771461181968
353,FI4000466412,5.234383204644935
354,FI4000496286,21.009642488218372
355,FI4000496344,0.3154955593997186
356,FI4000496468,14.420227285665781
357,FI4000522974,-6.96894979733317
358,FI4000523287,-2.820664246273211
359,FI4000530977,85.00427954609768
360,FI4000541461,5.495059401560845
361,FI4000549035,3.9015602794346154
362,FI4000549548,5.469715026843448
363,FI4000549605,5.400731830689378
364,FR0013262698,6.807043589198216
365,FR0013263951,-1.742548289993411
366,FR0013266350,13.062372871795986
367,FR0013266830,3.528064294002247
368,FR0013284254,-0.31992179608650595
369,FR0013286838,4.579198064266988
370,FR0013287299,1.589276173292455
371,FR0013290749,5.308893467358679
372,FR0013296159,4.14887712501719
373,FR0013299435,1.4309425176830937
374,FR0013309549,-0.25462261731530794
375,FR0013310240,0.6737718146577016
376,FR0013311503,0.12318112095588898
377,FR0013312493,8.458848837958538
378,FR0013312501,12.383025251475226
379,FR0013320611,1.1306108401011818
380,FR0013321536,9.594081270279041
381,FR0013323664,10.11210972788653
382,FR0013323870,4.204264696589507
383,FR0013324340,4.252865558469216
384,FR0013329638,2.0215151825206146
385,FR0013334695,0.8421904210146316
386,FR0013335767,5.556883961864131
387,FR0013336229,0.06855169486742874
388,FR0013344686,7.424663984108582
389,FR0013358199,0.06718820634335299
390,FR0013365285,-0.1933886692562398
391,FR0013367620,3.2703212956313252
392,FR0013368602,2.7134084327949726
393,FR0013369667,-0.4476230686448745
394,FR0013375797,-2.7300223840205273
395,FR0013378452,18.431946492494045
396,FR0013382348,8.361142274267111
397,FR0013383346,2.294509826164788
398,FR0013383585,-0.25955171362983304
399,FR0013385515,9.688003890272032
400,FR0013385655,2.5285920213041053
401,FR0013393774,31.82708685558579
402,FR0013393899,3.981636794179037
403,FR0013394681,6.200797337213004
404,FR0013396355,0.6667615652226289
405,FR0013396520,21.962406757745633
406,FR0013397288,-2.691158841973646
407,FR0013398070,20.99594680062078
408,FR0013399102,0.1176865494897233
409,FR0013399110,4.795261871977908
410,FR0013399169,0.8774178983839999
411,FR0013403441,5.0084085134558505
412,FR0013404571,7.938266193348278
413,FR0013405032,1.9268626635598338
414,FR0013408960,16.232264879793085
415,FR0013410818,-1.1126905582470776
416,FR0013411600,3.7613294475188677
417,FR0013412707,7.46115293562342
418,FR0013412947,1.0027389537060758
419,FR0013413382,1.233610936652684
420,FR0013414091,46.62325626902152
421,FR0013415692,5.7893051991031355
422,FR0013421799,3.581917649308398
423,FR0013422011,1.8410777616191911
424,FR0013422227,3.929163520366515
425,FR0013428067,-3.2077807416376833
426,FR0013428489,-1.556517530317704
427,FR0013428943,2.6194716304236607
428,FR0013429073,-0.3051373941760601
429,FR0013430733,6.06428708939693
430,FR0013430741,-6.777210287094377
431,FR0013432770,-1.4535398652910096
432,FR0013434321,2.6620452189412704
433,FR0013434776,15.68841456169865
434,FR0013444536,13.492071142076561
435,FR0013444544,11.825504375833228
436,FR0013444676,1.677764501805143
437,FR0013444759,6.449976953880555
438,FR0013444775,4.11105877626725
439,FR0013446598,0.3222172433850371
440,FR0013447075,3.614940657215753
441,FR0013447232,13.051841185927461
442,FR0013448859,9.978551806603418
443,FR0013450822,5.581154323241047
444,FR0013451796,3.2986408979480055
445,FR0013455540,1.8766725111959748
446,FR0013455813,5.495383494587749
447,FR0013456621,-7.6438547349935995
448,FR0013457967,0.114027262089607
449,FR0013460417,-0.31775598298386715
450,FR0013463551,2.7842375146089293
451,FR0013465010,1.8279019032410848
452,FR0013465358,17.880877021351875
453,FR0013465424,8.27608347774962
454,FR0013476090,10.085863797621942
455,FR0013476553,13.49468662992589
456,FR0013476595,4.330287522713332
457,FR0013477924,1.3238419704858002
458,FR0013478047,2.544265712591446
459,FR0013479276,3.334503808848737
460,FR0013481207,-0.23061744509472715
461,FR0013482817,6.13560798236418
462,FR0013482825,6.788741058750916
463,FR0013482890,2.9326237138291047
464,FR0013487071,3.156790780708412
465,FR0013504644,32.12093241857373
466,FR0013504677,37.648472702783224
467,FR0013504693,63.28719526846685
468,FR0013505096,14.495797892015112
469,FR0013505104,34.51920119550008
470,FR0013505112,10.539479479131442
471,FR0013505542,18.165165919401502
472,FR0013505559,47.84940173239176
473,FR0013505567,49.07393622935792
474,FR0013505625,45.672040834167554
475,FR0013506292,27.056219563685623
476,FR0013506300,36.59369881679531
477,FR0013506516,18.23713691119055
478,FR0013506813,14.300793481852983
479,FR0013506821,24.93282868312519
480,FR0013506862,25.601018363423947
481,FR0013506870,14.348595019691762
482,FR0013507654,-15.806692648221716
483,FR0013507704,21.880706052443188
484,FR0013509643,7.587833286770497
485,FR0013510179,-16.447091579322546
486,FR0013510476,8.652694171034984
487,FR0013510823,10.083692103137189
488,FR0013511227,5.263571106268705
489,FR0013512233,26.673909013229913
490,FR0013512407,28.321287564426083
491,FR0013514502,3.688942190652386
492,FR0013515715,3.932908509087676
493,FR0013515749,3.5628154912841907
494,FR0013515871,16.436382296293385
495,FR0013517059,5.211212697677208
496,FR0013517190,5.924732281850922
497,FR0013517307,30.083409799349997
498,FR0013518057,16.99285874513389
499,FR0013518537,9.315690152789458
500,FR0013519048,6.277136119475328
501,FR0013519279,12.306570545867379
502,FR0013520210,3.1460634716082247
503,FR0013521267,9.54151713547305
504,FR0013522133,19.65429017389235
505,FR0013533403,0.5944970220267927
506,FR0013534484,6.262619418959448
507,FR0013534674,3.174382153165366
508,FR0013535150,4.66859865702587
509,FR0013536950,0.6321359079588122
510,FR00140003P3,0.21611468585405724
511,FR00140004Q9,5.557330333545618
512,FR00140005J1,8.7602541947287
513,FR00140005T0,13.79492848707439
514,FR00140009U0,4.337825726760261
515,FR0014000D31,-0.5993765580025858
516,FR0014000KT3,4.966321590026303
517,FR0014000O87,16.372459072317948
518,FR0014000PF1,1.9370167358054542
519,FR0014000S75,10.766596666520927
520,FR0014000T33,-0.29696105366054937
521,FR0014000UC8,3.9730550380489538
522,FR0014000UD6,9.997852327749433
523,FR0014000Y93,2.8775225487042593
524,FR00140010J1,14.992284879626958
525,FR0014001EW8,16.46449307900737
526,FR0014001G29,8.61830839697148
527,FR0014001I50,0.8703311244872148
528,FR0014001I68,0.14936785313647288
529,FR0014001IM0,-4.264618663430818
530,FR0014001IO6,2.5734265514997094
531,FR0014001QL5,2.289248881097229
532,FR00140022B3,3.726185065356324
533,FR00140027U2,5.755892174354282
534,FR0014002BJ9,6.36515809087365
535,FR0014002C30,2.3628647004310803
536,FR0014002FB7,0.7471447372041303
537,FR0014002G44,5.9162513996674395
538,FR0014002NR7,1.3452158893397492
539,FR0014002QG3,-0.5538625463916951
540,FR0014002S57,1.6672535460372517
541,FR0014002X50,0.9545926941632757
542,FR0014003182,0.9848295518879638
543,FR0014003BW0,1.4492840499075517
544,FR0014003GX7,0.9204818372409349
545,FR0014003MI6,0.3871746040070363
546,FR0014003MJ4,-1.6657507420136124
547,FR0014003Q41,6.279134844614488
548,FR0014003RH7,0.7505809221055739
549,FR0014003S72,4.179109942670486
550,FR0014003SA0,5.7483033309650775
551,FR0014003Z81,7.931006506792167
552,FR00140044X1,3.067674395544935
553,FR0014004750,2.780589492567728
554,FR00140049Z5,1.7367372004082593
555,FR0014004EJ9,3.5655301473726495
556,FR0014004GE5,2.2097459272940707
557,FR0014004KP3,2.200820341094241
558,FR0014004QI5,27.78434735342542
559,FR0014005H24,2.4200597357235063
560,FR0014005OL1,6.021470058083696
561,FR0014005ZP8,10.480182246179263
562,FR00140060E7,9.342172406828224
563,FR0014006268,2.280346026385138
564,FR0014006276,1.342782575137679
565,FR00140067I3,1.1830018162914082
566,FR0014006CS9,0.47210366313949237
567,FR0014006IV0,14.839202003313902
568,FR0014006NI7,13.564675913659652
569,FR0014006UI2,3.779930371334405
570,FR0014006UO0,21.86485873046951
571,FR0014006ZC4,7.20098071776923
572,FR0014007LK5,15.264189851043446
573,FR0014007LL3,11.449642966508742
574,FR0014007LM1,6.968667588629291
575,FR0014007LP4,11.257239306758096
576,FR0014007MK3,9.923138212928958
577,FR0014007NF1,11.391152965573601
578,FR0014007PV3,8.022385633143555
579,FR0014007PW1,8.606995798566864
580,FR0014007Q96,6.923589996485826
581,FR0014007QS7,2.044492493787885
582,FR0014007QT5,1.552175992819639
583,FR0014007VF4,6.355423120405288
584,FR0014007VP3,22.570819988870525
585,FR0014008066,3.186056632126579
586,FR00140087C4,13.855576530826465
587,FR0014008E08,3.0288958558557058
588,FR0014008FH1,25.289617846136753
589,FR0014008JP6,0.5960469723488623
590,FR0014008JQ4,7.523997039493682
591,FR0014008MT2,11.377854090738026
592,FR0014008RP9,2.2409079863900714
593,FR0014008RV7,1.5741320350543
594,FR00140095D5,2.766352798725852
595,FR00140098T5,5.1290066973028035
596,FR0014009A50,5.727301837114962
597,FR0014009DZ6,13.952536264924213
598,FR0014009KQ0,-8.2485350937444
599,FR0014009KS6,2.1556417763589466
600,FR0014009O88,2.493715681342972
601,FR0014009YD9,11.596772443317937
602,FR001400A1H6,6.850283409394021
603,FR001400A2T9,5.977992457978698
604,FR001400A2U7,4.875694942275223
605,FR001400A3G4,14.423766438645668
606,FR001400A5N5,14.673091243535472
607,FR001400A9N7,2.982061001094343
608,FR001400ABK6,3.5548992359330462
609,FR001400AEA1,4.055968714178438
610,FR001400AF72,6.137764726354902
611,FR001400AFL5,4.580788472277838
612,FR001400AFN1,5.881426640552339
613,FR001400AJW4,1.821415260993397
614,FR001400AJX2,7.267254349782394
615,FR001400AKP6,14.34290955322859
616,FR001400AO14,7.14646608487592
617,FR001400AOL7,4.757734137735702
618,FR001400B1L7,27.790248650694792
619,FR001400BDD5,27.357040403478578
620,FR001400CFW8,17.63428695701532
621,FR001400CGA2,2.114713176344887
622,FR001400CH94,17.042757252992065
623,FR001400CK81,7.479662749637717
624,FR001400CMY0,2.651526813474683
625,FR001400CMZ7,1.8411446132841043
626,FR001400CN54,-25.557214169938938
627,FR001400CND2,15.609978256173815
628,FR001400CQ85,0.1415185519650007
629,FR001400CSG4,20.8431962157611
630,FR001400D5T9,4.626791929235631
631,FR001400D7M0,17.15432423793982
632,FR001400D8K2,22.74292512337078
633,FR001400DC98,6.258050987519641
634,FR001400DGZ7,2.267528156953066
635,FR001400DHZ5,7.612610106839893
636,FR001400DNG3,31.21637013198902
637,FR001400DNT6,5.973641970596311
638,FR001400DOV0,6.588641935713165
639,FR001400DQ84,29.608717866622612
640,FR001400DQ92,37.323147415542266
641,FR001400DT99,12.799088494611551
642,FR001400DTA3,20.78022191768632
643,FR001400DXH0,7.962259027882007
644,FR001400DZM5,0.3781620360979412
645,FR001400DZN3,7.699530038320452
646,FR001400DZO1,14.849017455615733
647,FR001400E1P5,4.072473796686048
648,FR001400E3H8,23.91662528309909
649,FR001400E797,13.833829325129479
650,FR001400E904,32.00201917309268
651,FR001400E946,16.174097536616465
652,FR001400EAY1,1.6048643096874784
653,FR001400EEX5,-3.343031118198197
654,FR001400EFP8,6.9296029952091995
655,FR001400F075,0.5397516129425792
656,FR001400F091,5.583265519767944
657,FR001400F0U6,-10.471019821391033
658,FR001400F1G3,-0.13833241158477247
659,FR001400F1I9,13.623247101216178
660,FR001400F281,4.733235190963149
661,FR001400F5F6,-2.0590551066684424
662,FR001400F5R1,8.642596519677406
663,FR001400F5S9,5.000142197165218
664,FR001400F6E7,20.901869638500965
665,FR001400F6O6,11.34514125599724
666,FR001400F6V1,34.419245316652415
667,FR001400F703,-2.011922790502318
668,FR001400FD12,5.9928315981145035
669,FR001400FDB0,30.076215041446243
670,FR001400FFW1,3.094589882008002
671,FR001400FIG8,6.51223691636524
672,FR001400FJM4,6.380953705020064
673,FR001400FXU8,1.9297381402008278
674,FR001400FZ24,5.69158610682995
675,FR001400FZ32,3.0873468661577705
676,FR001400FZ73,7.8929491435346915
677,FR001400FZ81,2.2948834137342207
678,FR001400G6Y4,19.66248747769732
679,FR001400GI73,7.60554687039121
680,IT0005321663,2.0657357358569572
681,IT0005340374,8.204395597895235
682,IT0005358491,7.272751171553601
683,IT0005365710,18.022222038678034
684,IT0005437733,1.873006104435586
685,IT0005451759,6.025865330295258
686,IT0005459067,5.884208794891811
687,IT0005461626,4.652395073083084
688,IT0005481038,4.33532293568356
689,IT0005481046,2.760346560453006
690,IT0005495889,-4.005592637781068
691,IT0005499543,9.918200798863003
692,NL0013019375,-0.8590644243456862
693,NL0013400401,3.156596506931734
694,NL00150008B6,1.599647580849143
695,NL0015000WP1,2.918877000507002
696,NL0015001BV1,6.220984647299902
697,NL0015436072,4.999346502670256
698,PTCGDCOM0037,23.381133405311253
699,PTCGDDOM0036,-15.315766107411024
700,PTCGDNOM0026,34.402009094092385
701,PTEDPNOM0015,29.870175772257443
702,PTGALCOM0013,23.385500470184603
703,SK4000015400,1.9169541120453713
704,SK4000015475,0.9781954396004973
705,SK4000016069,1.08394142996514
706,SK4000017455,5.878843721686557
707,SK4000018693,2.0546487208000985
708,SK4000020491,2.6898947367859156
709,SK4000020673,3.4236152168579874
710,SK4000021820,1.4954219759997156
711,SK4000022398,2.1075201049067087
712,SK4000022430,2.464185090687018
713,SK4120015108,3.5640080654543564
714,XS1606633912,0.4269233063863529
715,XS1614198262,6.550176445024088
716,XS1614202049,3.2949605246564264
717,XS1615085781,1.0976215590127907
718,XS1616410061,-7.501360624786978
719,XS1617845083,2.6469502019723254
720,XS1621351045,-0.7777855019008539
721,XS1622193248,2.0696533164181066
722,XS1622193321,1.3609131421591634
723,XS1627193359,8.401503884755071
724,XS1637329639,0.462879872586746
725,XS1637863546,12.932963136685128
726,XS1637863629,11.573187429058944
727,XS1639488771,19.460232212591556
728,XS1642590480,6.25668828292088
729,XS1645503621,4.153583456568312
730,XS1652855815,-2.9787429182695355
731,XS1652856540,6.836553471596915
732,XS1675764945,7.065139054771474
733,XS1676933853,4.763396792766604
734,XS1681521081,-3.7799489286931616
735,XS1685798370,4.539484607804716
736,XS1691781865,1.1116314731539099
737,XS1691909920,6.342345500965666
738,XS1692489583,2.3132223469438875
739,XS1693818285,5.501424297986955
740,XS1693818525,8.773765438286441
741,XS1706200463,16.813938006216148
742,XS1709509258,0.2453654031925283
743,XS1715306012,3.079089617410471
744,XS1716825507,-1.5661107964008245
745,XS1718316281,13.663610335406599
746,XS1719108463,-2.0339370879759646
747,XS1719154574,-4.477124128964551
748,XS1720761490,13.565564999573292
749,XS1720922175,9.155015708907602
750,XS1720947917,-3.326662425970998
751,XS1721422068,11.144507347771977
752,XS1721422902,5.554975474171471
753,XS1721423462,10.717280790960418
754,XS1722558258,0.33024427686153457
755,XS1722859532,5.137050563383542
756,XS1725524471,0.8750760423382231
757,XS1725553066,27.026581098728403
758,XS1725630740,5.948884872161628
759,XS1725677543,7.474662996030517
760,XS1727499680,6.508215141991238
761,XS1731734585,4.567613928180041
762,XS1747444245,-1.9989098396836196
763,XS1747444831,2.152630168092411
764,XS1748436190,0.8946302275527812
765,XS1748479919,0.9696302275527849
766,XS1750083229,2.587121103152278
767,XS1750986744,-2.0733731620145113
768,XS1751004232,2.9623499111068243
769,XS1752475720,5.508883847945507
770,XS1753809141,-0.0651104423543786
771,XS1755086607,-1.266193829246801
772,XS1760129608,3.494185783941261
773,XS1766477522,0.9448261190905363
774,XS1767931477,2.9582591190067706
775,XS1769040111,3.906218695816786
776,XS1769041192,-3.099062236893311
777,XS1778322351,1.4536666380850964
778,XS1788494257,6.85064930991941
779,XS1788586375,4.779686664961023
780,XS1788605936,7.797515651543732
781,XS1790961962,2.2809753937581725
782,XS1792505866,15.091272854135795
783,XS1805353734,2.3471298062348467
784,XS1807409450,11.712180885187328
785,XS1807495608,2.9822382435331654
786,XS1808482746,1.8461935192483432
787,XS1811812145,0.9499918190160674
788,XS1811812574,0.689484774455053
789,XS1815135352,7.616481764987957
790,XS1820037270,6.904918833976093
791,XS1823623878,0.49978634992340076
792,XS1828037587,20.27086733756737
793,XS1829345427,12.959300794032181
794,XS1832967019,5.1405976722654785
795,XS1839105662,3.6240057039188662
796,XS1839888754,3.102593439632221
797,XS1843448660,25.042157481990042
798,XS1845161790,-0.28352960842967023
799,XS1847692636,10.400219826069243
800,XS1856342560,1.961534782798129
801,XS1856834608,6.286223292563125
802,XS1857683335,5.159854947829195
803,XS1858912915,10.289458372249861
804,XS1861322383,11.103584116588273
805,XS1865186677,10.734773891580707
806,XS1869468808,2.4459120628663396
807,XS1871114473,-0.5064947435778304
808,XS1872032799,2.349408139803515
809,XS1872038218,3.045842625870938
810,XS1874122770,1.228529454233474
811,XS1875268689,-0.7833654273398998
812,XS1875284702,1.9822868126227302
813,XS1876076040,8.423911508304444
814,XS1876471183,2.2345264717519906
815,XS1877846110,8.612196159402309
816,XS1878191052,13.165391978900647
817,XS1878191219,9.72079566034303
818,XS1878266326,0.5391867414379279
819,XS1880870602,2.63391741146186
820,XS1881004730,2.3366233248883064
821,XS1881533563,-3.40620815622259
822,XS1882544627,12.108608131800265
823,XS1882681452,6.838803757735867
824,XS1883278183,-2.0731819754045513
825,XS1883352095,14.561783994538828
826,XS1883355601,7.948624850175329
827,XS1883911924,0.9268180245954514
828,XS1884740041,9.954799368241922
829,XS1886402814,2.888379187614203
830,XS1886403200,14.664444498232278
831,XS1886577615,7.441267269386482
832,XS1887330188,3.679924112802106
833,XS1887485032,1.9437886733968963
834,XS1890709774,4.2472863296850605
835,XS1893621026,8.600556611877419
836,XS1893631330,8.883892527051056
837,XS1893631769,12.918566515841855
838,XS1894534343,1.0805344192475972
839,XS1896660989,0.7997501402061215
840,XS1897489578,1.975218002941709
841,XS1900750107,3.421174600049479
842,XS1900752814,4.573583260006055
843,XS1900804045,-0.5058691373209915
844,XS1903442744,11.659938334684457
845,XS1908273219,-12.224127655040958
846,XS1910245676,12.320680601527016
847,XS1912654321,15.805476116464963
848,XS1917590876,12.261600339366545
849,XS1917591411,3.1795463152887997
850,XS1917808922,-0.46102562204428377
851,XS1918000107,-9.351956871772627
852,XS1933815455,3.37693346752953
853,XS1933874387,4.411934869002636
854,XS1934392413,3.038263589313755
855,XS1934743656,3.9041384137903385
856,XS1935153632,1.9273315644930207
857,XS1936186425,2.249284267971957
858,XS1936779245,1.9765109320493257
859,XS1936805776,14.922015954908263
860,XS1937665955,11.127888614933767
861,XS1942615607,0.6857263244034558
862,XS1942629061,0.7498821390122821
863,XS1943455185,2.0594519686049355
864,XS1943456829,-0.7152725987632476
865,XS1944390241,20.651445152992856
866,XS1944456109,14.288510517803196
867,XS1947550403,0.7782374277725566
868,XS1948598997,-0.3207432441387066
869,XS1948611840,-1.7175198206496312
870,XS1948612905,-4.273862168352881
871,XS1951313680,2.644255154024327
872,XS1951313763,7.221601672538021
873,XS1952576475,0.06938565503002007
874,XS1953833750,3.23932027979051
875,XS1955024713,-2.594561072435945
876,XS1955024986,4.425815807359891
877,XS1955187692,8.895708254562573
878,XS1955187775,7.074930124547153
879,XS1955187858,9.572675538851195
880,XS1956025651,8.525770644690212
881,XS1956027947,30.439213342870957
882,XS1956037664,12.132087958967823
883,XS1956955980,3.430265196790511
884,XS1956973967,1.6862288444011637
885,XS1957442541,-3.282347463079671
886,XS1960685383,-0.6942813807938484
887,XS1961126775,1.1472575091891852
888,XS1961772560,3.5254143178184
889,XS1962535644,-0.7414624552615517
890,XS1962554785,0.9287450348170765
891,XS1962595895,5.954184173490543
892,XS1963717704,1.4517486646249294
893,XS1966038249,11.250231469139448
894,XS1967635621,24.698624310466904
895,XS1967635977,13.877901881167746
896,XS1968846532,0.218981149909321
897,XS1969600748,5.837643134711442
898,XS1972548231,11.61234422437524
899,XS1974922442,9.067420925700109
900,XS1978200472,0.8461351011136745
901,XS1978200639,-0.973301941311151
902,XS1979262448,0.5598677212581684
903,XS1979446843,-8.62309018796912
904,XS1980044728,0.4233558544838579
905,XS1980270810,23.202356861535645
906,XS1981054221,14.210848430303015
907,XS1982037696,4.9162414929739695
908,XS1982107903,0.3079878008567769
909,XS1982725159,12.765169353745454
910,XS1985806600,6.06492536838707
911,XS1987097430,1.357942107590712
912,XS1987142673,7.732942107590711
913,XS1989375412,10.34675617258326
914,XS1991125896,3.2465096217474003
915,XS1991186500,1.7209516650382124
916,XS1991397545,13.274235888302655
917,XS1995620967,1.2219100583678895
918,XS1995645287,1.737346498962164
919,XS1995781546,9.095365782152129
920,XS1995795504,8.524361871388523
921,XS1998025008,1.9367756518367767
922,XS1998797663,0.6586650867066955
923,XS1999728394,1.8682753642423848
924,XS2000538343,20.025007707880018
925,XS2001737324,24.18589804305016
926,XS2001737910,21.154125363749323
927,XS2002017361,5.573687786137953
928,XS2002491780,-3.5826241220372275
929,XS2002504194,0.4962908807894566
930,XS2003442436,9.876896555137925
931,XS2003499386,2.3275137826950356
932,XS2004366287,-0.20038761995330953
933,XS2004381674,5.177834853561119
934,XS2004880832,2.806139136535734
935,XS2005607879,10.677111904860837
936,XS2007244614,-1.1626560134066495
937,XS2008921947,15.856808455559602
938,XS2009861480,16.77566738474324
939,XS2009943379,15.796536617354018
940,XS2010447238,1.4562344281599466
941,XS2013520023,0.7058951614511244
942,XS2013574038,16.06129154339103
943,XS2013745703,14.676423520311722
944,XS2014287937,4.400149551534836
945,XS2014288315,-1.0103873299845954
946,XS2014291616,15.336954776506591
947,XS2014370915,-0.9603873299845953
948,XS2014373182,0.7812034462381096
949,XS2014373851,0.49016742432725313
950,XS2015231413,23.509954081740553
951,XS2015240083,4.053751784318695
952,XS2015267953,0.6682405180852129
953,XS2016070430,4.7898406009768975
954,XS2016160777,18.630572722572353
955,XS2016228087,-8.008429228246083
956,XS2018636600,2.100706973289302
957,XS2018637913,-0.1661938886522627
958,XS2019976070,1.7919396808680421
959,XS2021467753,15.290473335669004
960,XS2021471433,5.079769853246011
961,XS2022037795,10.104789835324825
962,XS2023631489,2.5936614685778463
963,XS2023633931,10.41856164377401
964,XS2023643146,1.5412440816058068
965,XS2023644201,3.8260518146816205
966,XS2023872174,14.03913412166454
967,XS2023873149,10.894910567249278
968,XS2025468542,0.7492353316855256
969,XS2028816028,1.0055718458488425
970,XS2028899727,11.397335033149648
971,XS2029574634,21.884404482250524
972,XS2031862076,-1.8064570854621573
973,XS2033351995,4.550757382485962
974,XS2034626460,16.2355357419382
975,XS2035473748,6.532799180860262
976,XS2035474126,0.42451022958248075
977,XS2035620710,6.869980516758779
978,XS2043678841,11.584161278925915
979,XS2046595836,22.544715226876562
980,XS2047500769,-6.063089123989414
981,XS2049154078,7.212757526448185
982,XS2049419398,20.44946715229986
983,XS2049582542,7.566487843287941
984,XS2049584084,-3.3359791117556616
985,XS2049616621,-40.032483690879175
986,XS2049707180,7.584953464972419
987,XS2049769297,24.535960519033445
988,XS2049803575,1.6988122273087414
989,XS2050404636,10.038203120781352
990,XS2050404800,18.690480839572785
991,XS2050406094,14.041991679829938
992,XS2050406177,17.54416956575898
993,XS2050448336,8.144501907132607
994,XS2051032444,4.408104917748909
995,XS2051149552,23.35340418550688
996,XS2051361264,7.120978960428022
997,XS2051362072,8.441666608971747
998,XS2051362312,10.626490420411539
999,XS2051494222,5.686260126632717
1000,XS2051494495,17.313448347593457
1001,XS2051655095,7.800728472800184
1002,XS2051660335,6.430478029447254
1003,XS2051914963,10.86013474313605
1004,XS2053052895,7.082247984833799
1005,XS2053346297,2.877175355816364
1006,XS2055104785,10.081755097056641
1007,XS2055190172,12.41430853727046
1008,XS2055627538,11.111152652908793
1009,XS2055728054,7.50664272216993
1010,XS2055758804,15.699467284913846
1011,XS2055786763,1.1897558448469827
1012,XS2056376135,2.5973873021745875
1013,XS2056395606,6.697255084941725
1014,XS2056396919,9.02542312006182
1015,XS2056399855,9.741097156980986
1016,XS2056400299,7.273430748710631
1017,XS2056484889,0.008167512164537843
1018,XS2056572154,7.516767427348388
1019,XS2057069093,-0.021577298157569078
1020,XS2057069762,1.0378930639638044
1021,XS2057070182,1.9732931535676979
1022,XS2057872595,4.45015628264359
1023,XS2058729653,3.4986625955775765
1024,XS2058731717,4.048993652851695
1025,XS2058855441,4.375450493550891
1026,XS2063268754,17.707154229060798
1027,XS2063288190,2.011802414504587
1028,XS2063496546,-18.261467001002053
1029,XS2063547041,-0.5015687173814661
1030,XS2063659945,13.367033153131077
1031,XS2065601937,26.73218470969538
1032,XS2065698834,0.352302593682822
1033,XS2066392452,5.369181023089243
1034,XS2066706735,28.992640640963522
1035,XS2066706818,1.1065886309827393
1036,XS2066706909,4.32573646580643
1037,XS2068969067,2.7205068855880525
1038,XS2069304033,0.38434077259487964
1039,XS2069407786,4.958067053466401
1040,XS2075811781,0.17002973687739167
1041,XS2076079594,8.509952962265086
1042,XS2076139166,-2.550498467493428
1043,XS2078734626,8.415471072191036
1044,XS2078735276,6.159247824148704
1045,XS2079678400,12.715427387722817
1046,XS2079713322,2.1063039758396047
1047,XS2079723552,8.90415103518389
1048,XS2080205367,6.9187699077865625
1049,XS2080581189,-0.22246486787738892
1050,XS2081016763,-1.4677537499406412
1051,XS2081615473,3.626101010932997
1052,XS2082345955,5.122508907453001
1053,XS2082472122,4.6427921826317515
1054,XS2082969655,15.541548924092226
1055,XS2083301106,1.2737525396090086
1056,XS2084050637,1.2670198016910719
1057,XS2084759757,9.247740045054362
1058,XS2086868010,11.7942282268424
1059,XS2088659789,3.078048559673565
1060,XS2089229806,12.640023820500591
1061,XS2090786943,13.739383042584231
1062,XS2090807293,12.875244313183767
1063,XS2098350965,12.293511992321532
1064,XS2100569552,2.5603047621522896
1065,XS2100788780,19.389771879270292
1066,XS2101336316,2.758960235406303
1067,XS2101349723,-2.758261604295477
1068,XS2102283814,-0.01638690145153236
1069,XS2102357014,8.184569829028133
1070,XS2102357105,21.309174982400325
1071,XS2102360315,10.470903328435515
1072,XS2102924383,1.0577999152926338
1073,XS2102931594,2.3753002261277816
1074,XS2103013210,9.868376976259833
1075,XS2103014291,2.225163910852949
1076,XS2103015009,6.470361960546081
1077,XS2104915033,6.840198531036177
1078,XS2104915207,-0.3180083234268789
1079,XS2105779719,2.2324036769527984
1080,XS2106056653,0.4746466876713713
1081,XS2106563161,0.7544593591377856
1082,XS2107315470,-1.5867309505049914
1083,XS2113700921,1.8807677279993662
1084,XS2113889351,1.088342747768908
1085,XS2115092954,4.868589568523067
1086,XS2116701348,16.986703385414575
1087,XS2117452156,-3.1891148374223475
1088,XS2117454871,0.4454287186477224
1089,XS2117462627,8.230834882866919
1090,XS2118204200,3.5766040862356157
1091,XS2118213888,14.45869097835934
1092,XS2121207828,3.4501775818838016
1093,XS2121417989,5.644559349863608
1094,XS2125123039,13.827678281267326
1095,XS2125145867,-14.373247623814413
1096,XS2126169742,38.92311295029237
1097,XS2126170161,38.114825652464795
1098,XS2132337697,20.550650066413773
1099,XS2133071774,24.12111955143874
1100,XS2133077383,20.759075859746915
1101,XS2133386685,11.994091564047094
1102,XS2133390521,8.283581807666124
1103,XS2134245138,33.61757040003811
1104,XS2135797202,31.66535805611884
1105,XS2135799679,37.67055360915698
1106,XS2143036718,6.162258040886318
1107,XS2146198739,6.576607286104113
1108,XS2147889690,43.81341814950842
1109,XS2147977479,51.153108320365774
1110,XS2147977636,61.57156503607436
1111,XS2147994995,32.63427725629771
1112,XS2147995299,47.557384988439786
1113,XS2148051621,3.737604113144539
1114,XS2148390755,40.231806483301575
1115,XS2149368529,52.43392212917568
1116,XS2150006307,54.42317433452819
1117,XS2150015555,43.16451713079455
1118,XS2150054372,31.983307390923436
1119,XS2152061904,79.83215409542939
1120,XS2152062209,62.55935428214462
1121,XS2152329053,29.272112848492547
1122,XS2153406868,66.106193480878
1123,XS2154325489,53.91888638002662
1124,XS2154325562,4.892906915747861
1125,XS2154336338,46.61934996658344
1126,XS2154347293,32.13352342555964
1127,XS2155365641,16.791834798895593
1128,XS2156236296,63.88392492609613
1129,XS2156506854,23.4160451700024
1130,XS2156581394,60.55550298474381
1131,XS2156607702,22.677218070248635
1132,XS2156787090,20.477218070248643
1133,XS2156787173,21.58454257912878
1134,XS2158559539,19.54810170501983
1135,XS2160857798,-14.466083168955558
1136,XS2164646304,8.856341676370818
1137,XS2166619663,11.511125764605353
1138,XS2166754957,-1.6265798062915167
1139,XS2167002521,4.138357275347804
1140,XS2168285000,18.6486081376784
1141,XS2168625460,10.461113198031503
1142,XS2168625544,-5.61037104196391
1143,XS2168629967,16.386039686807464
1144,XS2168647357,-1.8137194345256202
1145,XS2169243479,10.845257674735015
1146,XS2171210862,7.521849042446622
1147,XS2171316859,-4.246260612245307
1148,XS2171713006,34.12901516009423
1149,XS2171875839,26.408784003228547
1150,XS2173114542,21.52091149991787
1151,XS2175967343,14.046524970579565
1152,XS2176562812,8.951558937321067
1153,XS2176686546,-1.6840774469915403
1154,XS2176710510,2.7384632179646853
1155,XS2176715584,4.349531630833374
1156,XS2176715667,2.828082368172984
1157,XS2177122541,9.598168146600614
1158,XS2177122624,18.333974835180438
1159,XS2177122897,15.524904295044596
1160,XS2177441990,21.078824629910326
1161,XS2177442295,28.003462904001346
1162,XS2177443343,44.33155846838872
1163,XS2177552390,-13.891162247497967
1164,XS2177555062,-20.71440527910262
1165,XS2178586157,77.89753139058254
1166,XS2178769159,1.2708304986530479
1167,XS2178833427,9.760052452702976
1168,XS2178833690,8.83540990855841
1169,XS2178957077,32.39458398294093
1170,XS2179959817,25.92538858053017
1171,XS2180007549,12.645363661763811
1172,XS2180009081,19.966507404027894
1173,XS2180510732,4.722363472341592
1174,XS2182404298,9.513235707243657
1175,XS2185867830,10.90918144339133
1176,XS2185867913,30.97553099912115
1177,XS2186093410,1.4689602491424236
1178,XS2187525949,-6.221065495380668
1179,XS2188805688,-1.4889437038495505
1180,XS2189592616,3.449846944444099
1181,XS2189964773,5.527816298978235
1182,XS2190134184,14.310784618119687
1183,XS2190256706,1.2118724748507201
1184,XS2190979489,29.597156440385533
1185,XS2191013171,15.248078803964626
1186,XS2191509038,3.5743871623944896
1187,XS2192431380,8.91410606995322
1188,XS2193654386,19.353165264213764
1189,XS2193733503,14.751881350542675
1190,XS2193956716,25.89048396341143
1191,XS2193978363,11.205948530463019
1192,XS2193979254,18.39503745386984
1193,XS2194370727,13.022734377165282
1194,XS2194373077,2.788487227295297
1195,XS2195092601,16.42334860899215
1196,XS2196317742,10.089747988559935
1197,XS2197342129,-3.1121230368188364
1198,XS2197356186,19.764045431489365
1199,XS2197945251,0.6093141809082847
1200,XS2199265617,10.825443050800686
1201,XS2199266003,0.8562031532340688
1202,XS2199266268,2.2325862298139234
1203,XS2199348231,6.965151129355116
1204,XS2200513070,4.125018540733018
1205,XS2202744384,8.492151819807162
1206,XS2207657417,0.6363073881856876
1207,XS2209023402,15.907714849985561
1208,XS2225207468,9.433615910433156
1209,XS2227905903,-2.3216066178536363
1210,XS2227906208,0.9598867400724078
1211,XS2228245838,24.678305037749862
1212,XS2228897158,2.6281465950274443
1213,XS2230266301,11.056288586917468
1214,XS2230884657,13.958467550957675
1215,XS2231183646,21.74858348753034
1216,XS2231259305,1.5930064532446515
1217,XS2231267829,17.676557895446443
1218,XS2231792586,31.173637548283114
1219,XS2234568983,2.143540012812889
1220,XS2234573710,5.565524294753451
1221,XS2234579675,6.838018644522147
1222,XS2234711294,2.553457115434662
1223,XS2235986929,5.492679879040703
1224,XS2235987224,0.36566238775555604
1225,XS2235996217,9.019869870602939
1226,XS2236283383,32.55190021085729
1227,XS2236363573,4.314989460798493
1228,XS2237321190,1.583024479609137
1229,XS2237447961,-50.5648667627918
1230,XS2237901355,11.988035101589512
1231,XS2238292010,1.5009811001898952
1232,XS2238342484,17.49668409701171
1233,XS2239067379,18.8976854549515
1234,XS2240063730,2.930202652654582
1235,XS2240494471,16.077290086661733
1236,XS2240505268,7.29691652558133
1237,XS2240511076,0.8526966749962779
1238,XS2241387096,-14.558976492331004
1239,XS2241387252,22.214494702162252
1240,XS2242747181,15.635030381318934
1241,XS2242747348,13.43083790662123
1242,XS2243666125,10.167195551852508
1243,XS2243983520,12.904139440038382
1244,XS2247718435,8.611324905120028
1245,XS2248827771,22.615410324805314
1246,XS2251233651,6.731673235550861
1247,XS2257857834,1.0792244344886608
1248,XS2258389415,-1.7225361208819967
1249,XS2259776230,0.5646656471213705
1250,XS2259867039,8.0754430292567
1251,XS2260183285,-0.2152611864337308
1252,XS2261215011,3.5660714244542326
1253,XS2262065159,3.330459659128627
1254,XS2262798494,4.9982293644868925
1255,XS2262802601,1.7486380717626746
1256,XS2264978623,3.360141363236773
1257,XS2265371042,9.436022625943005
1258,XS2265801238,26.792426824215404
1259,XS2265968284,1.8573349364319167
1260,XS2268340010,2.630000195981191
1261,XS2270406452,5.269305014363786
1262,XS2275029085,8.394947026230884
1263,XS2281342878,-0.45579902496124625
1264,XS2281343256,4.643311645920322
1265,XS2281343413,0.5751334467171425
1266,XS2281473111,4.588191677624656
1267,XS2282093769,6.154704326762274
1268,XS2282094494,5.890633973180316
1269,XS2282095970,11.542421114788011
1270,XS2282101539,3.306721386481476
1271,XS2282210231,9.86969469295015
1272,XS2282707178,4.988773390708919
1273,XS2283188683,15.133220208399635
1274,XS2286441964,-3.2207887795652104
1275,XS2286442186,0.9917397264309358
1276,XS2287624584,10.983253435953461
1277,XS2288925568,6.331743457465736
1278,XS2288948859,1.330310384362407
1279,XS2289133915,-10.00725059321004
1280,XS2289408440,9.669363418472585
1281,XS2289593670,1.11709090818168
1282,XS2289797248,11.877080923202573
1283,XS2291788656,-0.6293966644564867
1284,XS2291901994,1.059057751827976
1285,XS2292486771,12.388745849357937
1286,XS2292487076,18.72231266889215
1287,XS2297177664,1.944735877073211
1288,XS2297549391,9.542711912770589
1289,XS2297882644,6.339406398185697
1290,XS2298304499,-0.2861925803339893
1291,XS2299001888,3.053102571167976
1292,XS2300292617,3.294128601447051
1293,XS2301390089,33.0706421522075
1294,XS2303052695,5.0624554819637675
1295,XS2303089697,5.006928091276149
1296,XS2303927227,5.332568126041283
1297,XS2304340263,9.827736781701015
1298,XS2306220190,6.213626568301625
1299,XS2306851853,11.239686907440475
1300,XS2307573993,7.727018518941271
1301,XS2307863642,6.596564452831854
1302,XS2307863998,8.572784026719013
1303,XS2308298962,4.4481061419795305
1304,XS2308321962,10.620651329498392
1305,XS2308322002,25.39403211132283
1306,XS2308586911,6.171004025036738
1307,XS2308616841,7.851483810360831
1308,XS2311407352,16.708860481900793
1309,XS2312584779,1.3003482015366443
1310,XS2314267449,4.52468248778824
1311,XS2317288301,6.436225529526336
1312,XS2320438653,7.7773873145289345
1313,XS2320453884,7.932698385589703
1314,XS2320459063,24.929544166603964
1315,XS2320539765,1.9163258113515123
1316,XS2320789014,2.282636818089854
1317,XS2322289385,15.511593360774128
1318,XS2322438990,6.374742957539134
1319,XS2323295563,0.8184034037213648
1320,XS2324321285,10.712677307193005
1321,XS2324321368,-0.5966880231431577
1322,XS2324405203,1.6588136129393116
1323,XS2324836878,-3.6497310216413297
1324,XS2325743990,25.61565354471098
1325,XS2326546434,1.9884372254567957
1326,XS2327298217,3.0017428397876693
1327,XS2327299298,10.14094446868182
1328,XS2327420977,7.4873914950278575
1329,XS2328418186,5.3740420239659645
1330,XS2328625723,2.0241782591787816
1331,XS2328980979,14.135831675758704
1332,XS2328981431,14.401183818793644
1333,XS2329143510,5.726252763171422
1334,XS2329144591,12.722790169017276
1335,XS2331216577,4.204734467835774
1336,XS2331315635,5.927822585618628
1337,XS2332179725,2.837193242763935
1338,XS2332186001,7.018798450149325
1339,XS2332552541,22.60359290378973
1340,XS2332689681,8.043369687812977
1341,XS2332689764,6.4788860357914295
1342,XS2337335710,2.5694662698953734
1343,XS2338355014,2.8667226680105715
1344,XS2338955805,10.208828075479932
1345,XS2340854848,1.5550479813808566
1346,XS2341269970,7.6986076149300375
1347,XS2341719503,-2.2990751458182137
1348,XS2342058117,4.015467431977911
1349,XS2342227837,8.753942023522068
1350,XS2342589582,3.8054437714507228
1351,XS2342706996,10.428908682296774
1352,XS2343540519,3.651203437964009
1353,XS2343821794,3.323250874118305
1354,XS2343822503,2.8334556881181183
1355,XS2343822842,6.597247574465012
1356,XS2343850033,1.5521221362794237
1357,XS2344569038,5.1435162728143276
1358,XS2344735811,8.557745988568763
1359,XS2345315142,3.0090715951454747
1360,XS2345317510,6.371462356295658
1361,XS2345982362,5.83702331180097
1362,XS2345996743,8.811688616221641
1363,XS2346124410,4.327700867569023
1364,XS2346986990,4.389070667332116
1365,XS2347367018,-2.0110282221433367
1366,XS2348030268,2.561477840031543
1367,XS2348030425,9.009532731891282
1368,XS2348325221,3.69914995165639
1369,XS2348325650,6.259980763423822
1370,XS2348408514,14.538320718418555
1371,XS2348638433,6.248356486729095
1372,XS2349343090,7.261629391643456
1373,XS2350621863,-0.7965901200913792
1374,XS2350632472,9.15152909867668
1375,XS2350744434,2.659079695576091
1376,XS2350746215,-0.5909224503716404
1377,XS2351089508,0.16102763515678883
1378,XS2351092478,4.983960460059741
1379,XS2351220814,17.926181582027965
1380,XS2353182020,6.11891108465746
1381,XS2353182293,4.564641361691279
1382,XS2353182376,9.165477758785679
1383,XS2353312254,1.2792847252387665
1384,XS2353366268,3.067197699498787
1385,XS2353478063,6.1276694124762265
1386,XS2354246816,8.078444040098447
1387,XS2354444023,8.958010117750499
1388,XS2354444379,4.944991738997875
1389,XS2354569407,7.321273900238688
1390,XS2355599197,5.265323967243256
1391,XS2355632741,14.845369835822229
1392,XS2356029541,11.280238084829406
1393,XS2356030556,2.423793792434064
1394,XS2356040357,-2.220345762850717
1395,XS2356041165,0.020137826587790286
1396,XS2356076625,16.725499575056553
1397,XS2357205587,7.945933723968546
1398,XS2358231798,6.290711592907435
1399,XS2358287238,3.2877280876806534
1400,XS2360041474,11.626413546248195
1401,XS2360310044,10.844023480309772
1402,XS2360589217,2.9053529655013564
1403,XS2360599281,3.6550445056901903
1404,XS2360881549,7.763173065784379
1405,XS2361358299,10.97874459645654
1406,XS2363117321,6.309344392931411
1407,XS2363719050,9.988046384931856
1408,XS2364001078,12.411920094402618
1409,XS2365097455,17.079734733348594
1410,XS2366741770,10.064204799110438
1411,XS2374594823,3.921157680190937
1412,XS2374595044,6.410205054789912
1413,XS2374595127,6.971788016617669
1414,XS2379637767,17.445992588676216
1415,XS2381362966,-1.3838945466407322
1416,XS2381560411,4.128009834792612
1417,XS2381599898,5.915533766392651
1418,XS2381853279,11.662934153818453
1419,XS2381853436,8.691704109792724
1420,XS2382849888,17.49213382245609
1421,XS2382953789,11.431263773310484
1422,XS2383886947,1.4076551744357513
1423,XS2384269101,11.856450175027547
1424,XS2384273715,1.977062689825435
1425,XS2384274440,6.9509415012064455
1426,XS2384413311,6.219197836791023
1427,XS2384580218,1.9783502071120698
1428,XS2384697830,6.700481570967428
1429,XS2384734542,9.414783797984935
1430,XS2385790667,7.3656938282580295
1431,XS2386592302,2.2028498006930106
1432,XS2386592484,-1.0594867736540499
1433,XS2386592567,-2.3241634957743322
1434,XS2387060259,10.912794008734483
1435,XS2388084480,20.24145400904715
1436,XS2388390507,2.626117339105064
1437,XS2388449758,5.968928578409088
1438,XS2388876232,19.923617905987516
1439,XS2389757944,8.275301155572965
1440,XS2390400716,3.4562506495359906
1441,XS2390400807,14.999552880916898
1442,XS2390530330,12.155744602190978
1443,XS2390837495,2.8021029316971156
1444,XS2391343196,2.1029385485229586
1445,XS2391348740,11.832560583949371
1446,XS2391406530,9.4160030885967
1447,XS2391570418,1.5786627824609538
1448,XS2392593161,4.446958896130895
1449,XS2393080077,7.23757770933538
1450,XS2393236000,-1.666755560093863
1451,XS2393518910,0.3476858376646449
1452,XS2393661397,3.679954707835165
1453,XS2393701284,7.259403198030142
1454,XS2393701953,12.985963776298545
1455,XS2393768788,4.62873329187787
1456,XS2396616455,0.8983300378992966
1457,XS2397077426,0.020119129004190855
1458,XS2397239000,19.900971972550884
1459,XS2397252011,14.245334338206128
1460,XS2397252102,15.757764429397772
1461,XS2398745849,14.357222553188034
1462,XS2398745922,15.755812723233225
1463,XS2398746144,14.311310538655153
1464,XS2398807383,10.360981164728049
1465,XS2400445289,10.002242544034777
1466,XS2400997131,8.469472344002991
1467,XS2402009539,11.134401055480204
1468,XS2402064559,6.571836897864345
1469,XS2402178300,-3.2662173873014217
1470,XS2403444677,3.6128137230271395
1471,XS2403533263,3.9568601334507965
1472,XS2404027935,7.861611412953363
1473,XS2404213485,-3.3966238168708807
1474,XS2404591161,1.3180537648295299
1475,XS2404629235,7.070040920962559
1476,XS2404651163,2.7924188410206146
1477,XS2405875480,6.007604270541494
1478,XS2406010285,6.951944531486125
1479,XS2406549464,27.27693408742461
1480,XS2406578059,1.4052537377786094
1481,XS2406913884,8.953463601424462
1482,XS2406914346,6.619517353252242
1483,XS2406915236,5.045664673778417
1484,XS2407010656,3.2582822490198153
1485,XS2407027031,23.46815557462416
1486,XS2407969885,14.026069157756506
1487,XS2407985220,3.799551259791855
1488,XS2409134371,11.410199467837066
1489,XS2410368042,13.765779713504237
1490,XS2411166973,12.949388984872801
1491,XS2411311579,6.970078278057141
1492,XS2411311652,12.227715576622092
1493,XS2411638575,0.985076369049117
1494,XS2411726438,13.105478408231324
1495,XS2412044567,17.262730344843664
1496,XS2412044641,31.81329432221915
1497,XS2412258522,31.954295298377186
1498,XS2412556461,8.690221610423595
1499,XS2414830963,2.7419864294543856
1500,XS2415386726,17.099873705387377
1501,XS2416563901,3.6957381164043994
1502,XS2418730995,-0.06706276951683199
1503,XS2421006201,10.664428085556102
1504,XS2421186268,2.641575749009942
1505,XS2421195848,9.438398475535042
1506,XS2430284930,4.965283990121323
1507,XS2430285077,10.123051375366693
1508,XS2430287362,-1.4115140979570917
1509,XS2430951744,2.5386166695462906
1510,XS2430970884,10.134889077588324
1511,XS2430998893,13.107215078419271
1512,XS2431318711,18.469396851704364
1513,XS2431318802,24.283264797158576
1514,XS2432293673,14.52065518340058
1515,XS2432293756,12.795865062985708
1516,XS2432293913,8.34433946851742
1517,XS2432502008,1.871094754581261
1518,XS2432530637,16.999964200270885
1519,XS2432544349,16.759974448932894
1520,XS2432565005,13.585970231309322
1521,XS2432565187,15.881670859497447
1522,XS2432567555,16.695122565714783
1523,XS2433126807,3.922656160552964
1524,XS2433135543,18.385625681314707
1525,XS2433206740,1.8715794962291843
1526,XS2433240764,3.6045907646358653
1527,XS2433361719,9.992791136614233
1528,XS2434763483,16.99689255517604
1529,XS2434791690,10.46037328499646
1530,XS2435783613,4.465918274350889
1531,XS2436159847,2.710580274769873
1532,XS2436160779,29.154592732505463
1533,XS2436160936,2.2408267321163184
1534,XS2437455277,5.796250990411745
1535,XS2438615606,2.733537388943957
1536,XS2438616240,11.040424990987438
1537,XS2439004412,16.797650282009062
1538,XS2440678915,12.103618182358097
1539,XS2440690456,9.154502860246923
1540,XS2441244535,13.510543031570458
1541,XS2441247041,6.1458170594811685
1542,XS2441574089,11.85620729227271
1543,XS2442768227,12.046035442047712
1544,XS2443485565,13.113964372261073
1545,XS2443893255,17.907505461289908
1546,XS2444281260,13.028131306079212
1547,XS2444286145,11.370544474761466
1548,XS2444424639,4.230077719591319
1549,XS2446284783,7.350072608590809
1550,XS2447539060,22.78777280989888
1551,XS2447561403,6.513116118239
1552,XS2447564332,7.788291936883856
1553,XS2447983813,15.540552255362709
1554,XS2448001813,25.545533747520498
1555,XS2448014808,16.69350089822719
1556,XS2448335351,-0.5073584780690776
1557,XS2449330179,4.942947018254681
1558,XS2449911143,13.688273394752988
1559,XS2450391581,4.861651858309211
1560,XS2451372499,6.0663898181019675
1561,XS2454011839,4.460635776389948
1562,XS2456253082,1.0698732082076137
1563,XS2457002538,4.325283395471981
1564,XS2459163619,8.76765995022714
1565,XS2459544339,16.423745041174556
1566,XS2460043743,3.109026597982136
1567,XS2461741212,3.3354246238675556
1568,XS2462455689,7.480793871852635
1569,XS2462466611,21.284099024029178
1570,XS2462468740,28.2677386662129
1571,XS2463505581,15.855373703161021
1572,XS2463518998,5.702813717538763
1573,XS2463702907,3.677951472814968
1574,XS2463711643,18.041760395596565
1575,XS2463934864,28.38004292995297
1576,XS2463967286,2.529607891684134
1577,XS2463974571,9.321687110238335
1578,XS2464091029,4.8887332270592845
1579,XS2464405229,9.986414053556624
1580,XS2465142755,3.477180764984905
1581,XS2465609191,2.3918800094843866
1582,XS2466350993,17.237458927921402
1583,XS2468129429,1.1955000963300382
1584,XS2468221747,3.39872136431698
1585,XS2471770862,33.94350458568437
1586,XS2472603740,3.6513838794253277
1587,XS2472651632,-0.13036795563789597
1588,XS2473715675,15.496451274098638
1589,XS2475502832,28.630586208351428
1590,XS2477154871,18.451213885018213
1591,XS2477935345,22.309361201603807
1592,XS2478272938,2.649803401760412
1593,XS2478299204,19.547133784552464
1594,XS2478299386,17.608453029299778
1595,XS2478521151,0.8780321228070926
1596,XS2478685931,2.9415809175440515
1597,XS2478690931,4.565279096041627
1598,XS2479941499,5.717609511254767
1599,XS2479941572,10.304254314074974
1600,XS2480543102,10.228886166148442
1601,XS2480958904,5.93071351170522
1602,XS2481285349,0.9034806406651327
1603,XS2482618464,11.145286275466171
1604,XS2482628851,-4.089716626328241
1605,XS2484111047,9.225026358974354
1606,XS2484327999,6.146190036557798
1607,XS2484339499,8.203996825157887
1608,XS2484340075,18.266459214408645
1609,XS2484586669,23.60730783747619
1610,XS2485152362,6.867209071889778
1611,XS2485162163,-0.6192745474615663
1612,XS2485265214,4.3186553155342935
1613,XS2485537828,54.94014292569334
1614,XS2485553866,-8.93345796882168
1615,XS2486282358,13.689721900517538
1616,XS2486449072,2.7864126860394247
1617,XS2486461010,9.863817821492795
1618,XS2486461283,12.381750495299462
1619,XS2486461523,2.7251516219961
1620,XS2486839298,11.959055605187826
1621,XS2487016250,2.3509199791967847
1622,XS2487770104,1.6420830486196907
1623,XS2488626610,27.406876098198122
1624,XS2488626883,40.41064043948564
1625,XS2488800405,1.117488095352035
1626,XS2489627047,30.98553970297539
1627,XS2489775580,2.2514516688702564
1628,XS2490471807,15.860569059172311
1629,XS2490472102,10.499322775021591
1630,XS2491074923,4.3234908765840805
1631,XS2491542374,-4.898757814231894
1632,XS2491542457,-12.41737786577448
1633,XS2491738352,27.66385028465846
1634,XS2491738949,12.839120483350419
1635,XS2491963638,22.82250079338468
1636,XS2493830827,1.298490876584085
1637,XS2496028502,17.79189765228957
1638,XS2496028924,4.851163520577261
1639,XS2498042584,30.90300179494963
1640,XS2498470116,1.4149674986979288
1641,XS2498554992,22.974023361021388
1642,XS2500847657,7.461362098158259
1643,XS2502844116,0.8722296355900898
1644,XS2510903862,23.294920986596807
1645,XS2511906310,20.454858172250276
1646,XS2521013909,26.070988064155983
1647,XS2521027446,31.520458474347876
1648,XS2521820048,19.889323483302018
1649,XS2523326853,2.3153016449158583
1650,XS2523390271,36.969382599643275
1651,XS2524675050,0.831933594427877
1652,XS2525157470,14.116025382445569
1653,XS2525226622,29.305182188881226
1654,XS2525255647,8.358622928763047
1655,XS2526825463,6.707976363688712
1656,XS2526835694,22.274519062091226
1657,XS2526839258,4.255810906921445
1658,XS2526839761,9.354432395951214
1659,XS2526860965,9.490202822559752
1660,XS2526882001,4.52550955261884
1661,XS2527319979,26.748445033275516
1662,XS2527786755,18.385558047900254
1663,XS2528155893,55.377246018254425
1664,XS2528170777,11.123740429969782
1665,XS2528311348,14.206468754879177
1666,XS2528323780,16.4723922499743
1667,XS2528341766,20.633105938316397
1668,XS2528858033,2.1047032814592077
1669,XS2530034649,19.025427893674834
1670,XS2530443659,7.763691735432799
1671,XS2530444624,1.1209526331576143
1672,XS2530506752,12.034604982443705
1673,XS2531420656,14.90485123488268
1674,XS2531420730,22.761161451867906
1675,XS2531438351,2.6787046504002383
1676,XS2531479462,10.562996209620195
1677,XS2531567753,7.710530206313033
1678,XS2531803828,1.940474867891836
1679,XS2531929094,9.067738015876026
1680,XS2532312548,22.534363046613446
1681,XS2532376949,1.6233172121454493
1682,XS2533012790,22.4913710508856
1683,XS2534276717,3.6211668469099285
1684,XS2534785865,12.777450393931234
1685,XS2534891978,12.548876630532458
1686,XS2534984716,3.185632740089333
1687,XS2535484526,19.012388371229726
1688,XS2536375368,8.290693173153992
1689,XS2536376416,1.1298665542010968
1690,XS2536431617,21.867224607534837
1691,XS2536730448,10.768489590544277
1692,XS2536806289,5.3680146385300045
1693,XS2536938439,2.865285654156404
1694,XS2537097409,2.9139699300329633
1695,XS2538366878,7.157159681161877
1696,XS2540585564,38.84074998610451
1697,XS2540993172,12.5837262123652
1698,XS2541314584,1.9524507021960782
1699,XS2541853532,3.8839144010644926
1700,XS2542914986,22.472707244961324
1701,XS2544400786,28.392888366125867
1702,XS2544624112,3.623536071119599
1703,XS2544645117,1.6974391314020363
1704,XS2545206166,-0.11799669087548754
1705,XS2545247863,12.62407160530756
1706,XS2545248242,16.470637094842605
1707,XS2545259876,-17.801527593972196
1708,XS2545263399,8.968530059606934
1709,XS2545425980,13.412373340347242
1710,XS2546781555,13.271440938453113
1711,XS2547609433,6.301328930152988
1712,XS2547936984,14.835293043102372
1713,XS2549702475,3.8092707017871565
1714,XS2550081454,17.34547489700341
1715,XS2550557800,8.421175688622624
1716,XS2550909415,7.429686881039518
1717,XS2551280436,9.545868365755954
1718,XS2552362704,18.88639912695933
1719,XS2553798443,16.563254925477068
1720,XS2554488978,-11.592300911834718
1721,XS2555178644,-7.740290567721454
1722,XS2555179378,-13.878602414668748
1723,XS2555192710,-0.6147480511093496
1724,XS2555196463,0.7669037153661962
1725,XS2555198089,1.8623565733780678
1726,XS2555198162,-2.925782014356227
1727,XS2555209381,6.3272094953032845
1728,XS2555218291,12.424943020273819
1729,XS2555925218,30.246240873584288
1730,XS2556223233,0.9902164764840293
1731,XS2557551889,5.061107336190131
1732,XS2558395278,1.742712952741113
1733,XS2558395351,7.073601498072121
1734,XS2558574104,-4.210599229081475
1735,XS2558916693,-0.8351189492079083
1736,XS2558953621,-5.633525977706122
1737,XS2558966953,-7.5860976499089485
1738,XS2558972415,-15.294802220881827
1739,XS2559453431,7.472017452792066
1740,XS2560411543,23.103986470415432
1741,XS2560673662,2.5513611504194817
1742,XS2560753936,9.22692003022578
1743,XS2563002653,8.556570086393329
1744,XS2563348361,36.026982875442386
1745,XS2565831943,6.389627455544212
1746,XS2570759154,0.5154785205716573
1747,XS2572298409,1.8195089006361103
1748,XS2572496623,5.759343501534615
1749,XS2572989650,-2.384414011958054
1750,XS2572989817,3.808311494966241
1751,XS2572996606,2.0662775781504674
1752,XS2573569220,-2.2344357260430203
1753,XS2573569576,4.087228316092581
1754,XS2573712044,6.8103653196196445
1755,XS2574873183,-3.918096831849919
1756,XS2574873266,8.696459526993742
1757,XS2575555938,-23.719774298511926
1758,XS2575556589,3.718286179369402
1759,XS2575952424,-2.9235539736583567
1760,XS2575952697,8.988107886942853
1761,XS2575952853,-6.672434215146128
1762,XS2575952937,-2.4046947482015786
1763,XS2575971994,-0.29537766306333846
1764,XS2575973776,6.935075127920413
1765,XS2576067081,5.820550796183789
1766,XS2576255249,0.3652196550824829
1767,XS2576362839,15.641129685244097
1768,XS2577053825,8.18577842184419
1769,XS2577054716,3.7238630222999305
1770,XS2577127884,-2.9616088852351887
1771,XS2577384691,-18.99695568440274
1772,XS2577396430,-5.340973947991458
1773,XS2577572188,-25.760001079643878
1774,XS2579199865,5.593062533497491
1775,XS2579324869,7.346598156961877
1776,XS2579606927,2.435042803613737
1777,XS2580224082,7.2863346811752345
1778,XS2582112947,7.680776316037777
1779,XS2582195207,6.101129122417599
1780,XS2582814039,12.685155711807866
1781,XS2582860909,-5.837275879941582
1782,XS2583205906,28.448172059488197
1783,XS2583352443,11.57121968299862
1784,XS2583600791,-4.236532657516287
1785,XS2583741934,13.019093981276884
1786,XS2583742239,-3.271835551065795
1787,XS2584643113,7.613490713918103
1788,XS2584685031,8.535792142011768
1789,XS2584685387,10.798828620872397
1790,XS2585239200,22.74285333286293
1791,XS2585977882,12.292047662857524
1792,XS2586128170,9.927087009855214
1793,XS2586739729,14.799238674360613
1794,XS2587352340,6.6773204626061
1795,XS2588099478,3.428928104655851
1796,XS2589260723,3.9175096150624498
1797,XS2589260996,-7.012486869403272
1798,XS2589317697,2.28010961717656
1799,XS2589367528,4.34548309383004
1800,XS2589712996,11.661793842722295
1801,XS2589713614,10.899861115430914
1802,XS2589828941,10.939191644090572
1803,XS2589907653,1.1592942786486162
1804,XS2591026856,30.063295786579797
1805,XS2591029876,14.577818304375972
1806,XS2591032235,12.686388884701712
1807,XS2592240712,16.630783012737716
1808,XS2593105393,13.279932735335361
1809,XS2593105476,11.486059219565817
1810,XS2595029344,12.707024462303808
1811,XS2595410775,13.36109179679118
1812,XS2595412631,3.231096907586192
1813,XS2595418166,10.704631742165375
1814,XS2595418596,7.342014826851041
1815,XS2595418679,19.27697043184827
1816,XS2596528716,8.474969770911196
1817,XS2597408272,2.8205069518355264
1818,XS2597408439,4.470165043759389
1819,XS2597740476,9.49139150082309
1820,XS2597905905,3.925584100425769
1821,XS2597919013,4.359372113981357
1822,XS2597991988,54.409752950633255
1823,XS2598332133,0.4376744847691801
1824,XS2598649254,-4.378891711001713
1825,XS2599169922,4.474009936538486
1826,XS2599730822,1.917954034804083
1827,XS2599731473,4.876557589287358
1828,XS2599779597,-2.8319622802555195
